customer_id,age,gender,city,signup_date,customer_segment,
C00001,59,Female,Pune,08-04-2023,Budget,
C00002,62,Male,Bengaluru,27-04-2025,Budget,
C00003,53,Female,Mumbai,17-12-2024,Budget,
C00004,24,Female,Hyderabad,25-04-2024,Regular,
C00005,29,Female,Guntur,19-04-2024,Regular,
C00006,28,Male,Mumbai,29-07-2025,Budget,18
C00007,25,Male,Bengaluru,05-04-2023,Premium,64
C00008,26,Female,Kolkata,02-02-2025,Budget,
C00009,32,Male,Vijayawada,09-08-2023,Regular,
C00010,44,Other,Vijayawada,14-04-2023,Premium,0
C00011,36,Female,Bengaluru,30-07-2024,Regular,0
C00012,37,Male,Ahmedabad,04-12-2025,Budget,0
C00013,29,Male,Mumbai,16-03-2025,Premium,0
C00014,25,Female,Guntur,13-04-2025,Regular,0
C00015,64,Male,Kolkata,24-02-2025,Budget,
C00016,46,Female,Ahmedabad,10-05-2025,Budget,
C00017,28,Male,Guntur,15-07-2024,Premium,
C00018,56,Male,Guntur,21-05-2023,Budget,
C00019,57,Male,Bengaluru,08-07-2025,Regular,
C00020,63,Female,Ahmedabad,08-05-2024,Budget,
C00021,25,Other,Bengaluru,01-07-2024,Budget,
C00022,48,Female,Vijayawada,11-02-2024,Premium,
C00023,64,Female,Kolkata,19-07-2023,Premium,
C00024,55,Female,Bengaluru,11-10-2025,Budget,
C00025,28,Male,Chennai,05-05-2025,Budget,
C00026,59,Female,Guntur,06-12-2024,Regular,
C00027,37,Female,Kolkata,16-03-2024,Regular,
C00028,40,Male,Chennai,19-06-2025,Regular,
C00029,44,Other,Guntur,20-08-2024,Budget,
C00030,54,Male,Ahmedabad,30-04-2024,Premium,
C00031,23,Male,Hyderabad,08-05-2024,Budget,
C00032,43,Female,Chennai,06-09-2023,Budget,
C00033,56,Female,Guntur,11-04-2023,Budget,
C00034,43,Male,Mumbai,30-08-2024,Budget,
C00035,30,Female,Hyderabad,30-08-2025,Regular,
C00036,20,Male,Kolkata,11-03-2023,Budget,
C00037,43,Female,Guntur,28-07-2025,Regular,
C00038,51,Female,Pune,25-06-2025,Regular,
C00039,43,Male,Vijayawada,31-10-2023,Budget,
C00040,64,Female,Bengaluru,22-11-2024,Premium,
C00041,46,Female,Kolkata,30-06-2023,Regular,
C00042,41,Female,Kolkata,10-04-2025,Budget,
C00043,20,Male,Vijayawada,06-02-2025,Budget,
C00044,44,Male,Pune,24-01-2024,Regular,
C00045,25,Female,Guntur,16-03-2023,Regular,
C00046,52,Female,Bengaluru,28-11-2025,Regular,
C00047,25,Female,Hyderabad,03-05-2024,Regular,
C00048,60,Female,Ahmedabad,04-09-2025,Budget,
C00049,32,Female,Hyderabad,12-01-2025,Premium,
C00050,38,Male,Guntur,02-05-2025,Budget,
C00051,24,Female,Hyderabad,12-04-2025,Budget,
C00052,27,Female,Kolkata,02-08-2023,Regular,
C00053,61,Male,Delhi,03-02-2024,Budget,
C00054,31,Male,Kolkata,26-05-2024,Regular,
C00055,42,Female,Kolkata,29-06-2024,Budget,
C00056,64,Female,Delhi,17-02-2023,Regular,
C00057,47,Female,Delhi,21-08-2024,Regular,
C00058,19,Male,Pune,18-06-2023,Regular,
C00059,34,Other,Kolkata,24-03-2025,Regular,
C00060,36,Male,Ahmedabad,17-01-2025,Budget,
C00061,30,Male,Delhi,07-10-2025,Regular,
C00062,29,Other,Mumbai,26-03-2025,Regular,
C00063,41,Female,Hyderabad,06-02-2024,Regular,
C00064,35,Female,Ahmedabad,25-11-2025,Budget,
C00065,31,Female,Chennai,25-03-2024,Budget,
C00066,37,Female,Delhi,23-12-2023,Regular,
C00067,34,Male,Vijayawada,18-09-2025,Regular,
C00068,28,Male,Ahmedabad,10-02-2024,Regular,
C00069,39,Female,Mumbai,25-03-2023,Premium,
C00070,62,Female,Delhi,29-05-2024,Regular,
C00071,41,Male,Mumbai,21-05-2025,Regular,
C00072,46,Male,Kolkata,27-07-2023,Regular,
C00073,64,Male,Bengaluru,21-05-2024,Budget,
C00074,46,Male,Vijayawada,23-05-2023,Regular,
C00075,28,Female,Vijayawada,21-01-2025,Regular,
C00076,36,Male,Chennai,04-06-2024,Budget,
C00077,40,Male,Chennai,28-12-2023,Budget,
C00078,40,Female,Pune,06-09-2023,Regular,
C00079,25,Female,Kolkata,10-09-2024,Regular,
C00080,22,Male,Kolkata,03-01-2025,Budget,
C00081,34,Male,Hyderabad,26-10-2025,Budget,
C00082,60,Male,Ahmedabad,23-04-2024,Budget,
C00083,51,Male,Hyderabad,25-06-2023,Regular,
C00084,57,Male,Mumbai,30-06-2025,Premium,
C00085,26,Male,Ahmedabad,20-11-2024,Premium,
C00086,37,Male,Guntur,05-02-2025,Regular,
C00087,45,Male,Kolkata,17-04-2023,Budget,
C00088,38,Male,Bengaluru,09-12-2023,Budget,
C00089,37,Female,Kolkata,20-04-2025,Regular,
C00090,34,Male,Hyderabad,30-06-2025,Regular,
C00091,20,Male,Chennai,21-04-2024,Regular,
C00092,58,Female,Bengaluru,31-05-2025,Budget,
C00093,61,Male,Vijayawada,10-07-2025,Premium,
C00094,21,Female,Mumbai,29-02-2024,Budget,
C00095,37,Female,Pune,10-09-2025,Regular,
C00096,42,Female,Ahmedabad,12-11-2023,Premium,
C00097,54,Male,Vijayawada,20-09-2023,Regular,
C00098,64,Female,Vijayawada,17-01-2025,Regular,
C00099,37,Female,Bengaluru,28-11-2024,Regular,
C00100,53,Male,Mumbai,03-06-2023,Regular,
C00101,62,Male,Delhi,30-06-2025,Regular,
C00102,57,Male,Ahmedabad,07-08-2023,Regular,
C00103,31,Female,Mumbai,31-05-2025,Regular,
C00104,56,Male,Chennai,09-01-2023,Regular,
C00105,37,Male,Ahmedabad,22-05-2025,Regular,
C00106,18,Female,Delhi,11-05-2025,Regular,
C00107,53,Female,Ahmedabad,04-05-2025,Regular,
C00108,57,Male,Mumbai,29-12-2024,Budget,
C00109,34,Male,Delhi,31-05-2024,Regular,
C00110,39,Male,Hyderabad,11-02-2025,Premium,
C00111,35,Female,Hyderabad,31-10-2023,Budget,
C00112,23,Male,Hyderabad,04-05-2025,Budget,
C00113,64,Female,Bengaluru,31-08-2024,Budget,
C00114,19,Male,Mumbai,17-05-2024,Regular,
C00115,44,Male,Hyderabad,07-07-2024,Budget,
C00116,18,Male,Bengaluru,14-09-2024,Regular,
C00117,50,Male,Guntur,10-02-2023,Budget,
C00118,60,Female,Guntur,03-06-2023,Budget,
C00119,48,Female,Chennai,26-09-2023,Budget,
C00120,46,Male,Vijayawada,06-05-2023,Budget,
C00121,56,Female,Bengaluru,26-04-2024,Regular,
C00122,63,Male,Hyderabad,01-01-2025,Premium,
C00123,58,Female,Mumbai,17-12-2024,Regular,
C00124,28,Male,Chennai,30-05-2024,Premium,
C00125,44,Female,Hyderabad,25-07-2025,Budget,
C00126,56,Male,Guntur,10-09-2024,Premium,
C00127,31,Female,Vijayawada,28-03-2023,Regular,
C00128,49,Female,Chennai,17-04-2025,Regular,
C00129,19,Female,Mumbai,21-09-2024,Regular,
C00130,59,Female,Ahmedabad,26-11-2024,Budget,
C00131,46,Male,Vijayawada,11-09-2024,Budget,
C00132,52,Female,Chennai,29-08-2024,Budget,
C00133,56,Male,Kolkata,10-04-2023,Regular,
C00134,28,Female,Hyderabad,04-09-2024,Regular,
C00135,39,Male,Pune,20-05-2025,Premium,
C00136,58,Male,Vijayawada,29-11-2023,Budget,
C00137,25,Female,Delhi,22-10-2024,Regular,
C00138,56,Male,Kolkata,03-02-2023,Regular,
C00139,31,Female,Kolkata,16-01-2024,Budget,
C00140,45,Male,Kolkata,23-04-2024,Budget,
C00141,41,Female,Kolkata,12-12-2025,Regular,
C00142,50,Female,Guntur,23-08-2023,Regular,
C00143,57,Female,Hyderabad,30-10-2023,Budget,
C00144,34,Male,Guntur,23-03-2024,Budget,
C00145,26,Male,Vijayawada,22-12-2025,Budget,
C00146,37,Male,Vijayawada,23-07-2025,Regular,
C00147,46,Male,Mumbai,07-02-2023,Regular,
C00148,53,Female,Pune,14-09-2023,Budget,
C00149,53,Male,Mumbai,18-06-2025,Regular,
C00150,33,Male,Guntur,05-03-2023,Premium,
C00151,61,Male,Delhi,25-07-2025,Budget,
C00152,21,Female,Mumbai,05-11-2023,Budget,
C00153,23,Male,Kolkata,01-10-2025,Budget,
C00154,19,Male,Hyderabad,18-11-2023,Budget,
C00155,61,Male,Mumbai,20-04-2024,Regular,
C00156,26,Male,Chennai,25-12-2024,Regular,
C00157,46,Female,Mumbai,19-05-2023,Regular,
C00158,56,Male,Delhi,01-09-2024,Budget,
C00159,54,Female,Hyderabad,06-07-2024,Regular,
C00160,62,Female,Guntur,08-05-2025,Budget,
C00161,20,Female,Delhi,26-12-2025,Budget,
C00162,37,Female,Mumbai,28-12-2024,Budget,
C00163,41,Female,Bengaluru,24-03-2024,Premium,
C00164,50,Male,Vijayawada,20-03-2024,Regular,
C00165,47,Female,Guntur,02-04-2024,Regular,
C00166,44,Female,Delhi,10-06-2025,Regular,
C00167,32,Female,Mumbai,18-12-2023,Budget,
C00168,23,Female,Delhi,02-07-2023,Regular,
C00169,38,Male,Vijayawada,02-01-2024,Regular,
C00170,30,Male,Chennai,25-01-2023,Premium,
C00171,44,Male,Kolkata,27-04-2023,Regular,
C00172,55,Male,Vijayawada,09-04-2023,Budget,
C00173,43,Male,Ahmedabad,24-04-2025,Premium,
C00174,45,Male,Guntur,01-03-2025,Regular,
C00175,19,Female,Vijayawada,01-02-2025,Budget,
C00176,48,Female,Hyderabad,20-05-2024,Budget,
C00177,38,Female,Chennai,24-02-2025,Budget,
C00178,23,Female,Bengaluru,26-06-2023,Regular,
C00179,28,Male,Pune,13-09-2025,Regular,
C00180,54,Male,Delhi,02-07-2024,Budget,
C00181,61,Female,Hyderabad,24-10-2025,Budget,
C00182,41,Female,Pune,16-06-2023,Regular,
C00183,63,Female,Bengaluru,28-06-2024,Regular,
C00184,26,Female,Delhi,01-02-2025,Budget,
C00185,32,Female,Mumbai,26-06-2024,Budget,
C00186,61,Female,Guntur,03-05-2024,Premium,
C00187,26,Female,Kolkata,22-02-2024,Premium,
C00188,48,Female,Kolkata,19-09-2023,Regular,
C00189,28,Male,Guntur,27-11-2023,Regular,
C00190,33,Male,Bengaluru,18-01-2025,Premium,
C00191,40,Male,Chennai,21-11-2024,Budget,
C00192,34,Female,Ahmedabad,01-02-2024,Premium,
C00193,59,Female,Ahmedabad,16-11-2025,Regular,
C00194,63,Male,Hyderabad,06-04-2023,Regular,
C00195,41,Male,Chennai,11-01-2024,Regular,
C00196,42,Female,Chennai,10-05-2023,Budget,
C00197,20,Male,Hyderabad,07-01-2024,Regular,
C00198,29,Female,Kolkata,19-11-2025,Regular,
C00199,19,Male,Hyderabad,06-02-2024,Budget,
C00200,58,Male,Guntur,21-09-2025,Regular,
C00201,28,Male,Pune,26-06-2024,Premium,
C00202,34,Male,Ahmedabad,05-02-2025,Premium,
C00203,57,Male,Delhi,15-05-2024,Regular,
C00204,51,Male,Vijayawada,19-10-2023,Budget,
C00205,47,Male,Chennai,16-04-2025,Budget,
C00206,19,Male,Pune,27-11-2025,Budget,
C00207,44,Female,Hyderabad,16-10-2023,Regular,
C00208,44,Male,Guntur,02-05-2025,Regular,
C00209,32,Male,Pune,13-10-2023,Premium,
C00210,53,Male,Bengaluru,23-02-2025,Budget,
C00211,61,Female,Guntur,13-05-2025,Premium,
C00212,30,Female,Vijayawada,07-05-2024,Premium,
C00213,33,Other,Hyderabad,17-03-2025,Regular,
C00214,33,Female,Guntur,26-10-2023,Premium,
C00215,57,Male,Ahmedabad,28-03-2023,Regular,
C00216,21,Female,Mumbai,16-04-2023,Budget,
C00217,60,Male,Kolkata,04-05-2024,Budget,
C00218,54,Female,Ahmedabad,15-09-2025,Budget,
C00219,40,Male,Delhi,20-05-2023,Budget,
C00220,45,Male,Kolkata,14-05-2024,Regular,
C00221,60,Female,Hyderabad,09-02-2025,Budget,
C00222,54,Female,Vijayawada,10-08-2023,Budget,
C00223,31,Other,Vijayawada,01-03-2025,Budget,
C00224,20,Male,Chennai,02-12-2023,Regular,
C00225,48,Male,Delhi,04-06-2025,Premium,
C00226,24,Male,Chennai,26-09-2024,Regular,
C00227,22,Male,Mumbai,21-08-2024,Regular,
C00228,64,Male,Chennai,13-07-2023,Premium,
C00229,40,Male,Guntur,22-05-2024,Regular,
C00230,48,Female,Kolkata,26-07-2025,Regular,
C00231,28,Male,Guntur,22-01-2023,Regular,
C00232,22,Female,Ahmedabad,10-04-2025,Premium,
C00233,20,Female,Ahmedabad,23-06-2024,Budget,
C00234,34,Female,Bengaluru,26-02-2025,Regular,
C00235,18,Male,Guntur,27-12-2024,Regular,
C00236,37,Male,Ahmedabad,18-04-2024,Budget,
C00237,33,Male,Bengaluru,04-12-2023,Regular,
C00238,42,Female,Hyderabad,17-11-2024,Regular,
C00239,45,Male,Ahmedabad,03-06-2023,Premium,
C00240,32,Male,Mumbai,01-10-2024,Premium,
C00241,39,Other,Mumbai,14-04-2023,Regular,
C00242,21,Female,Mumbai,12-12-2024,Regular,
C00243,32,Female,Guntur,19-11-2024,Premium,
C00244,63,Male,Mumbai,03-04-2023,Budget,
C00245,64,Female,Mumbai,09-04-2025,Budget,
C00246,40,Male,Mumbai,31-03-2024,Regular,
C00247,62,Male,Hyderabad,15-02-2023,Regular,
C00248,41,Female,Hyderabad,16-07-2023,Regular,
C00249,23,Female,Delhi,24-06-2024,Regular,
C00250,58,Female,Hyderabad,26-07-2023,Budget,
C00251,37,Male,Ahmedabad,28-12-2023,Regular,
C00252,46,Male,Delhi,24-12-2024,Regular,
C00253,48,Female,Pune,08-06-2023,Premium,
C00254,32,Female,Mumbai,12-01-2025,Budget,
C00255,52,Male,Ahmedabad,24-04-2023,Regular,
C00256,41,Male,Delhi,11-07-2023,Regular,
C00257,35,Female,Hyderabad,05-10-2024,Regular,
C00258,32,Female,Delhi,18-05-2025,Budget,
C00259,53,Male,Bengaluru,06-07-2023,Budget,
C00260,29,Female,Pune,25-11-2023,Budget,
C00261,23,Other,Pune,10-10-2025,Regular,
C00262,59,Male,Delhi,19-12-2025,Regular,
C00263,33,Female,Mumbai,28-09-2024,Regular,
C00264,48,Female,Pune,04-05-2024,Regular,
C00265,51,Female,Kolkata,15-01-2024,Budget,
C00266,57,Female,Guntur,01-11-2024,Budget,
C00267,47,Female,Vijayawada,09-10-2024,Regular,
C00268,51,Female,Hyderabad,19-11-2023,Regular,
C00269,57,Male,Kolkata,25-01-2023,Regular,
C00270,62,Female,Hyderabad,15-06-2023,Regular,
C00271,20,Male,Delhi,15-11-2025,Premium,
C00272,52,Male,Ahmedabad,02-04-2024,Premium,
C00273,26,Female,Pune,12-06-2024,Regular,
C00274,59,Female,Guntur,26-05-2024,Budget,
C00275,20,Other,Vijayawada,07-05-2025,Budget,
C00276,29,Female,Vijayawada,13-03-2023,Regular,
C00277,27,Female,Kolkata,01-04-2023,Regular,
C00278,46,Male,Kolkata,30-10-2023,Budget,
C00279,18,Female,Guntur,16-06-2024,Budget,
C00280,18,Other,Chennai,04-01-2025,Premium,
C00281,41,Male,Mumbai,21-06-2024,Budget,
C00282,63,Female,Mumbai,28-04-2024,Regular,
C00283,42,Female,Ahmedabad,23-10-2025,Premium,
C00284,38,Male,Mumbai,26-06-2023,Regular,
C00285,48,Female,Bengaluru,18-09-2024,Budget,
C00286,43,Male,Ahmedabad,16-08-2024,Regular,
C00287,36,Male,Ahmedabad,02-06-2024,Regular,
C00288,45,Male,Pune,03-06-2025,Budget,
C00289,18,Male,Guntur,20-10-2023,Regular,
C00290,29,Male,Ahmedabad,10-11-2025,Budget,
C00291,49,Female,Vijayawada,30-12-2023,Regular,
C00292,34,Male,Chennai,19-08-2024,Premium,
C00293,20,Female,Bengaluru,24-07-2024,Regular,
C00294,23,Female,Mumbai,19-07-2025,Premium,
C00295,58,Male,Guntur,25-04-2024,Regular,
C00296,33,Male,Vijayawada,08-11-2023,Premium,
C00297,19,Female,Bengaluru,24-01-2023,Regular,
C00298,52,Female,Guntur,03-02-2024,Budget,
C00299,42,Female,Delhi,23-06-2025,Premium,
C00300,39,Male,Guntur,11-01-2023,Premium,
C00301,60,Female,Kolkata,08-09-2025,Regular,
C00302,32,Female,Hyderabad,17-08-2024,Regular,
C00303,44,Other,Delhi,03-06-2023,Budget,
C00304,53,Male,Hyderabad,27-11-2023,Budget,
C00305,46,Female,Mumbai,29-08-2024,Budget,
C00306,27,Male,Ahmedabad,12-12-2023,Regular,
C00307,50,Female,Kolkata,29-04-2023,Budget,
C00308,52,Female,Ahmedabad,30-12-2024,Budget,
C00309,23,Female,Kolkata,06-01-2025,Premium,
C00310,25,Male,Hyderabad,11-05-2023,Regular,
C00311,49,Female,Pune,04-11-2023,Regular,
C00312,23,Male,Delhi,25-09-2023,Budget,
C00313,59,Female,Pune,23-12-2024,Budget,
C00314,23,Female,Chennai,10-03-2025,Regular,
C00315,63,Female,Ahmedabad,07-03-2025,Budget,
C00316,49,Male,Kolkata,24-10-2025,Regular,
C00317,38,Female,Delhi,21-04-2025,Premium,
C00318,30,Female,Hyderabad,18-12-2023,Budget,
C00319,34,Female,Hyderabad,28-04-2023,Regular,
C00320,53,Female,Mumbai,04-11-2024,Regular,
C00321,53,Female,Pune,30-09-2025,Budget,
C00322,27,Female,Vijayawada,03-12-2025,Regular,
C00323,43,Female,Ahmedabad,10-09-2023,Regular,
C00324,64,Male,Delhi,16-09-2023,Budget,
C00325,30,Female,Chennai,10-02-2023,Regular,
C00326,50,Male,Bengaluru,04-06-2023,Regular,
C00327,26,Male,Bengaluru,30-08-2024,Regular,
C00328,57,Female,Hyderabad,21-08-2024,Premium,
C00329,26,Male,Vijayawada,11-02-2024,Regular,
C00330,31,Female,Hyderabad,06-12-2023,Regular,
C00331,39,Other,Guntur,27-06-2025,Premium,
C00332,35,Male,Pune,18-05-2024,Regular,
C00333,25,Male,Kolkata,04-06-2025,Budget,
C00334,48,Male,Vijayawada,20-11-2025,Budget,
C00335,18,Male,Ahmedabad,14-12-2023,Budget,
C00336,64,Female,Bengaluru,10-08-2023,Budget,
C00337,20,Female,Vijayawada,09-11-2025,Regular,
C00338,33,Female,Bengaluru,26-11-2024,Budget,
C00339,61,Male,Pune,15-11-2023,Premium,
C00340,25,Female,Kolkata,11-11-2024,Regular,
C00341,21,Male,Chennai,17-07-2024,Budget,
C00342,52,Female,Kolkata,18-09-2025,Premium,
C00343,21,Female,Kolkata,08-10-2023,Regular,
C00344,60,Male,Vijayawada,21-12-2025,Budget,
C00345,39,Female,Vijayawada,21-10-2025,Budget,
C00346,58,Female,Mumbai,17-07-2023,Regular,
C00347,29,Male,Kolkata,30-06-2023,Regular,
C00348,24,Female,Guntur,06-08-2024,Regular,
C00349,63,Female,Hyderabad,19-02-2023,Regular,
C00350,53,Male,Kolkata,24-11-2023,Regular,
C00351,60,Male,Vijayawada,21-04-2024,Premium,
C00352,33,Female,Bengaluru,27-11-2025,Regular,
C00353,37,Female,Ahmedabad,22-12-2025,Regular,
C00354,45,Female,Hyderabad,15-06-2023,Budget,
C00355,39,Female,Delhi,03-09-2025,Regular,
C00356,29,Female,Guntur,10-04-2023,Regular,
C00357,35,Male,Vijayawada,30-03-2025,Regular,
C00358,46,Male,Ahmedabad,14-07-2025,Regular,
C00359,19,Male,Ahmedabad,02-09-2025,Regular,
C00360,33,Female,Chennai,02-09-2023,Regular,
C00361,31,Female,Guntur,05-09-2025,Regular,
C00362,21,Female,Kolkata,07-05-2023,Regular,
C00363,23,Male,Vijayawada,22-07-2024,Premium,
C00364,41,Female,Kolkata,29-05-2024,Regular,
C00365,22,Female,Hyderabad,12-12-2023,Regular,
C00366,34,Male,Pune,25-01-2023,Regular,
C00367,44,Male,Ahmedabad,25-04-2025,Regular,
C00368,59,Female,Ahmedabad,03-01-2024,Regular,
C00369,22,Female,Mumbai,25-12-2024,Premium,
C00370,38,Female,Bengaluru,25-03-2024,Regular,
C00371,22,Male,Guntur,14-02-2024,Premium,
C00372,38,Female,Guntur,28-08-2025,Regular,
C00373,40,Male,Guntur,14-04-2023,Premium,
C00374,55,Male,Kolkata,17-03-2025,Premium,
C00375,38,Female,Guntur,28-03-2025,Regular,
C00376,61,Male,Delhi,21-02-2024,Regular,
C00377,24,Other,Ahmedabad,15-10-2023,Regular,
C00378,20,Male,Delhi,06-01-2023,Regular,
C00379,18,Male,Ahmedabad,22-10-2025,Regular,
C00380,34,Male,Bengaluru,03-11-2025,Regular,
C00381,27,Female,Chennai,21-09-2023,Regular,
C00382,22,Male,Chennai,04-02-2023,Budget,
C00383,29,Male,Delhi,15-05-2023,Regular,
C00384,63,Male,Guntur,16-03-2023,Regular,
C00385,55,Male,Bengaluru,29-06-2025,Regular,
C00386,18,Female,Ahmedabad,03-09-2025,Budget,
C00387,61,Female,Guntur,17-06-2023,Budget,
C00388,27,Male,Kolkata,28-03-2025,Regular,
C00389,37,Female,Kolkata,16-07-2023,Regular,
C00390,33,Male,Bengaluru,07-02-2024,Budget,
C00391,37,Female,Kolkata,18-10-2024,Budget,
C00392,53,Male,Chennai,27-02-2025,Regular,
C00393,51,Female,Chennai,15-08-2025,Budget,
C00394,45,Male,Guntur,19-02-2023,Budget,
C00395,47,Female,Kolkata,04-08-2023,Regular,
C00396,52,Male,Vijayawada,04-11-2023,Regular,
C00397,26,Other,Delhi,06-12-2023,Premium,
C00398,36,Male,Mumbai,28-12-2025,Budget,
C00399,23,Female,Vijayawada,01-05-2025,Budget,
C00400,51,Female,Kolkata,17-12-2023,Budget,
C00401,38,Male,Guntur,30-11-2025,Regular,
C00402,47,Male,Hyderabad,30-06-2024,Budget,
C00403,44,Male,Pune,02-07-2024,Budget,
C00404,30,Other,Guntur,19-04-2024,Regular,
C00405,24,Female,Guntur,07-06-2023,Regular,
C00406,63,Female,Ahmedabad,20-10-2025,Regular,
C00407,31,Male,Bengaluru,16-01-2023,Regular,
C00408,23,Female,Pune,10-07-2023,Regular,
C00409,32,Male,Bengaluru,09-09-2023,Regular,
C00410,60,Male,Guntur,02-11-2023,Budget,
C00411,30,Male,Kolkata,25-05-2023,Regular,
C00412,64,Male,Bengaluru,20-01-2023,Budget,
C00413,39,Female,Ahmedabad,12-01-2025,Budget,
C00414,58,Female,Ahmedabad,27-11-2025,Regular,
C00415,48,Male,Hyderabad,14-05-2023,Budget,
C00416,20,Male,Hyderabad,21-11-2023,Budget,
C00417,41,Female,Chennai,08-07-2024,Regular,
C00418,37,Female,Hyderabad,12-10-2025,Regular,
C00419,27,Male,Pune,30-01-2025,Budget,
C00420,43,Male,Guntur,18-04-2025,Regular,
C00421,22,Female,Hyderabad,28-09-2024,Premium,
C00422,50,Other,Kolkata,01-04-2024,Budget,
C00423,56,Female,Delhi,07-08-2023,Regular,
C00424,22,Male,Guntur,04-08-2025,Budget,
C00425,40,Female,Delhi,30-05-2025,Premium,
C00426,48,Male,Kolkata,28-01-2023,Budget,
C00427,20,Female,Vijayawada,22-02-2025,Budget,
C00428,36,Male,Bengaluru,03-04-2023,Premium,
C00429,30,Male,Mumbai,20-03-2025,Regular,
C00430,19,Male,Chennai,23-06-2025,Budget,
C00431,55,Male,Bengaluru,24-05-2023,Regular,
C00432,38,Male,Kolkata,20-04-2024,Premium,
C00433,53,Female,Hyderabad,16-05-2023,Regular,
C00434,45,Female,Mumbai,13-09-2024,Budget,
C00435,59,Female,Bengaluru,12-10-2025,Budget,
C00436,64,Male,Kolkata,30-03-2023,Premium,
C00437,46,Male,Ahmedabad,11-03-2024,Budget,
C00438,34,Female,Delhi,01-12-2025,Budget,
C00439,37,Male,Delhi,26-11-2023,Budget,
C00440,56,Male,Delhi,25-05-2023,Budget,
C00441,38,Female,Bengaluru,18-06-2024,Regular,
C00442,42,Other,Mumbai,10-07-2024,Regular,
C00443,27,Male,Vijayawada,26-12-2024,Budget,
C00444,64,Female,Hyderabad,10-12-2023,Budget,
C00445,48,Female,Ahmedabad,12-11-2025,Budget,
C00446,33,Male,Bengaluru,24-07-2024,Budget,
C00447,45,Female,Bengaluru,10-11-2023,Budget,
C00448,36,Male,Chennai,17-11-2025,Regular,
C00449,25,Male,Chennai,09-10-2025,Budget,
C00450,59,Other,Mumbai,30-06-2024,Budget,
C00451,59,Female,Guntur,28-01-2023,Regular,
C00452,57,Male,Vijayawada,15-10-2024,Regular,
C00453,35,Male,Kolkata,30-08-2024,Regular,
C00454,30,Female,Bengaluru,12-06-2023,Premium,
C00455,20,Male,Vijayawada,25-11-2024,Budget,
C00456,52,Female,Guntur,09-07-2025,Budget,
C00457,33,Female,Hyderabad,26-04-2023,Budget,
C00458,59,Male,Mumbai,03-03-2025,Budget,
C00459,58,Female,Ahmedabad,03-06-2023,Premium,
C00460,24,Female,Hyderabad,30-03-2025,Regular,
C00461,61,Female,Hyderabad,03-04-2024,Regular,
C00462,24,Male,Kolkata,08-01-2023,Premium,
C00463,41,Male,Mumbai,24-11-2025,Regular,
C00464,40,Male,Delhi,01-07-2023,Regular,
C00465,62,Female,Ahmedabad,14-10-2024,Premium,
C00466,48,Female,Pune,18-07-2023,Regular,
C00467,59,Female,Ahmedabad,18-10-2025,Budget,
C00468,46,Female,Bengaluru,19-03-2025,Regular,
C00469,56,Male,Hyderabad,30-05-2025,Premium,
C00470,58,Male,Chennai,18-04-2024,Regular,
C00471,58,Female,Chennai,26-05-2024,Regular,
C00472,37,Female,Mumbai,25-11-2024,Premium,
C00473,35,Female,Ahmedabad,09-05-2025,Regular,
C00474,64,Male,Bengaluru,16-07-2025,Regular,
C00475,53,Male,Bengaluru,20-01-2023,Budget,
C00476,61,Female,Chennai,27-12-2024,Budget,
C00477,45,Male,Mumbai,30-04-2023,Budget,
C00478,61,Male,Bengaluru,12-11-2023,Premium,
C00479,51,Female,Bengaluru,27-06-2025,Premium,
C00480,52,Female,Pune,02-10-2023,Budget,
C00481,26,Female,Bengaluru,22-05-2025,Budget,
C00482,44,Female,Bengaluru,21-05-2024,Budget,
C00483,52,Female,Guntur,12-09-2023,Regular,
C00484,53,Male,Hyderabad,01-01-2024,Regular,
C00485,63,Female,Hyderabad,04-08-2024,Regular,
C00486,33,Female,Hyderabad,17-04-2025,Budget,
C00487,32,Male,Pune,25-10-2024,Budget,
C00488,63,Other,Kolkata,18-10-2025,Premium,
C00489,64,Female,Kolkata,08-08-2025,Regular,
C00490,26,Male,Kolkata,04-04-2025,Budget,
C00491,35,Female,Hyderabad,22-10-2024,Budget,
C00492,62,Female,Mumbai,14-11-2023,Budget,
C00493,27,Male,Kolkata,27-03-2024,Budget,
C00494,54,Male,Kolkata,11-05-2023,Budget,
C00495,23,Female,Mumbai,14-02-2024,Regular,
C00496,26,Male,Guntur,11-04-2024,Budget,
C00497,54,Male,Guntur,05-05-2023,Regular,
C00498,46,Female,Ahmedabad,14-12-2024,Regular,
C00499,44,Female,Ahmedabad,20-11-2025,Budget,
C00500,58,Female,Vijayawada,07-08-2025,Regular,
C00501,32,Female,Ahmedabad,28-10-2023,Premium,
C00502,41,Female,Pune,12-05-2024,Budget,
C00503,46,Male,Mumbai,04-08-2024,Regular,
C00504,52,Male,Mumbai,29-09-2023,Budget,
C00505,33,Female,Guntur,22-10-2023,Budget,
C00506,47,Male,Chennai,17-09-2023,Budget,
C00507,39,Female,Kolkata,25-12-2025,Regular,
C00508,43,Female,Pune,09-07-2025,Regular,
C00509,58,Male,Mumbai,13-06-2025,Regular,
C00510,36,Female,Delhi,16-11-2025,Budget,
C00511,49,Female,Hyderabad,26-04-2023,Regular,
C00512,62,Female,Ahmedabad,23-08-2025,Budget,
C00513,53,Male,Hyderabad,14-03-2023,Budget,
C00514,64,Female,Hyderabad,04-06-2024,Regular,
C00515,45,Male,Chennai,12-10-2024,Budget,
C00516,31,Female,Pune,27-01-2024,Regular,
C00517,64,Female,Chennai,10-06-2023,Regular,
C00518,48,Male,Guntur,30-07-2023,Regular,
C00519,29,Male,Vijayawada,22-06-2025,Regular,
C00520,32,Female,Mumbai,16-12-2023,Budget,
C00521,30,Female,Vijayawada,06-12-2023,Budget,
C00522,57,Male,Hyderabad,08-10-2025,Regular,
C00523,22,Female,Bengaluru,07-06-2023,Budget,
C00524,52,Female,Mumbai,29-09-2025,Budget,
C00525,44,Male,Vijayawada,05-10-2025,Budget,
C00526,21,Female,Pune,17-10-2024,Regular,
C00527,46,Male,Ahmedabad,01-07-2023,Regular,
C00528,53,Male,Kolkata,20-06-2023,Budget,
C00529,52,Female,Delhi,08-11-2023,Budget,
C00530,42,Male,Vijayawada,24-09-2024,Budget,
C00531,33,Female,Vijayawada,18-06-2023,Budget,
C00532,25,Female,Delhi,13-05-2024,Regular,
C00533,18,Female,Ahmedabad,07-05-2023,Budget,
C00534,34,Male,Kolkata,14-08-2024,Budget,
C00535,47,Male,Pune,24-01-2023,Premium,
C00536,19,Female,Bengaluru,15-02-2025,Regular,
C00537,64,Female,Chennai,02-03-2023,Budget,
C00538,45,Female,Vijayawada,02-08-2023,Regular,
C00539,31,Male,Chennai,11-07-2023,Regular,
C00540,63,Male,Kolkata,28-06-2025,Premium,
C00541,26,Male,Vijayawada,28-02-2023,Premium,
C00542,63,Female,Kolkata,15-04-2024,Regular,
C00543,31,Male,Chennai,09-10-2024,Budget,
C00544,35,Female,Guntur,19-07-2024,Regular,
C00545,37,Male,Hyderabad,15-01-2025,Budget,
C00546,64,Male,Ahmedabad,29-05-2025,Regular,
C00547,29,Female,Chennai,07-03-2024,Premium,
C00548,63,Female,Kolkata,25-06-2025,Budget,
C00549,34,Other,Delhi,15-12-2023,Premium,
C00550,31,Male,Pune,13-12-2025,Regular,
C00551,47,Female,Mumbai,06-07-2024,Budget,
C00552,50,Male,Pune,16-03-2025,Premium,
C00553,34,Female,Vijayawada,16-08-2025,Regular,
C00554,24,Female,Guntur,17-05-2025,Regular,
C00555,36,Male,Delhi,20-07-2025,Regular,
C00556,43,Female,Vijayawada,10-08-2024,Budget,
C00557,19,Male,Guntur,17-02-2023,Budget,
C00558,21,Male,Kolkata,23-06-2024,Regular,
C00559,61,Male,Pune,18-07-2023,Premium,
C00560,19,Male,Hyderabad,31-08-2025,Regular,
C00561,37,Female,Pune,17-09-2023,Regular,
C00562,53,Female,Chennai,07-09-2023,Regular,
C00563,33,Female,Bengaluru,01-10-2023,Budget,
C00564,41,Female,Guntur,04-12-2024,Regular,
C00565,22,Female,Chennai,17-09-2024,Regular,
C00566,55,Male,Kolkata,04-11-2025,Budget,
C00567,47,Male,Guntur,31-03-2024,Regular,
C00568,58,Male,Pune,06-11-2023,Regular,
C00569,58,Female,Ahmedabad,23-02-2023,Premium,
C00570,34,Female,Ahmedabad,08-01-2023,Premium,
C00571,19,Female,Delhi,14-02-2024,Regular,
C00572,34,Male,Vijayawada,10-10-2025,Regular,
C00573,24,Male,Vijayawada,27-07-2024,Regular,
C00574,43,Female,Mumbai,05-09-2025,Premium,
C00575,24,Male,Guntur,22-04-2023,Regular,
C00576,61,Female,Bengaluru,13-04-2023,Premium,
C00577,46,Male,Bengaluru,01-07-2025,Premium,
C00578,29,Male,Pune,27-04-2023,Budget,
C00579,61,Female,Kolkata,26-02-2023,Premium,
C00580,54,Female,Pune,18-03-2024,Regular,
C00581,38,Female,Ahmedabad,09-10-2025,Budget,
C00582,24,Female,Mumbai,24-01-2025,Budget,
C00583,34,Male,Guntur,19-04-2023,Regular,
C00584,45,Female,Vijayawada,05-07-2025,Budget,
C00585,53,Female,Hyderabad,26-05-2025,Budget,
C00586,30,Female,Delhi,15-09-2025,Regular,
C00587,52,Female,Chennai,20-09-2023,Budget,
C00588,31,Male,Kolkata,08-12-2025,Regular,
C00589,29,Male,Delhi,18-12-2023,Regular,
C00590,39,Female,Chennai,28-05-2025,Budget,
C00591,25,Female,Chennai,26-09-2024,Regular,
C00592,37,Male,Mumbai,03-05-2025,Budget,
C00593,34,Male,Bengaluru,18-11-2024,Premium,
C00594,31,Other,Bengaluru,04-12-2024,Regular,
C00595,54,Female,Kolkata,05-11-2024,Regular,
C00596,33,Female,Vijayawada,03-05-2025,Regular,
C00597,50,Male,Pune,20-03-2025,Premium,
C00598,51,Other,Vijayawada,28-05-2023,Regular,
C00599,49,Female,Bengaluru,23-06-2025,Regular,
C00600,30,Female,Vijayawada,09-08-2024,Budget,
C00601,56,Male,Pune,20-12-2023,Regular,
C00602,29,Female,Ahmedabad,17-07-2024,Regular,
C00603,31,Female,Hyderabad,24-11-2025,Regular,
C00604,59,Female,Kolkata,28-07-2025,Budget,
C00605,33,Other,Mumbai,01-07-2025,Regular,
C00606,50,Female,Guntur,21-05-2024,Regular,
C00607,19,Male,Ahmedabad,08-05-2025,Regular,
C00608,46,Female,Guntur,26-02-2024,Regular,
C00609,58,Female,Guntur,21-01-2025,Regular,
C00610,51,Male,Ahmedabad,01-12-2024,Regular,
C00611,45,Male,Chennai,01-10-2023,Regular,
C00612,57,Female,Chennai,19-10-2023,Regular,
C00613,32,Male,Guntur,08-03-2023,Regular,
C00614,35,Female,Kolkata,03-06-2023,Budget,
C00615,21,Male,Guntur,19-04-2024,Budget,
C00616,50,Male,Ahmedabad,07-06-2024,Regular,
C00617,52,Male,Kolkata,30-06-2023,Regular,
C00618,53,Female,Bengaluru,01-04-2024,Budget,
C00619,53,Female,Vijayawada,23-10-2024,Regular,
C00620,23,Male,Chennai,12-09-2023,Budget,
C00621,49,Male,Chennai,06-01-2024,Regular,
C00622,53,Male,Bengaluru,07-02-2024,Budget,
C00623,27,Female,Hyderabad,07-07-2024,Regular,
C00624,40,Other,Mumbai,06-02-2024,Regular,
C00625,60,Female,Guntur,17-03-2025,Regular,
C00626,37,Male,Guntur,25-12-2023,Premium,
C00627,53,Female,Delhi,20-04-2024,Regular,
C00628,42,Male,Mumbai,20-02-2024,Regular,
C00629,48,Male,Mumbai,20-07-2023,Regular,
C00630,47,Male,Vijayawada,20-01-2025,Regular,
C00631,48,Male,Hyderabad,15-09-2023,Regular,
C00632,54,Male,Hyderabad,22-11-2023,Budget,
C00633,60,Female,Hyderabad,18-05-2025,Premium,
C00634,31,Male,Guntur,04-11-2025,Budget,
C00635,61,Female,Hyderabad,04-01-2025,Premium,
C00636,47,Female,Vijayawada,30-09-2025,Budget,
C00637,45,Female,Bengaluru,24-07-2025,Regular,
C00638,33,Female,Pune,10-06-2024,Premium,
C00639,37,Female,Vijayawada,23-04-2025,Regular,
C00640,48,Male,Bengaluru,26-12-2023,Regular,
C00641,35,Male,Chennai,19-05-2024,Budget,
C00642,31,Female,Ahmedabad,09-08-2024,Budget,
C00643,56,Female,Guntur,17-11-2025,Budget,
C00644,37,Female,Vijayawada,18-07-2025,Regular,
C00645,48,Female,Hyderabad,19-06-2024,Regular,
C00646,19,Female,Ahmedabad,15-12-2024,Budget,
C00647,21,Female,Mumbai,10-08-2023,Regular,
C00648,57,Female,Pune,30-05-2025,Premium,
C00649,24,Female,Vijayawada,28-08-2024,Regular,
C00650,55,Female,Vijayawada,06-08-2024,Regular,
C00651,60,Other,Bengaluru,19-04-2025,Premium,
C00652,40,Female,Delhi,24-11-2024,Regular,
C00653,59,Female,Chennai,21-03-2023,Budget,
C00654,38,Male,Kolkata,12-11-2023,Regular,
C00655,62,Male,Guntur,13-07-2023,Premium,
C00656,29,Female,Mumbai,15-03-2025,Budget,
C00657,38,Male,Bengaluru,08-02-2023,Budget,
C00658,36,Male,Hyderabad,10-08-2023,Premium,
C00659,54,Female,Hyderabad,16-10-2024,Regular,
C00660,20,Female,Mumbai,30-01-2025,Regular,
C00661,56,Female,Vijayawada,05-07-2024,Regular,
C00662,19,Female,Chennai,31-07-2025,Regular,
C00663,32,Male,Delhi,03-10-2025,Budget,
C00664,46,Male,Kolkata,25-05-2023,Regular,
C00665,24,Female,Kolkata,08-11-2025,Budget,
C00666,41,Male,,03-11-2024,Budget,
C00667,64,Female,Bengaluru,27-11-2024,Premium,
C00668,56,Other,Bengaluru,15-04-2023,Budget,
C00669,19,Female,Chennai,11-11-2024,Budget,
C00670,45,Female,Hyderabad,05-03-2025,Budget,
C00671,46,Female,Delhi,27-09-2024,Regular,
C00672,21,Female,Kolkata,03-04-2023,Premium,
C00673,48,Male,Kolkata,26-07-2024,Budget,
C00674,42,Female,Vijayawada,21-10-2025,Regular,
C00675,50,Male,Chennai,03-03-2025,Regular,
C00676,31,Female,Kolkata,31-05-2023,Regular,
C00677,30,Male,Guntur,17-11-2025,Budget,
C00678,52,Female,Hyderabad,15-11-2025,Budget,
C00679,51,Female,Ahmedabad,05-07-2023,Regular,
C00680,25,Male,Hyderabad,26-05-2025,Budget,
C00681,28,Female,Pune,12-10-2024,Regular,
C00682,45,Male,Guntur,02-05-2024,Budget,
C00683,56,Male,Delhi,06-05-2025,Regular,
C00684,27,Male,Pune,27-12-2025,Regular,
C00685,28,Male,Kolkata,20-05-2025,Regular,
C00686,55,Other,Pune,16-10-2025,Regular,
C00687,50,Other,Ahmedabad,01-11-2025,Budget,
C00688,60,Female,Guntur,09-04-2023,Budget,
C00689,54,Female,Bengaluru,05-10-2023,Regular,
C00690,62,Female,Delhi,01-03-2025,Regular,
C00691,26,Female,Guntur,08-10-2024,Regular,
C00692,30,Female,Mumbai,24-02-2023,Regular,
C00693,29,Male,Delhi,15-04-2023,Regular,
C00694,20,Female,Ahmedabad,23-07-2024,Budget,
C00695,54,Other,Vijayawada,05-11-2024,Budget,
C00696,49,Male,Chennai,03-07-2023,Budget,
C00697,22,Male,Vijayawada,07-07-2023,Premium,
C00698,27,Male,Ahmedabad,22-05-2023,Regular,
C00699,26,Male,Hyderabad,10-09-2024,Regular,
C00700,36,Female,Guntur,09-01-2023,Regular,
C00701,39,Male,Mumbai,18-09-2024,Budget,
C00702,31,Female,Chennai,05-06-2024,Budget,
C00703,61,Female,Pune,25-05-2024,Budget,
C00704,28,Male,Pune,13-01-2025,Budget,
C00705,44,Female,Pune,07-03-2025,Regular,
C00706,38,Female,Hyderabad,16-04-2025,Budget,
C00707,36,Female,Guntur,04-10-2025,Regular,
C00708,56,Female,Mumbai,25-05-2025,Regular,
C00709,63,Female,Bengaluru,20-07-2024,Premium,
C00710,18,Male,Pune,22-06-2024,Budget,
C00711,39,Male,Kolkata,16-09-2023,Regular,
C00712,23,Male,Bengaluru,18-10-2024,Budget,
C00713,38,Male,Vijayawada,02-06-2023,Budget,
C00714,47,Female,Kolkata,16-10-2025,Regular,
C00715,37,Male,Vijayawada,14-07-2025,Regular,
C00716,32,Female,Kolkata,12-05-2023,Regular,
C00717,32,Male,Hyderabad,10-05-2025,Regular,
C00718,32,Female,Chennai,09-05-2023,Budget,
C00719,33,Female,Vijayawada,28-02-2025,Premium,
C00720,35,Female,Pune,07-04-2023,Budget,
C00721,50,Female,Bengaluru,18-06-2024,Premium,
C00722,22,Male,Hyderabad,21-12-2024,Regular,
C00723,19,Female,Pune,09-03-2025,Budget,
C00724,42,Male,Pune,03-04-2024,Regular,
C00725,50,Female,Chennai,06-10-2025,Budget,
C00726,30,Female,Bengaluru,27-04-2025,Regular,
C00727,27,Male,Kolkata,17-08-2023,Budget,
C00728,47,Male,Delhi,04-01-2025,Regular,
C00729,36,Male,Hyderabad,10-03-2025,Budget,
C00730,52,Female,Hyderabad,01-01-2024,Premium,
C00731,24,Female,Chennai,19-03-2025,Budget,
C00732,23,Male,Pune,10-09-2025,Regular,
C00733,43,Male,Mumbai,13-06-2025,Regular,
C00734,36,Male,Hyderabad,14-04-2025,Budget,
C00735,52,Female,Vijayawada,25-11-2024,Budget,
C00736,41,Male,Kolkata,24-10-2023,Regular,
C00737,34,Male,Pune,20-05-2025,Regular,
C00738,25,Female,Chennai,03-02-2024,Regular,
C00739,25,Male,Ahmedabad,05-08-2024,Budget,
C00740,53,Female,Vijayawada,11-12-2023,Premium,
C00741,28,Female,Kolkata,09-12-2023,Premium,
C00742,41,Male,Chennai,22-06-2023,Regular,
C00743,56,Female,Mumbai,18-11-2025,Budget,
C00744,60,Male,Vijayawada,11-06-2023,Budget,
C00745,30,Male,Hyderabad,05-04-2023,Premium,
C00746,23,Other,Chennai,22-10-2025,Regular,
C00747,54,Female,Bengaluru,30-08-2024,Regular,
C00748,50,Female,Kolkata,24-04-2024,Premium,
C00749,33,Male,Delhi,18-03-2025,Budget,
C00750,45,Male,Bengaluru,24-02-2024,Regular,
C00751,26,Male,Vijayawada,21-05-2023,Regular,
C00752,50,Female,Pune,10-03-2025,Regular,
C00753,52,Female,Chennai,12-07-2023,Regular,
C00754,32,Female,Vijayawada,28-08-2024,Regular,
C00755,40,Other,Kolkata,05-11-2025,Budget,
C00756,33,Male,Bengaluru,22-10-2025,Premium,
C00757,19,Female,Guntur,31-01-2024,Regular,
C00758,23,Male,Hyderabad,04-05-2025,Regular,
C00759,63,Male,Vijayawada,01-11-2024,Premium,
C00760,39,Female,Mumbai,08-06-2024,Budget,
C00761,24,Female,Chennai,03-06-2023,Regular,
C00762,20,Male,Hyderabad,17-02-2024,Premium,
C00763,34,Male,Vijayawada,14-12-2024,Regular,
C00764,64,Female,Pune,16-12-2025,Premium,
C00765,36,Male,Kolkata,06-01-2023,Premium,
C00766,64,Female,Guntur,24-02-2025,Regular,
C00767,41,Female,Pune,15-07-2025,Budget,
C00768,53,Male,Chennai,07-11-2025,Regular,
C00769,54,Male,Ahmedabad,09-04-2024,Regular,
C00770,19,Male,Pune,10-05-2023,Regular,
C00771,18,Female,Chennai,24-10-2023,Regular,
C00772,61,Male,Guntur,20-07-2025,Budget,
C00773,61,Female,Guntur,19-08-2025,Budget,
C00774,24,Male,Chennai,28-11-2024,Regular,
C00775,48,Female,Kolkata,15-05-2023,Regular,
C00776,61,Male,Vijayawada,14-05-2023,Regular,
C00777,62,Male,Ahmedabad,07-06-2024,Budget,
C00778,31,Female,Bengaluru,06-10-2024,Regular,
C00779,56,Female,Guntur,05-02-2023,Regular,
C00780,48,Male,Hyderabad,21-01-2025,Budget,
C00781,61,Male,Kolkata,19-08-2024,Regular,
C00782,24,Female,Pune,14-01-2023,Regular,
C00783,46,Male,Hyderabad,15-04-2023,Regular,
C00784,19,Male,Ahmedabad,12-05-2024,Regular,
C00785,34,Male,Chennai,02-03-2025,Premium,
C00786,18,Male,Guntur,22-06-2025,Budget,
C00787,38,Female,Guntur,17-04-2024,Budget,
C00788,56,Female,Pune,20-11-2023,Budget,
C00789,48,Female,Kolkata,26-11-2025,Regular,
C00790,32,Female,Hyderabad,17-05-2024,Premium,
C00791,38,Male,Guntur,12-12-2023,Regular,
C00792,35,Female,Kolkata,29-04-2024,Premium,
C00793,52,Male,Mumbai,14-01-2023,Regular,
C00794,30,Male,Hyderabad,27-11-2023,Budget,
C00795,22,Female,Pune,18-07-2024,Budget,
C00796,41,Male,Vijayawada,02-10-2025,Regular,
C00797,57,Male,Guntur,19-03-2025,Regular,
C00798,40,Male,Hyderabad,05-05-2025,Regular,
C00799,27,Female,Ahmedabad,19-08-2024,Regular,
C00800,20,Male,Hyderabad,02-05-2023,Regular,
C00801,62,Female,Mumbai,04-03-2024,Budget,
C00802,53,Female,Delhi,27-12-2025,Regular,
C00803,25,Female,Hyderabad,18-02-2023,Regular,
C00804,21,Male,Bengaluru,20-08-2025,Regular,
C00805,24,Female,Guntur,19-01-2025,Budget,
C00806,35,Male,Kolkata,07-11-2023,Premium,
C00807,56,Female,Ahmedabad,01-05-2025,Budget,
C00808,25,Female,Pune,05-07-2025,Budget,
C00809,56,Male,Delhi,17-02-2023,Regular,
C00810,18,Female,Hyderabad,27-04-2023,Premium,
C00811,52,Female,Pune,29-12-2024,Premium,
C00812,31,Male,Ahmedabad,30-12-2025,Budget,
C00813,63,Male,Chennai,27-01-2023,Budget,
C00814,40,Female,Delhi,29-12-2024,Regular,
C00815,30,Female,Delhi,30-05-2023,Regular,
C00816,29,Female,Guntur,12-12-2024,Regular,
C00817,56,Male,Bengaluru,13-11-2024,Budget,
C00818,36,Female,Bengaluru,10-04-2023,Regular,
C00819,34,Female,Chennai,15-01-2025,Budget,
C00820,52,Female,Bengaluru,09-09-2025,Budget,
C00821,43,Female,Guntur,03-08-2025,Regular,
C00822,49,Male,Chennai,01-02-2023,Budget,
C00823,38,Female,Mumbai,27-09-2023,Regular,
C00824,21,Male,Chennai,21-09-2023,Regular,
C00825,18,Male,Guntur,11-05-2024,Regular,
C00826,19,Female,Kolkata,06-06-2023,Regular,
C00827,44,Male,Delhi,24-07-2025,Premium,
C00828,42,Male,Ahmedabad,30-04-2025,Regular,
C00829,53,Male,Hyderabad,04-06-2025,Premium,
C00830,60,Female,Kolkata,06-08-2023,Regular,
C00831,26,Other,Mumbai,16-01-2023,Regular,
C00832,62,Male,Mumbai,24-09-2025,Premium,
C00833,61,Male,Bengaluru,13-11-2023,Budget,
C00834,46,Female,Hyderabad,19-12-2024,Budget,
C00835,42,Male,Kolkata,22-09-2025,Premium,
C00836,26,Other,Guntur,09-02-2023,Regular,
C00837,26,Female,Vijayawada,06-01-2023,Budget,
C00838,18,Male,Chennai,06-01-2023,Premium,
C00839,48,Female,Ahmedabad,21-06-2023,Budget,
C00840,38,Male,Bengaluru,26-02-2023,Regular,
C00841,27,Female,Ahmedabad,16-06-2025,Regular,
C00842,24,Male,Pune,25-10-2024,Regular,
C00843,20,Female,Guntur,09-12-2025,Regular,
C00844,48,Female,Hyderabad,27-05-2025,Budget,
C00845,50,Female,Ahmedabad,20-11-2025,Regular,
C00846,47,Female,Delhi,19-09-2023,Regular,
C00847,23,Male,Pune,12-11-2023,Budget,
C00848,19,Female,Pune,19-07-2025,Budget,
C00849,22,Female,Ahmedabad,26-09-2023,Regular,
C00850,53,Male,Pune,04-03-2023,Budget,
C00851,52,Male,Delhi,27-05-2025,Regular,
C00852,31,Male,Delhi,26-11-2025,Premium,
C00853,20,Male,Hyderabad,12-10-2025,Budget,
C00854,33,Female,Ahmedabad,12-05-2023,Premium,
C00855,56,Male,Ahmedabad,25-04-2025,Regular,
C00856,24,Female,Pune,15-07-2025,Regular,
C00857,55,Other,Ahmedabad,03-02-2025,Premium,
C00858,39,Male,Chennai,16-06-2025,Budget,
C00859,24,Female,Chennai,06-07-2025,Premium,
C00860,61,Male,Vijayawada,03-05-2024,Budget,
C00861,42,Male,Vijayawada,13-02-2023,Regular,
C00862,49,Male,Guntur,14-05-2024,Regular,
C00863,22,Male,Hyderabad,09-08-2023,Budget,
C00864,35,Male,Pune,05-05-2023,Regular,
C00865,47,Male,Ahmedabad,17-05-2023,Regular,
C00866,48,Male,Hyderabad,02-02-2025,Regular,
C00867,20,Male,Vijayawada,06-07-2024,Regular,
C00868,46,Female,Ahmedabad,14-08-2024,Budget,
C00869,62,Male,Mumbai,26-03-2025,Budget,
C00870,54,Female,Pune,23-08-2024,Budget,
C00871,27,Female,Vijayawada,20-11-2024,Premium,
C00872,60,Female,Guntur,05-04-2023,Regular,
C00873,50,Female,Guntur,20-07-2025,Regular,
C00874,20,Female,Vijayawada,06-05-2024,Regular,
C00875,24,Female,Ahmedabad,19-06-2023,Regular,
C00876,61,Female,Vijayawada,09-06-2025,Budget,
C00877,27,Other,Vijayawada,15-03-2025,Budget,
C00878,22,Male,Hyderabad,28-02-2023,Regular,
C00879,39,Female,Kolkata,31-07-2023,Budget,
C00880,42,Female,Mumbai,18-01-2023,Premium,
C00881,44,Male,Delhi,24-10-2023,Budget,
C00882,48,Female,Bengaluru,20-04-2023,Regular,
C00883,64,Female,Kolkata,16-02-2025,Regular,
C00884,53,Female,Guntur,26-07-2024,Regular,
C00885,19,Male,Delhi,09-12-2025,Premium,
C00886,22,Male,Kolkata,31-03-2025,Regular,
C00887,18,Male,Mumbai,31-10-2024,Budget,
C00888,36,Female,Ahmedabad,11-07-2024,Regular,
C00889,34,Female,Hyderabad,01-03-2023,Budget,
C00890,61,Female,Guntur,18-03-2023,Budget,
C00891,35,Male,Mumbai,05-11-2024,Regular,
C00892,19,Male,Pune,05-01-2023,Budget,
C00893,59,Female,Guntur,16-02-2023,Budget,
C00894,30,Female,Hyderabad,28-08-2023,Regular,
C00895,60,Female,Vijayawada,26-08-2025,Regular,
C00896,54,Male,Kolkata,17-05-2024,Premium,
C00897,59,Male,Vijayawada,15-02-2025,Budget,
C00898,56,Female,Pune,26-03-2024,Regular,
C00899,24,Female,Chennai,09-07-2023,Regular,
C00900,47,Male,Pune,11-02-2024,Regular,
C00901,37,Female,Pune,11-04-2023,Budget,
C00902,47,Female,Vijayawada,23-04-2025,Regular,
C00903,53,Female,Pune,20-07-2023,Regular,
C00904,41,Male,Delhi,17-02-2024,Budget,
C00905,32,Male,Bengaluru,09-12-2025,Budget,
C00906,61,Female,Mumbai,10-10-2024,Regular,
C00907,49,Female,Pune,17-05-2024,Budget,
C00908,59,Other,Mumbai,17-08-2024,Budget,
C00909,29,Female,Mumbai,08-05-2025,Regular,
C00910,57,Male,Hyderabad,06-10-2023,Budget,
C00911,33,Male,Vijayawada,27-11-2024,Budget,
C00912,39,Male,Guntur,13-08-2025,Regular,
C00913,58,Female,Chennai,18-09-2024,Premium,
C00914,34,Male,Bengaluru,03-05-2024,Regular,
C00915,29,Female,Guntur,08-06-2023,Budget,
C00916,61,Female,Guntur,29-09-2023,Budget,
C00917,63,Other,Guntur,01-11-2025,Premium,
C00918,32,Female,Pune,15-08-2024,Regular,
C00919,32,Female,Ahmedabad,26-11-2023,Regular,
C00920,28,Female,Ahmedabad,03-04-2024,Budget,
C00921,19,Other,Chennai,24-09-2024,Budget,
C00922,43,Male,Pune,11-08-2024,Budget,
C00923,29,Male,Chennai,05-02-2025,Regular,
C00924,57,Other,Ahmedabad,09-10-2023,Premium,
C00925,26,Female,Vijayawada,11-12-2024,Budget,
C00926,47,Female,Hyderabad,29-04-2024,Regular,
C00927,41,Male,Hyderabad,26-10-2025,Premium,
C00928,46,Female,Chennai,22-06-2023,Premium,
C00929,23,Female,Bengaluru,12-06-2023,Regular,
C00930,39,Female,Hyderabad,20-05-2024,Budget,
C00931,47,Male,Vijayawada,10-07-2024,Premium,
C00932,34,Female,Pune,26-01-2025,Budget,
C00933,59,Female,Ahmedabad,18-03-2024,Budget,
C00934,42,Female,Pune,27-09-2025,Budget,
C00935,35,Male,Ahmedabad,03-06-2024,Regular,
C00936,19,Female,Kolkata,22-05-2023,Budget,
C00937,25,Male,,11-05-2023,Regular,
C00938,40,Male,Bengaluru,01-12-2025,Premium,
C00939,36,Male,Delhi,27-05-2023,Regular,
C00940,58,Female,Mumbai,03-11-2025,Premium,
C00941,54,Female,Guntur,01-11-2023,Premium,
C00942,25,Male,Mumbai,13-04-2023,Regular,
C00943,45,Male,Mumbai,30-11-2023,Regular,
C00944,39,Male,Pune,04-11-2024,Premium,
C00945,22,Male,Bengaluru,13-04-2024,Regular,
C00946,49,Female,Guntur,10-05-2025,Budget,
C00947,43,Male,Hyderabad,31-10-2024,Premium,
C00948,22,Male,Guntur,14-03-2024,Regular,
C00949,40,Other,Kolkata,25-11-2024,Premium,
C00950,52,Male,Guntur,29-11-2025,Regular,
C00951,33,Female,Chennai,26-03-2024,Budget,
C00952,34,Female,Vijayawada,18-06-2023,Regular,
C00953,23,Female,Guntur,23-03-2024,Regular,
C00954,27,Female,Delhi,08-07-2025,Regular,
C00955,64,Male,Chennai,27-08-2023,Premium,
C00956,47,Female,Bengaluru,05-11-2025,Regular,
C00957,26,Female,Bengaluru,06-10-2024,Budget,
C00958,40,Male,Pune,20-10-2024,Regular,
C00959,27,Female,Vijayawada,14-12-2023,Budget,
C00960,38,Female,Pune,04-10-2025,Regular,
C00961,24,Female,Vijayawada,09-02-2023,Budget,
C00962,47,Female,Ahmedabad,24-11-2023,Budget,
C00963,44,Male,Kolkata,03-04-2024,Premium,
C00964,47,Female,Ahmedabad,06-06-2024,Budget,
C00965,38,Other,Vijayawada,03-06-2024,Regular,
C00966,31,Female,Guntur,11-06-2023,Regular,
C00967,29,Male,Bengaluru,05-09-2023,Budget,
C00968,28,Female,Pune,15-04-2023,Premium,
C00969,38,Female,Delhi,18-09-2024,Budget,
C00970,39,Male,Guntur,20-01-2024,Regular,
C00971,49,Female,Chennai,11-09-2024,Regular,
C00972,20,Female,Guntur,07-10-2024,Regular,
C00973,31,Female,Delhi,07-02-2025,Budget,
C00974,58,Female,Vijayawada,22-08-2024,Regular,
C00975,61,Male,Ahmedabad,10-12-2024,Premium,
C00976,61,Other,Mumbai,04-10-2024,Regular,
C00977,32,Female,Guntur,15-12-2024,Regular,
C00978,24,Female,Bengaluru,06-11-2024,Regular,
C00979,27,Male,Hyderabad,13-12-2023,Regular,
C00980,24,Male,Pune,27-09-2023,Regular,
C00981,62,Female,Mumbai,12-05-2025,Budget,
C00982,59,Male,Bengaluru,11-01-2024,Regular,
C00983,56,Female,Vijayawada,24-08-2024,Budget,
C00984,52,Other,Hyderabad,04-08-2023,Budget,
C00985,34,Female,Pune,17-04-2024,Regular,
C00986,40,Male,Chennai,02-08-2024,Budget,
C00987,57,Female,Chennai,16-11-2024,Regular,
C00988,56,Male,Chennai,30-07-2024,Regular,
C00989,42,Female,Mumbai,30-01-2024,Budget,
C00990,57,Female,Kolkata,19-11-2025,Budget,
C00991,34,Female,Mumbai,15-07-2024,Budget,
C00992,37,Male,Ahmedabad,17-03-2025,Regular,
C00993,57,Male,Delhi,03-09-2024,Budget,
C00994,35,Other,Ahmedabad,28-08-2025,Regular,
C00995,53,Female,Delhi,21-05-2023,Regular,
C00996,39,Female,Mumbai,05-10-2025,Regular,
C00997,32,Female,Pune,19-07-2025,Budget,
C00998,28,Female,Kolkata,05-07-2024,Budget,
C00999,46,Male,Delhi,14-03-2025,Budget,
C01000,40,Female,Vijayawada,23-07-2024,Budget,
C01001,35,Female,Pune,22-10-2023,Premium,
C01002,52,Other,Chennai,25-05-2025,Budget,
C01003,18,Male,Hyderabad,27-09-2023,Budget,
C01004,22,Female,Mumbai,11-12-2023,Regular,
C01005,63,Male,Hyderabad,22-07-2024,Premium,
C01006,49,Female,Hyderabad,05-07-2025,Regular,
C01007,43,Female,Mumbai,25-02-2024,Regular,
C01008,18,Female,Chennai,25-06-2024,Budget,
C01009,46,Male,Guntur,15-02-2023,Regular,
C01010,38,Male,Ahmedabad,07-05-2023,Regular,
C01011,46,Male,Ahmedabad,03-03-2023,Regular,
C01012,19,Male,Pune,20-03-2023,Budget,
C01013,43,Male,Bengaluru,09-08-2025,Regular,
C01014,45,Female,Guntur,10-07-2025,Regular,
C01015,31,Male,Delhi,18-06-2025,Budget,
C01016,20,Male,Delhi,02-03-2023,Regular,
C01017,63,Female,Kolkata,27-03-2023,Budget,
C01018,51,Male,Bengaluru,04-11-2023,Regular,
C01019,47,Male,Delhi,10-09-2024,Budget,
C01020,54,Female,Kolkata,01-01-2024,Premium,
C01021,49,Male,Kolkata,17-06-2024,Regular,
C01022,24,Male,Pune,09-07-2023,Regular,
C01023,39,Female,Vijayawada,11-03-2025,Regular,
C01024,59,Male,Vijayawada,10-12-2023,Regular,
C01025,31,Male,Hyderabad,14-03-2023,Budget,
C01026,63,Male,Hyderabad,24-03-2025,Regular,
C01027,21,Male,Pune,15-09-2025,Budget,
C01028,33,Female,Guntur,17-01-2023,Budget,
C01029,34,Male,,23-04-2024,Regular,
C01030,47,Male,Chennai,24-06-2025,Budget,
C01031,26,Male,Pune,12-02-2025,Regular,
C01032,28,Other,Vijayawada,26-07-2025,Premium,
C01033,49,Male,Bengaluru,30-03-2024,Regular,
C01034,31,Female,Delhi,12-02-2024,Budget,
C01035,59,Male,Kolkata,15-02-2025,Regular,
C01036,58,Female,Mumbai,18-06-2023,Regular,
C01037,32,Male,Hyderabad,20-09-2023,Regular,
C01038,44,Male,Kolkata,19-10-2024,Budget,
C01039,33,Female,Ahmedabad,01-01-2025,Budget,
C01040,34,Male,Kolkata,12-05-2023,Regular,
C01041,49,Female,Kolkata,10-07-2024,Budget,
C01042,31,Female,Kolkata,04-02-2024,Budget,
C01043,25,Female,Mumbai,03-07-2024,Regular,
C01044,30,Male,Hyderabad,15-11-2025,Regular,
C01045,61,Female,Vijayawada,25-03-2023,Budget,
C01046,30,Male,Chennai,26-12-2025,Premium,
C01047,35,Other,,07-05-2024,Budget,
C01048,47,Female,Pune,25-04-2025,Budget,
C01049,22,Female,Pune,09-04-2024,Budget,
C01050,30,Female,Hyderabad,07-12-2023,Budget,
C01051,26,Female,Vijayawada,23-04-2025,Regular,
C01052,61,Female,Pune,22-01-2025,Budget,
C01053,61,Male,Guntur,07-06-2023,Premium,
C01054,53,Female,Ahmedabad,11-02-2025,Premium,
C01055,29,Male,Bengaluru,04-04-2025,Budget,
C01056,46,Male,Vijayawada,29-02-2024,Regular,
C01057,49,Female,Pune,10-10-2025,Regular,
C01058,58,Male,Bengaluru,02-12-2024,Regular,
C01059,25,Female,Pune,01-01-2024,Budget,
C01060,52,Male,Kolkata,12-01-2023,Regular,
C01061,27,Male,Kolkata,09-01-2025,Budget,
C01062,44,Female,Mumbai,17-08-2023,Budget,
C01063,59,Male,Vijayawada,08-04-2025,Premium,
C01064,20,Female,Chennai,28-07-2024,Budget,
C01065,24,Female,Delhi,26-05-2024,Regular,
C01066,56,Female,Guntur,29-06-2023,Budget,
C01067,18,Male,Hyderabad,18-02-2025,Premium,
C01068,50,Female,Delhi,01-07-2023,Regular,
C01069,41,Male,Delhi,02-04-2024,Budget,
C01070,34,Male,Ahmedabad,04-07-2025,Regular,
C01071,58,Male,Ahmedabad,04-10-2025,Budget,
C01072,57,Male,Ahmedabad,19-12-2025,Budget,
C01073,33,Female,Mumbai,15-11-2025,Regular,
C01074,18,Male,Delhi,31-08-2024,Premium,
C01075,24,Male,Hyderabad,08-08-2023,Regular,
C01076,23,Female,Guntur,07-07-2025,Budget,
C01077,64,Female,Mumbai,27-05-2025,Budget,
C01078,46,Male,Delhi,13-12-2024,Regular,
C01079,49,Male,Kolkata,05-06-2023,Budget,
C01080,28,Male,Ahmedabad,04-07-2024,Regular,
C01081,57,Female,Hyderabad,05-05-2024,Regular,
C01082,51,Female,Ahmedabad,12-07-2025,Premium,
C01083,53,Female,Mumbai,05-03-2024,Regular,
C01084,40,Female,Delhi,26-12-2023,Premium,
C01085,50,Male,Bengaluru,29-03-2023,Regular,
C01086,43,Female,Ahmedabad,03-07-2025,Regular,
C01087,36,Male,Delhi,07-04-2025,Budget,
C01088,45,Male,Bengaluru,15-02-2023,Regular,
C01089,33,Male,Bengaluru,19-04-2024,Budget,
C01090,62,Male,Ahmedabad,09-06-2024,Budget,
C01091,51,Female,Bengaluru,28-05-2024,Regular,
C01092,52,Male,Pune,03-10-2025,Budget,
C01093,51,Male,Kolkata,14-06-2023,Premium,
C01094,39,Male,Vijayawada,02-12-2023,Regular,
C01095,62,Other,Bengaluru,18-07-2023,Regular,
C01096,27,Female,Chennai,25-09-2023,Regular,
C01097,44,Female,Bengaluru,20-09-2025,Budget,
C01098,21,Female,Guntur,27-10-2025,Budget,
C01099,31,Female,Pune,18-02-2023,Budget,
C01100,45,Male,Vijayawada,23-11-2024,Regular,
C01101,41,Male,Hyderabad,12-09-2023,Regular,
C01102,62,Male,Ahmedabad,30-07-2023,Budget,
C01103,46,Male,Hyderabad,16-11-2023,Budget,
C01104,37,Female,Bengaluru,01-08-2023,Budget,
C01105,38,Male,Delhi,20-06-2024,Regular,
C01106,46,Male,Mumbai,26-12-2025,Budget,
C01107,55,Female,Mumbai,04-10-2024,Regular,
C01108,30,Male,Hyderabad,02-03-2025,Budget,
C01109,45,Male,Pune,24-06-2024,Budget,
C01110,45,Male,Mumbai,16-01-2023,Regular,
C01111,18,Female,Vijayawada,03-04-2023,Premium,
C01112,60,Male,Ahmedabad,22-10-2023,Budget,
C01113,44,Male,Delhi,24-09-2023,Budget,
C01114,29,Male,Ahmedabad,09-07-2025,Budget,
C01115,47,Female,Pune,12-07-2025,Regular,
C01116,49,Male,Delhi,24-07-2025,Regular,
C01117,61,Male,Vijayawada,29-11-2024,Regular,
C01118,19,Female,Pune,01-09-2024,Regular,
C01119,37,Female,Delhi,11-12-2024,Premium,
C01120,26,Male,Pune,21-03-2024,Budget,
C01121,44,Male,Ahmedabad,03-01-2025,Budget,
C01122,41,Male,Ahmedabad,19-05-2025,Regular,
C01123,40,Female,Pune,15-04-2025,Regular,
C01124,64,Male,Bengaluru,03-11-2024,Budget,
C01125,42,Female,Kolkata,05-03-2023,Premium,
C01126,37,Female,Delhi,04-03-2025,Regular,
C01127,21,Female,Vijayawada,06-02-2024,Premium,
C01128,31,Male,Vijayawada,25-03-2025,Premium,
C01129,60,Female,Hyderabad,13-08-2024,Regular,
C01130,39,Female,Vijayawada,22-08-2025,Premium,
C01131,60,Female,Vijayawada,06-01-2024,Regular,
C01132,43,Male,Vijayawada,16-10-2025,Regular,
C01133,43,Female,Delhi,13-07-2025,Regular,
C01134,38,Female,Chennai,29-12-2023,Premium,
C01135,44,Female,Kolkata,12-06-2024,Regular,
C01136,21,Female,Guntur,04-08-2024,Regular,
C01137,20,Female,Delhi,21-04-2025,Budget,
C01138,40,Male,Vijayawada,24-01-2025,Regular,
C01139,46,Female,Chennai,10-02-2024,Regular,
C01140,43,Female,Guntur,06-07-2024,Regular,
C01141,38,Female,Hyderabad,16-04-2024,Regular,
C01142,31,Male,Guntur,22-09-2025,Regular,
C01143,51,Male,Vijayawada,30-11-2023,Budget,
C01144,46,Female,Ahmedabad,04-10-2024,Regular,
C01145,20,Female,Kolkata,12-05-2023,Budget,
C01146,39,Male,Delhi,20-07-2025,Budget,
C01147,51,Male,Guntur,25-02-2024,Budget,
C01148,54,Female,Bengaluru,08-01-2024,Regular,
C01149,31,Female,Chennai,30-09-2024,Budget,
C01150,61,Male,Bengaluru,30-06-2024,Budget,
C01151,48,Male,Chennai,17-07-2025,Premium,
C01152,38,Male,Pune,04-08-2024,Regular,
C01153,47,Male,Mumbai,20-07-2024,Premium,
C01154,58,Female,Delhi,25-04-2023,Regular,
C01155,28,Female,Chennai,25-01-2023,Budget,
C01156,25,Female,Mumbai,12-03-2024,Regular,
C01157,38,Female,Delhi,29-12-2025,Regular,
C01158,21,Male,Chennai,01-10-2025,Premium,
C01159,57,Male,Vijayawada,19-11-2024,Budget,
C01160,63,Male,Guntur,21-11-2024,Regular,
C01161,46,Male,Guntur,04-03-2024,Regular,
C01162,64,Female,Hyderabad,14-07-2023,Regular,
C01163,21,Male,Delhi,10-01-2023,Budget,
C01164,47,Female,Ahmedabad,07-01-2024,Regular,
C01165,38,Male,Mumbai,13-12-2023,Budget,
C01166,31,Male,Chennai,29-07-2023,Regular,
C01167,32,Male,Kolkata,11-10-2023,Budget,
C01168,43,Female,Hyderabad,28-01-2023,Regular,
C01169,48,Female,Kolkata,27-10-2024,Regular,
C01170,25,Female,Delhi,12-10-2025,Regular,
C01171,46,Male,Kolkata,26-01-2025,Regular,
C01172,61,Female,Kolkata,05-05-2024,Regular,
C01173,18,Female,Pune,05-04-2024,Budget,
C01174,59,Male,Pune,03-12-2023,Regular,
C01175,46,Male,Hyderabad,05-06-2023,Regular,
C01176,34,Male,Vijayawada,17-10-2024,Regular,
C01177,52,Male,Hyderabad,12-09-2024,Budget,
C01178,47,Female,Vijayawada,09-01-2023,Regular,
C01179,54,Male,Vijayawada,30-03-2024,Regular,
C01180,21,Female,Ahmedabad,01-11-2023,Premium,
C01181,20,Female,Ahmedabad,06-07-2023,Premium,
C01182,48,Male,Hyderabad,08-02-2025,Regular,
C01183,32,Female,Vijayawada,29-07-2024,Budget,
C01184,29,Male,Pune,24-11-2024,Regular,
C01185,37,Female,Mumbai,20-02-2025,Budget,
C01186,52,Male,Kolkata,11-12-2025,Regular,
C01187,26,Male,Pune,10-11-2024,Budget,
C01188,63,Male,Mumbai,20-08-2025,Premium,
C01189,37,Female,Mumbai,06-06-2024,Budget,
C01190,25,Female,Bengaluru,14-12-2025,Budget,
C01191,21,Female,Vijayawada,13-04-2025,Regular,
C01192,58,Male,Kolkata,13-12-2024,Budget,
C01193,23,Other,Chennai,16-09-2025,Budget,
C01194,37,Male,Ahmedabad,18-07-2024,Regular,
C01195,49,Female,Kolkata,28-02-2025,Premium,
C01196,42,Female,Bengaluru,08-11-2023,Budget,
C01197,30,Female,Bengaluru,20-11-2025,Regular,
C01198,23,Male,Chennai,13-11-2024,Budget,
C01199,51,Female,Bengaluru,06-05-2025,Regular,
C01200,41,Female,Guntur,19-05-2024,Budget,
C01201,20,Male,Bengaluru,07-08-2025,Regular,
C01202,26,Female,Guntur,23-03-2023,Regular,
C01203,44,Male,Pune,05-05-2023,Premium,
C01204,25,Female,Bengaluru,09-07-2024,Regular,
C01205,36,Female,Guntur,12-03-2025,Regular,
C01206,23,Female,Bengaluru,05-06-2025,Regular,
C01207,55,Male,Vijayawada,26-04-2024,Budget,
C01208,47,Male,Hyderabad,12-12-2024,Budget,
C01209,54,Female,Kolkata,28-08-2024,Regular,
C01210,20,Male,Mumbai,18-11-2025,Budget,
C01211,35,Female,Pune,17-12-2024,Budget,
C01212,30,Male,Guntur,01-04-2024,Regular,
C01213,47,Female,Ahmedabad,27-11-2025,Budget,
C01214,56,Male,Chennai,28-04-2023,Budget,
C01215,28,Male,Hyderabad,14-12-2025,Regular,
C01216,54,Male,Chennai,18-06-2023,Regular,
C01217,45,Male,Guntur,12-11-2023,Budget,
C01218,56,Male,Pune,18-06-2025,Regular,
C01219,21,Male,Ahmedabad,14-03-2025,Budget,
C01220,64,Female,Delhi,28-11-2025,Premium,
C01221,38,Male,Pune,01-04-2025,Regular,
C01222,31,Female,Hyderabad,28-11-2024,Regular,
C01223,26,Female,Hyderabad,15-01-2024,Regular,
C01224,64,Female,Ahmedabad,06-01-2023,Regular,
C01225,59,Male,Chennai,16-05-2023,Regular,
C01226,24,Male,Mumbai,23-11-2023,Regular,
C01227,38,Male,Mumbai,14-02-2023,Premium,
C01228,52,Female,Kolkata,10-07-2024,Premium,
C01229,45,Female,Vijayawada,01-05-2025,Regular,
C01230,26,Male,Ahmedabad,20-11-2025,Regular,
C01231,34,Male,Kolkata,20-06-2024,Budget,
C01232,35,Male,Guntur,16-08-2025,Regular,
C01233,31,Male,Pune,15-12-2025,Regular,
C01234,63,Female,Bengaluru,30-07-2025,Budget,
C01235,27,Male,Delhi,24-05-2024,Premium,
C01236,51,Male,Vijayawada,23-12-2023,Regular,
C01237,60,Male,Ahmedabad,06-12-2025,Premium,
C01238,55,Male,Mumbai,22-09-2023,Regular,
C01239,55,Male,Mumbai,26-03-2024,Regular,
C01240,25,Male,Vijayawada,23-03-2023,Regular,
C01241,24,Male,Hyderabad,19-05-2025,Budget,
C01242,54,Male,Vijayawada,12-12-2024,Premium,
C01243,53,Female,Kolkata,03-04-2023,Budget,
C01244,52,Female,Guntur,01-09-2023,Regular,
C01245,37,Male,Mumbai,31-08-2024,Regular,
C01246,42,Female,Kolkata,14-08-2024,Budget,
C01247,18,Male,Mumbai,28-05-2025,Budget,
C01248,31,Other,Hyderabad,19-10-2023,Regular,
C01249,42,Female,Delhi,09-10-2025,Budget,
C01250,23,Male,Vijayawada,01-05-2024,Premium,
C01251,24,Male,Chennai,19-06-2025,Budget,
C01252,20,Female,Bengaluru,19-09-2023,Regular,
C01253,27,Male,Vijayawada,10-02-2023,Budget,
C01254,64,Male,Vijayawada,02-03-2023,Budget,
C01255,50,Female,Guntur,13-02-2024,Budget,
C01256,62,Female,Vijayawada,09-11-2025,Premium,
C01257,30,Female,Vijayawada,23-02-2023,Regular,
C01258,46,Female,Vijayawada,09-02-2024,Premium,
C01259,59,Female,Vijayawada,30-04-2023,Regular,
C01260,34,Female,Ahmedabad,17-10-2025,Budget,
C01261,48,Female,Mumbai,09-01-2025,Budget,
C01262,50,Female,Delhi,15-04-2025,Regular,
C01263,57,Other,Mumbai,20-02-2025,Budget,
C01264,63,Female,Pune,20-12-2024,Budget,
C01265,46,Female,Kolkata,27-04-2025,Regular,
C01266,45,Female,Chennai,09-01-2023,Budget,
C01267,58,Female,Hyderabad,05-08-2025,Regular,
C01268,50,Male,Kolkata,21-03-2025,Regular,
C01269,34,Female,Vijayawada,20-03-2025,Regular,
C01270,47,Male,Guntur,06-03-2024,Regular,
C01271,43,Male,Hyderabad,26-05-2025,Regular,
C01272,28,Male,Pune,23-02-2024,Regular,
C01273,42,Female,Pune,23-02-2023,Budget,
C01274,47,Female,Delhi,21-09-2025,Budget,
C01275,60,Male,Kolkata,14-09-2023,Budget,
C01276,45,Male,Delhi,22-04-2023,Regular,
C01277,25,Male,Vijayawada,11-11-2024,Regular,
C01278,64,Male,Vijayawada,13-09-2023,Regular,
C01279,45,Male,Kolkata,28-07-2025,Budget,
C01280,31,Female,Delhi,30-04-2024,Budget,
C01281,53,Male,Pune,05-01-2023,Budget,
C01282,36,Male,Vijayawada,08-11-2025,Premium,
C01283,35,Male,Mumbai,17-07-2024,Budget,
C01284,57,Female,Guntur,15-10-2023,Regular,
C01285,58,Female,Pune,11-01-2025,Budget,
C01286,42,Male,Hyderabad,04-08-2024,Regular,
C01287,35,Male,Ahmedabad,02-02-2023,Regular,
C01288,58,Female,Chennai,11-04-2025,Budget,
C01289,26,Male,Pune,15-03-2024,Regular,
C01290,53,Female,Vijayawada,05-02-2025,Regular,
C01291,45,Other,Ahmedabad,07-09-2025,Regular,
C01292,58,Female,Kolkata,30-10-2024,Premium,
C01293,37,Female,Hyderabad,05-01-2025,Premium,
C01294,57,Male,Guntur,06-10-2023,Regular,
C01295,18,Male,Mumbai,18-09-2023,Premium,
C01296,53,Male,Hyderabad,30-03-2024,Regular,
C01297,21,Male,Vijayawada,22-07-2025,Regular,
C01298,48,Male,Bengaluru,27-07-2024,Regular,
C01299,27,Male,Mumbai,17-01-2024,Regular,
C01300,63,Female,Bengaluru,03-05-2025,Regular,
C01301,54,Male,Kolkata,23-07-2025,Regular,
C01302,22,Female,Guntur,15-09-2025,Regular,
C01303,59,Male,Pune,24-11-2023,Premium,
C01304,29,Male,Guntur,16-02-2025,Budget,
C01305,43,Male,Vijayawada,08-10-2024,Regular,
C01306,22,Female,Guntur,06-05-2024,Regular,
C01307,22,Female,Bengaluru,10-03-2024,Premium,
C01308,29,Female,Chennai,06-05-2023,Regular,
C01309,43,Male,Chennai,28-10-2023,Budget,
C01310,43,Male,Kolkata,24-08-2024,Budget,
C01311,58,Other,Guntur,28-08-2025,Budget,
C01312,25,Male,Mumbai,06-08-2025,Budget,
C01313,53,Male,Kolkata,25-07-2023,Budget,
C01314,18,Male,Bengaluru,13-01-2025,Budget,
C01315,31,Male,Pune,09-01-2025,Premium,
C01316,26,Male,Ahmedabad,10-01-2024,Regular,
C01317,23,Male,Mumbai,07-05-2024,Regular,
C01318,45,Female,Bengaluru,24-02-2025,Regular,
C01319,60,Female,Delhi,10-04-2024,Budget,
C01320,49,Male,Ahmedabad,03-06-2025,Regular,
C01321,58,Male,Vijayawada,07-08-2024,Regular,
C01322,45,Female,Kolkata,29-12-2025,Regular,
C01323,20,Male,Kolkata,29-11-2024,Regular,
C01324,34,Female,Delhi,21-11-2023,Budget,
C01325,56,Male,Vijayawada,28-04-2025,Regular,
C01326,20,Female,Guntur,22-03-2024,Regular,
C01327,22,Female,Vijayawada,07-08-2024,Budget,
C01328,57,Male,Guntur,30-05-2023,Regular,
C01329,20,Female,Pune,11-05-2023,Regular,
C01330,63,Female,Vijayawada,21-09-2024,Budget,
C01331,53,Female,Kolkata,24-07-2023,Budget,
C01332,49,Male,Kolkata,28-12-2025,Regular,
C01333,43,Male,Kolkata,25-07-2025,Budget,
C01334,22,Male,Bengaluru,06-02-2025,Regular,
C01335,37,Other,Guntur,15-03-2025,Premium,
C01336,55,Male,Mumbai,13-10-2024,Regular,
C01337,60,Male,Kolkata,08-03-2023,Budget,
C01338,39,Female,Guntur,05-03-2024,Regular,
C01339,57,Male,Bengaluru,26-06-2024,Regular,
C01340,54,Female,Mumbai,29-09-2025,Regular,
C01341,20,Male,Vijayawada,29-08-2023,Premium,
C01342,47,Female,Mumbai,28-06-2024,Regular,
C01343,46,Male,Kolkata,12-01-2024,Budget,
C01344,43,Male,Pune,28-05-2023,Regular,
C01345,54,Female,Guntur,23-04-2023,Premium,
C01346,59,Male,Pune,05-02-2024,Regular,
C01347,43,Male,Delhi,01-04-2023,Premium,
C01348,33,Male,Hyderabad,15-03-2023,Regular,
C01349,64,Female,Delhi,20-01-2024,Premium,
C01350,63,Male,Pune,10-08-2023,Regular,
C01351,50,Male,Kolkata,30-08-2024,Premium,
C01352,48,Male,Ahmedabad,20-01-2023,Premium,
C01353,22,Male,Ahmedabad,27-11-2023,Regular,
C01354,36,Female,Delhi,11-05-2024,Premium,
C01355,27,Male,Hyderabad,20-11-2025,Regular,
C01356,42,Female,Chennai,25-11-2024,Regular,
C01357,56,Female,Delhi,22-08-2025,Regular,
C01358,28,Female,Vijayawada,11-01-2024,Regular,
C01359,64,Female,Ahmedabad,07-05-2024,Regular,
C01360,24,Male,Guntur,05-04-2024,Regular,
C01361,22,Other,Vijayawada,29-08-2025,Regular,
C01362,63,Female,Bengaluru,16-11-2025,Regular,
C01363,22,Female,Hyderabad,19-11-2025,Premium,
C01364,52,Male,Pune,03-04-2025,Regular,
C01365,53,Male,Chennai,04-07-2024,Regular,
C01366,33,Female,Guntur,15-08-2024,Premium,
C01367,21,Male,Delhi,09-12-2025,Regular,
C01368,32,Female,Hyderabad,08-11-2023,Regular,
C01369,21,Male,Chennai,15-01-2024,Regular,
C01370,49,Female,Mumbai,09-09-2025,Regular,
C01371,59,Male,Hyderabad,28-02-2024,Regular,
C01372,64,Male,Mumbai,15-09-2023,Budget,
C01373,55,Male,Pune,05-09-2024,Budget,
C01374,54,Female,Guntur,23-12-2023,Premium,
C01375,59,Female,Kolkata,02-09-2025,Premium,
C01376,54,Female,Hyderabad,22-09-2025,Regular,
C01377,48,Female,Delhi,02-12-2023,Premium,
C01378,64,Female,Ahmedabad,02-08-2024,Regular,
C01379,33,Female,Mumbai,13-12-2025,Budget,
C01380,37,Female,Pune,23-03-2025,Regular,
C01381,60,Female,Vijayawada,25-08-2023,Budget,
C01382,32,Female,Bengaluru,08-10-2024,Budget,
C01383,32,Male,Delhi,09-11-2024,Premium,
C01384,25,Female,Kolkata,16-12-2024,Regular,
C01385,30,Male,Ahmedabad,28-01-2023,Budget,
C01386,45,Male,Guntur,24-11-2023,Regular,
C01387,59,Female,Chennai,24-07-2025,Regular,
C01388,24,Female,Delhi,22-09-2023,Regular,
C01389,49,Male,Guntur,25-11-2023,Budget,
C01390,54,Male,Guntur,20-12-2023,Regular,
C01391,60,Female,Guntur,14-07-2023,Regular,
C01392,53,Male,Kolkata,20-06-2023,Regular,
C01393,25,Male,Chennai,15-01-2024,Premium,
C01394,40,Female,Mumbai,15-08-2025,Regular,
C01395,62,Female,Kolkata,02-01-2023,Premium,
C01396,60,Female,Chennai,07-11-2023,Premium,
C01397,46,Female,Kolkata,08-03-2023,Budget,
C01398,63,Male,Pune,06-09-2024,Budget,
C01399,49,Male,Delhi,02-10-2023,Regular,
C01400,21,Female,Mumbai,17-05-2025,Premium,
C01401,60,Female,Ahmedabad,02-10-2024,Budget,
C01402,25,Male,Delhi,08-05-2025,Budget,
C01403,35,Male,Mumbai,26-11-2024,Regular,
C01404,29,Male,Mumbai,25-04-2024,Regular,
C01405,51,Male,Delhi,31-07-2025,Budget,
C01406,19,Male,Kolkata,05-06-2024,Regular,
C01407,48,Male,Vijayawada,06-11-2025,Budget,
C01408,58,Female,Mumbai,25-12-2025,Premium,
C01409,55,Male,Bengaluru,06-10-2024,Regular,
C01410,32,Female,Vijayawada,08-01-2025,Regular,
C01411,60,Female,Bengaluru,07-10-2023,Premium,
C01412,35,Female,Vijayawada,11-06-2025,Regular,
C01413,49,Other,Bengaluru,05-01-2025,Premium,
C01414,41,Male,Mumbai,15-09-2025,Budget,
C01415,21,Male,Vijayawada,20-10-2023,Budget,
C01416,18,Female,Bengaluru,12-05-2025,Regular,
C01417,26,Male,Bengaluru,29-05-2024,Budget,
C01418,61,Male,Kolkata,22-07-2023,Regular,
C01419,62,Male,Bengaluru,07-07-2023,Regular,
C01420,37,Female,Hyderabad,07-09-2024,Budget,
C01421,63,Male,Kolkata,16-12-2023,Regular,
C01422,20,Female,Vijayawada,22-04-2023,Regular,
C01423,63,Male,Ahmedabad,12-04-2024,Regular,
C01424,28,Female,Vijayawada,15-12-2024,Budget,
C01425,19,Male,Pune,16-12-2023,Premium,
C01426,53,Female,Kolkata,12-11-2025,Regular,
C01427,35,Female,Vijayawada,03-05-2025,Premium,
C01428,31,Male,Pune,15-07-2024,Regular,
C01429,53,Male,Hyderabad,20-10-2025,Regular,
C01430,33,Female,Chennai,19-04-2024,Budget,
C01431,53,Female,Kolkata,02-06-2023,Regular,
C01432,27,Male,Guntur,09-02-2023,Budget,
C01433,22,Male,Kolkata,24-10-2025,Premium,
C01434,33,Male,Delhi,16-11-2025,Budget,
C01435,46,Male,Mumbai,20-03-2025,Regular,
C01436,28,Male,Kolkata,23-04-2023,Regular,
C01437,24,Male,Guntur,18-11-2023,Regular,
C01438,53,Male,Chennai,14-02-2023,Regular,
C01439,41,Female,Pune,26-02-2023,Regular,
C01440,38,Female,Delhi,27-09-2023,Regular,
C01441,29,Female,Chennai,18-09-2024,Premium,
C01442,18,Female,Delhi,13-03-2023,Regular,
C01443,20,Female,Hyderabad,14-12-2025,Regular,
C01444,50,Male,Pune,13-05-2024,Premium,
C01445,21,Female,Bengaluru,16-10-2023,Budget,
C01446,29,Male,Delhi,19-07-2024,Budget,
C01447,60,Female,Guntur,15-05-2025,Budget,
C01448,34,Female,Bengaluru,09-12-2023,Regular,
C01449,52,Female,Chennai,22-02-2023,Regular,
C01450,34,Male,Ahmedabad,25-02-2023,Budget,
C01451,61,Female,Vijayawada,21-07-2025,Budget,
C01452,56,Male,Vijayawada,03-05-2023,Budget,
C01453,40,Male,Bengaluru,26-11-2024,Regular,
C01454,50,Male,Chennai,26-02-2024,Budget,
C01455,37,Male,Vijayawada,01-05-2025,Regular,
C01456,62,Female,Pune,08-03-2023,Premium,
C01457,34,Male,Guntur,10-09-2025,Regular,
C01458,57,Male,Hyderabad,03-02-2025,Premium,
C01459,46,Other,Bengaluru,06-05-2024,Premium,
C01460,48,Female,Chennai,15-08-2023,Regular,
C01461,34,Male,Hyderabad,27-11-2023,Regular,
C01462,57,Female,Guntur,21-06-2024,Regular,
C01463,53,Female,Guntur,07-03-2024,Regular,
C01464,56,Male,Mumbai,10-09-2023,Regular,
C01465,55,Female,Hyderabad,01-04-2024,Budget,
C01466,25,Female,Bengaluru,15-06-2023,Regular,
C01467,59,Male,Chennai,02-01-2023,Premium,
C01468,57,Female,Ahmedabad,14-11-2023,Regular,
C01469,29,Male,Guntur,03-05-2023,Regular,
C01470,64,Female,Pune,30-03-2024,Regular,
C01471,42,Male,Vijayawada,02-08-2025,Regular,
C01472,33,Male,Vijayawada,28-06-2023,Regular,
C01473,28,Other,Ahmedabad,02-01-2023,Regular,
C01474,35,Female,Hyderabad,02-05-2023,Regular,
C01475,19,Male,Guntur,10-07-2024,Regular,
C01476,50,Male,Vijayawada,28-10-2023,Premium,
C01477,51,Male,Pune,20-06-2024,Budget,
C01478,49,Other,Pune,02-02-2023,Premium,
C01479,43,Male,Ahmedabad,31-12-2023,Budget,
C01480,35,Male,Pune,25-03-2024,Premium,
C01481,52,Female,Mumbai,17-04-2024,Regular,
C01482,58,Male,Kolkata,26-08-2024,Regular,
C01483,22,Male,Ahmedabad,04-05-2025,Regular,
C01484,35,Female,Bengaluru,26-05-2024,Regular,
C01485,64,Male,Kolkata,10-07-2025,Regular,
C01486,58,Female,Bengaluru,03-08-2024,Budget,
C01487,64,Female,Pune,13-10-2023,Budget,
C01488,26,Male,,08-09-2023,Budget,
C01489,39,Female,Vijayawada,20-12-2023,Regular,
C01490,24,Female,Kolkata,16-10-2024,Regular,
C01491,58,Female,Delhi,23-09-2023,Budget,
C01492,42,Female,Pune,28-09-2025,Regular,
C01493,29,Male,Kolkata,09-06-2024,Budget,
C01494,22,Male,Bengaluru,03-08-2025,Budget,
C01495,52,Female,Pune,18-01-2025,Regular,
C01496,56,Male,Ahmedabad,01-01-2024,Regular,
C01497,59,Male,Chennai,07-09-2023,Budget,
C01498,63,Female,Delhi,25-03-2025,Premium,
C01499,56,Male,Mumbai,29-12-2023,Regular,
C01500,54,Female,Bengaluru,28-09-2023,Regular,
C01501,56,Female,Vijayawada,15-10-2025,Budget,
C01502,64,Female,Pune,12-06-2024,Regular,
C01503,39,Male,Mumbai,23-02-2023,Premium,
C01504,53,Male,Mumbai,25-06-2024,Regular,
C01505,56,Female,Kolkata,19-05-2024,Budget,
C01506,23,Male,Bengaluru,04-08-2025,Regular,
C01507,50,Female,Pune,18-02-2025,Regular,
C01508,33,Female,Chennai,29-07-2023,Budget,
C01509,24,Male,Guntur,14-06-2023,Regular,
C01510,26,Male,Ahmedabad,22-10-2024,Budget,
C01511,23,Female,Ahmedabad,21-02-2023,Regular,
C01512,60,Male,Bengaluru,16-12-2023,Regular,
C01513,54,Female,Hyderabad,01-06-2023,Regular,
C01514,22,Female,Delhi,23-01-2023,Premium,
C01515,47,Male,Mumbai,03-10-2025,Regular,
C01516,49,Female,Ahmedabad,09-04-2023,Budget,
C01517,42,Male,Ahmedabad,11-01-2023,Regular,
C01518,46,Male,Mumbai,18-10-2025,Regular,
C01519,60,Other,Bengaluru,26-07-2023,Regular,
C01520,42,Female,Mumbai,13-06-2025,Premium,
C01521,49,Female,Pune,04-02-2023,Regular,
C01522,44,Female,Chennai,18-06-2023,Premium,
C01523,36,Female,Mumbai,02-05-2023,Budget,
C01524,59,Male,Chennai,12-02-2025,Budget,
C01525,37,Male,Hyderabad,10-11-2024,Budget,
C01526,55,Male,Kolkata,04-06-2024,Regular,
C01527,46,Male,Vijayawada,22-09-2023,Budget,
C01528,50,Male,Vijayawada,08-04-2023,Budget,
C01529,53,Female,Vijayawada,15-09-2024,Premium,
C01530,52,Male,Kolkata,10-09-2023,Budget,
C01531,44,Female,Ahmedabad,08-10-2024,Budget,
C01532,46,Female,Hyderabad,22-01-2025,Regular,
C01533,41,Other,Chennai,19-07-2025,Budget,
C01534,33,Male,Ahmedabad,24-06-2024,Budget,
C01535,52,Female,Vijayawada,06-01-2023,Budget,
C01536,59,Female,Vijayawada,04-11-2023,Budget,
C01537,51,Male,Kolkata,23-07-2025,Regular,
C01538,54,Male,Bengaluru,06-08-2024,Regular,
C01539,57,Male,Vijayawada,08-11-2024,Regular,
C01540,35,Female,Mumbai,16-05-2024,Regular,
C01541,20,Female,Hyderabad,28-06-2023,Regular,
C01542,33,Female,Ahmedabad,08-09-2025,Premium,
C01543,53,Female,Bengaluru,26-04-2025,Regular,
C01544,56,Male,Mumbai,25-12-2025,Budget,
C01545,42,Male,Kolkata,25-07-2025,Budget,
C01546,54,Female,Vijayawada,15-11-2023,Budget,
C01547,21,Other,Vijayawada,06-10-2023,Regular,
C01548,48,Female,Bengaluru,30-09-2023,Regular,
C01549,49,Male,Bengaluru,03-10-2025,Budget,
C01550,41,Male,Guntur,01-09-2024,Budget,
C01551,51,Male,Mumbai,12-05-2024,Premium,
C01552,41,Male,Hyderabad,26-11-2025,Regular,
C01553,42,Male,Pune,22-10-2024,Budget,
C01554,46,Female,Kolkata,22-09-2025,Premium,
C01555,55,Female,Vijayawada,14-12-2025,Regular,
C01556,29,Male,Delhi,28-03-2023,Regular,
C01557,32,Male,Ahmedabad,31-01-2024,Regular,
C01558,37,Male,Pune,14-03-2025,Regular,
C01559,27,Male,Vijayawada,09-06-2025,Budget,
C01560,33,Female,Delhi,12-06-2023,Premium,
C01561,34,Male,Kolkata,15-12-2023,Regular,
C01562,32,Female,Vijayawada,23-08-2024,Regular,
C01563,37,Male,Guntur,25-05-2025,Regular,
C01564,41,Male,Delhi,04-05-2023,Premium,
C01565,50,Other,Pune,19-10-2024,Budget,
C01566,32,Male,Pune,21-11-2023,Budget,
C01567,57,Male,Bengaluru,25-08-2023,Regular,
C01568,40,Female,Chennai,18-07-2024,Budget,
C01569,51,Male,Ahmedabad,29-03-2024,Regular,
C01570,23,Male,Hyderabad,27-11-2024,Regular,
C01571,26,Male,Kolkata,14-12-2023,Budget,
C01572,39,Male,Delhi,20-06-2025,Budget,
C01573,35,Female,Delhi,27-03-2023,Regular,
C01574,41,Male,Guntur,01-08-2025,Budget,
C01575,25,Female,Chennai,02-02-2023,Budget,
C01576,40,Female,Ahmedabad,16-03-2025,Regular,
C01577,50,Male,Ahmedabad,15-01-2024,Budget,
C01578,52,Male,Vijayawada,24-02-2024,Regular,
C01579,29,Male,Guntur,21-01-2023,Premium,
C01580,34,Male,Pune,07-02-2025,Regular,
C01581,42,Male,Mumbai,01-07-2023,Regular,
C01582,42,Female,Ahmedabad,22-12-2024,Regular,
C01583,55,Male,Vijayawada,05-03-2025,Premium,
C01584,36,Female,Chennai,14-07-2025,Premium,
C01585,49,Female,Mumbai,14-02-2025,Regular,
C01586,59,Female,Delhi,27-11-2023,Budget,
C01587,32,Male,Bengaluru,19-03-2025,Budget,
C01588,56,Male,Mumbai,23-06-2025,Budget,
C01589,33,Other,Bengaluru,14-12-2023,Budget,
C01590,33,Male,Ahmedabad,16-05-2023,Budget,
C01591,48,Female,Delhi,01-09-2025,Premium,
C01592,47,Female,Kolkata,11-06-2023,Budget,
C01593,43,Female,Hyderabad,12-10-2024,Budget,
C01594,28,Male,Pune,16-09-2023,Premium,
C01595,22,Male,Ahmedabad,18-05-2023,Premium,
C01596,60,Female,Kolkata,30-04-2025,Budget,
C01597,59,Female,Ahmedabad,07-06-2023,Budget,
C01598,59,Female,Bengaluru,03-01-2025,Regular,
C01599,42,Female,Pune,28-01-2025,Premium,
C01600,59,Female,Delhi,07-03-2023,Regular,
C01601,40,Other,Guntur,09-07-2023,Regular,
C01602,21,Female,Kolkata,19-05-2025,Regular,
C01603,27,Male,Vijayawada,09-07-2024,Regular,
C01604,30,Male,Hyderabad,13-05-2023,Budget,
C01605,35,Female,Delhi,21-12-2025,Regular,
C01606,62,Female,Ahmedabad,18-10-2023,Premium,
C01607,33,Male,Hyderabad,05-01-2023,Regular,
C01608,46,Female,Kolkata,08-10-2025,Budget,
C01609,30,Male,Chennai,19-01-2023,Regular,
C01610,48,Male,Hyderabad,28-08-2024,Regular,
C01611,44,Female,Kolkata,23-12-2025,Budget,
C01612,25,Male,Delhi,24-09-2024,Budget,
C01613,39,Female,Delhi,02-10-2024,Budget,
C01614,22,Female,Mumbai,01-03-2024,Premium,
C01615,59,Female,Kolkata,19-05-2023,Budget,
C01616,51,Male,Kolkata,09-09-2025,Regular,
C01617,62,Female,Kolkata,10-04-2023,Regular,
C01618,59,Male,Ahmedabad,22-08-2025,Premium,
C01619,28,Female,Kolkata,30-03-2024,Premium,
C01620,51,Male,Hyderabad,10-08-2024,Premium,
C01621,22,Other,Bengaluru,01-07-2023,Premium,
C01622,63,Female,Vijayawada,11-11-2024,Regular,
C01623,54,Male,Chennai,19-07-2023,Budget,
C01624,49,Male,Delhi,27-10-2023,Budget,
C01625,64,Male,Mumbai,01-03-2025,Regular,
C01626,57,Female,Vijayawada,25-02-2023,Budget,
C01627,58,Female,Guntur,04-05-2024,Regular,
C01628,22,Female,Delhi,13-10-2024,Budget,
C01629,19,Female,Kolkata,25-05-2023,Regular,
C01630,63,Male,Pune,19-11-2023,Budget,
C01631,29,Female,Kolkata,12-01-2024,Budget,
C01632,38,Male,Vijayawada,27-12-2024,Regular,
C01633,20,Female,Kolkata,05-12-2025,Regular,
C01634,47,Male,Bengaluru,04-07-2025,Premium,
C01635,56,Female,Pune,27-07-2023,Regular,
C01636,57,Male,Guntur,20-01-2023,Regular,
C01637,45,Male,Hyderabad,26-02-2023,Budget,
C01638,49,Male,Mumbai,14-10-2024,Budget,
C01639,42,Female,Chennai,21-06-2023,Regular,
C01640,38,Female,Ahmedabad,11-09-2023,Budget,
C01641,44,Male,Bengaluru,16-07-2025,Regular,
C01642,61,Male,Kolkata,14-08-2025,Premium,
C01643,29,Male,Hyderabad,07-07-2025,Budget,
C01644,40,Female,Vijayawada,05-10-2023,Regular,
C01645,46,Other,Mumbai,09-11-2024,Regular,
C01646,44,Female,Delhi,30-10-2024,Budget,
C01647,19,Female,Ahmedabad,22-07-2023,Regular,
C01648,31,Male,Mumbai,29-08-2024,Regular,
C01649,48,Male,Bengaluru,29-07-2024,Premium,
C01650,50,Female,Vijayawada,09-03-2024,Budget,
C01651,52,Female,Bengaluru,03-04-2025,Regular,
C01652,64,Male,Delhi,11-01-2025,Budget,
C01653,49,Female,Bengaluru,06-08-2024,Budget,
C01654,45,Male,Kolkata,05-03-2025,Regular,
C01655,33,Male,Chennai,15-04-2025,Regular,
C01656,35,Male,Vijayawada,12-09-2024,Regular,
C01657,56,Female,Chennai,21-10-2023,Premium,
C01658,40,Female,Kolkata,10-04-2025,Budget,
C01659,51,Female,Hyderabad,24-02-2025,Regular,
C01660,23,Female,Bengaluru,12-12-2025,Budget,
C01661,24,Female,Chennai,14-06-2023,Regular,
C01662,28,Male,Guntur,04-04-2024,Budget,
C01663,27,Female,Vijayawada,09-10-2025,Budget,
C01664,46,Male,Kolkata,17-07-2024,Regular,
C01665,47,Female,Mumbai,29-10-2025,Regular,
C01666,44,Male,Mumbai,14-01-2023,Regular,
C01667,31,Male,Chennai,08-02-2023,Premium,
C01668,45,Female,Mumbai,21-05-2025,Regular,
C01669,23,Male,Delhi,28-01-2024,Regular,
C01670,40,Male,Kolkata,23-07-2024,Premium,
C01671,25,Female,Chennai,13-04-2024,Regular,
C01672,21,Female,Hyderabad,22-03-2024,Budget,
C01673,25,Male,Pune,25-10-2025,Regular,
C01674,23,Male,Chennai,14-04-2023,Regular,
C01675,40,Male,Delhi,25-04-2025,Regular,
C01676,43,Female,Ahmedabad,01-09-2025,Regular,
C01677,46,Female,Guntur,20-12-2024,Budget,
C01678,38,Male,Pune,08-03-2024,Regular,
C01679,26,Female,Vijayawada,25-06-2023,Budget,
C01680,18,Female,Chennai,17-01-2025,Premium,
C01681,51,Other,Ahmedabad,28-05-2024,Regular,
C01682,64,Male,Vijayawada,13-06-2023,Premium,
C01683,31,Female,Chennai,29-01-2024,Budget,
C01684,27,Female,Ahmedabad,18-11-2025,Regular,
C01685,32,Male,Delhi,18-10-2023,Budget,
C01686,28,Male,Guntur,15-07-2023,Regular,
C01687,28,Male,Mumbai,16-01-2025,Regular,
C01688,41,Male,Vijayawada,07-08-2023,Regular,
C01689,54,Female,,04-10-2025,Regular,
C01690,51,Female,Ahmedabad,29-07-2025,Premium,
C01691,63,Male,Hyderabad,12-12-2025,Budget,
C01692,34,Female,Hyderabad,26-09-2025,Regular,
C01693,41,Male,Kolkata,24-09-2023,Regular,
C01694,35,Other,Delhi,21-08-2023,Budget,
C01695,19,Male,Mumbai,11-01-2024,Regular,
C01696,36,Female,Guntur,29-05-2024,Regular,
C01697,30,Female,Delhi,21-08-2025,Regular,
C01698,40,Female,Delhi,14-03-2025,Regular,
C01699,25,Female,Mumbai,06-12-2024,Regular,
C01700,52,Male,Vijayawada,19-08-2025,Premium,
C01701,57,Female,Mumbai,08-12-2024,Budget,
C01702,63,Female,Chennai,20-02-2024,Regular,
C01703,21,Male,Kolkata,28-03-2024,Regular,
C01704,23,Other,Hyderabad,20-07-2024,Budget,
C01705,63,Male,Pune,08-04-2023,Regular,
C01706,57,Male,Pune,23-03-2025,Regular,
C01707,45,Female,Chennai,15-12-2024,Budget,
C01708,33,Male,Ahmedabad,11-03-2025,Regular,
C01709,42,Male,Hyderabad,07-08-2024,Regular,
C01710,43,Male,Vijayawada,07-05-2025,Budget,
C01711,57,Female,Guntur,05-11-2025,Budget,
C01712,42,Female,Bengaluru,16-09-2024,Regular,
C01713,19,Male,Delhi,01-05-2024,Regular,
C01714,50,Female,Bengaluru,25-04-2023,Regular,
C01715,54,Female,Kolkata,02-05-2025,Regular,
C01716,32,Female,Mumbai,16-09-2025,Budget,
C01717,23,Female,Delhi,04-02-2025,Regular,
C01718,24,Female,Vijayawada,05-08-2025,Budget,
C01719,57,Male,Kolkata,01-08-2025,Premium,
C01720,39,Male,Guntur,23-05-2025,Regular,
C01721,42,Female,Kolkata,04-07-2024,Budget,
C01722,63,Male,Delhi,20-04-2023,Regular,
C01723,20,Male,Hyderabad,04-01-2023,Premium,
C01724,27,Male,Hyderabad,12-08-2023,Premium,
C01725,57,Male,Pune,16-04-2024,Regular,
C01726,43,Female,Pune,25-03-2025,Budget,
C01727,19,Male,Pune,14-05-2024,Regular,
C01728,51,Female,Guntur,26-01-2023,Regular,
C01729,24,Female,Hyderabad,19-08-2023,Regular,
C01730,54,Male,Kolkata,08-12-2025,Budget,
C01731,55,Male,Ahmedabad,17-12-2025,Premium,
C01732,56,Male,Kolkata,17-02-2024,Regular,
C01733,39,Female,Chennai,31-05-2025,Budget,
C01734,30,Male,Delhi,26-02-2025,Budget,
C01735,59,Female,Hyderabad,16-10-2025,Budget,
C01736,44,Male,Bengaluru,29-08-2025,Regular,
C01737,47,Male,Guntur,19-11-2024,Budget,
C01738,24,Male,Kolkata,08-03-2024,Regular,
C01739,47,Male,Guntur,17-11-2024,Budget,
C01740,45,Male,Kolkata,16-12-2023,Budget,
C01741,31,Female,Chennai,17-01-2024,Budget,
C01742,54,Male,Guntur,28-10-2024,Regular,
C01743,24,Female,Kolkata,17-09-2024,Regular,
C01744,51,Female,Bengaluru,28-09-2024,Regular,
C01745,63,Female,Hyderabad,26-02-2024,Regular,
C01746,44,Female,Ahmedabad,24-03-2024,Regular,
C01747,22,Male,Ahmedabad,12-01-2023,Regular,
C01748,44,Female,Hyderabad,20-10-2024,Budget,
C01749,42,Male,Delhi,22-09-2024,Regular,
C01750,43,Female,Vijayawada,21-10-2025,Budget,
C01751,30,Male,Ahmedabad,06-07-2024,Regular,
C01752,47,Female,Guntur,27-05-2024,Regular,
C01753,30,Female,Mumbai,16-03-2023,Regular,
C01754,44,Female,Bengaluru,04-08-2023,Regular,
C01755,45,Male,Mumbai,06-01-2024,Regular,
C01756,48,Female,Kolkata,18-02-2024,Budget,
C01757,55,Female,Guntur,02-02-2024,Premium,
C01758,59,Female,Kolkata,07-03-2024,Budget,
C01759,54,Male,Hyderabad,21-04-2025,Budget,
C01760,55,Male,Pune,24-05-2023,Budget,
C01761,58,Male,Bengaluru,30-12-2023,Premium,
C01762,29,Female,Kolkata,28-06-2023,Premium,
C01763,31,Male,Delhi,04-12-2023,Budget,
C01764,43,Female,Pune,19-01-2025,Budget,
C01765,39,Female,Pune,21-02-2023,Regular,
C01766,50,Female,Kolkata,07-01-2024,Budget,
C01767,18,Female,Hyderabad,26-01-2023,Budget,
C01768,24,Female,Vijayawada,11-11-2025,Regular,
C01769,53,Female,Pune,07-03-2025,Regular,
C01770,56,Male,Pune,24-09-2023,Regular,
C01771,32,Female,Mumbai,06-08-2023,Regular,
C01772,32,Other,Bengaluru,19-04-2023,Regular,
C01773,44,Male,Kolkata,01-06-2024,Regular,
C01774,40,Female,Mumbai,05-04-2025,Budget,
C01775,25,Other,Vijayawada,01-10-2024,Budget,
C01776,41,Female,Kolkata,22-08-2025,Premium,
C01777,56,Female,Delhi,12-01-2024,Budget,
C01778,52,Female,Hyderabad,01-11-2023,Regular,
C01779,56,Male,Pune,07-06-2024,Budget,
C01780,48,Male,Guntur,10-08-2023,Budget,
C01781,59,Male,Delhi,04-12-2025,Regular,
C01782,29,Female,Kolkata,23-07-2023,Budget,
C01783,20,Male,Bengaluru,08-06-2024,Regular,
C01784,23,Female,Delhi,25-07-2024,Regular,
C01785,64,Female,Ahmedabad,04-03-2023,Regular,
C01786,48,Female,Delhi,27-05-2024,Regular,
C01787,29,Male,Guntur,12-05-2024,Budget,
C01788,58,Male,Delhi,12-10-2023,Regular,
C01789,32,Male,Guntur,21-05-2023,Premium,
C01790,46,Male,Kolkata,19-02-2023,Budget,
C01791,29,Male,Vijayawada,10-01-2023,Regular,
C01792,22,Male,Pune,11-06-2024,Regular,
C01793,30,Male,Delhi,09-04-2023,Regular,
C01794,28,Female,Mumbai,16-11-2025,Budget,
C01795,43,Male,Kolkata,25-09-2023,Budget,
C01796,18,Male,Vijayawada,15-12-2024,Budget,
C01797,29,Female,Bengaluru,07-01-2025,Budget,
C01798,44,Female,Vijayawada,26-06-2024,Regular,
C01799,36,Female,Vijayawada,25-08-2025,Premium,
C01800,47,Female,Ahmedabad,02-05-2023,Regular,
C01801,48,Male,Pune,14-09-2023,Regular,
C01802,63,Female,Guntur,04-10-2023,Budget,
C01803,57,Female,Chennai,29-05-2023,Regular,
C01804,28,Female,Kolkata,19-11-2023,Regular,
C01805,50,Female,Guntur,09-12-2023,Regular,
C01806,47,Male,Guntur,17-04-2025,Regular,
C01807,45,Female,Pune,27-11-2023,Regular,
C01808,55,Female,Mumbai,17-08-2025,Budget,
C01809,24,Female,Vijayawada,26-04-2025,Premium,
C01810,35,Male,Kolkata,14-09-2025,Budget,
C01811,56,Male,Ahmedabad,26-04-2023,Budget,
C01812,59,Male,Kolkata,14-12-2025,Regular,
C01813,19,Male,Guntur,03-11-2024,Budget,
C01814,40,Male,Delhi,11-12-2025,Budget,
C01815,30,Female,Pune,24-01-2024,Premium,
C01816,25,Male,Guntur,09-11-2025,Budget,
C01817,20,Male,Pune,06-10-2024,Budget,
C01818,43,Male,Chennai,20-03-2023,Budget,
C01819,49,Female,Ahmedabad,25-03-2024,Budget,
C01820,42,Female,Mumbai,31-05-2023,Premium,
C01821,35,Female,Bengaluru,27-10-2025,Regular,
C01822,54,Female,Mumbai,30-11-2023,Premium,
C01823,48,Other,Hyderabad,01-09-2023,Premium,
C01824,60,Female,Guntur,28-08-2024,Regular,
C01825,34,Female,Vijayawada,10-04-2024,Regular,
C01826,29,Male,Chennai,17-04-2023,Regular,
C01827,39,Female,Vijayawada,13-06-2025,Regular,
C01828,41,Male,Ahmedabad,15-07-2025,Regular,
C01829,39,Female,Vijayawada,24-03-2025,Regular,
C01830,57,Male,Bengaluru,06-11-2024,Regular,
C01831,20,Male,Hyderabad,16-03-2024,Regular,
C01832,42,Male,Vijayawada,16-08-2024,Budget,
C01833,38,Female,Chennai,24-07-2024,Regular,
C01834,27,Female,Pune,01-07-2023,Regular,
C01835,48,Male,Vijayawada,31-03-2023,Regular,
C01836,55,Female,Mumbai,05-10-2023,Regular,
C01837,43,Male,Hyderabad,12-05-2024,Regular,
C01838,21,Female,Ahmedabad,25-06-2023,Regular,
C01839,21,Male,Delhi,27-04-2023,Budget,
C01840,37,Male,Hyderabad,21-07-2025,Regular,
C01841,49,Female,Mumbai,15-02-2024,Budget,
C01842,32,Female,Pune,01-10-2024,Budget,
C01843,32,Female,Guntur,27-07-2024,Budget,
C01844,58,Female,,15-03-2025,Regular,
C01845,18,Female,Pune,21-03-2025,Regular,
C01846,21,Male,Bengaluru,21-11-2023,Budget,
C01847,25,Male,Chennai,17-07-2025,Premium,
C01848,64,Other,Chennai,11-02-2024,Regular,
C01849,41,Male,Pune,03-07-2025,Regular,
C01850,25,Female,Kolkata,19-03-2024,Regular,
C01851,32,Male,Bengaluru,02-05-2023,Regular,
C01852,63,Female,Hyderabad,12-04-2025,Regular,
C01853,50,Male,Ahmedabad,03-02-2023,Budget,
C01854,28,Female,Chennai,25-04-2025,Budget,
C01855,29,Female,Kolkata,17-02-2023,Regular,
C01856,21,Male,Hyderabad,15-08-2023,Premium,
C01857,54,Male,Kolkata,22-10-2024,Regular,
C01858,24,Male,Vijayawada,27-10-2025,Regular,
C01859,31,Male,Delhi,23-03-2024,Budget,
C01860,34,Male,Pune,13-05-2023,Regular,
C01861,47,Female,Chennai,13-09-2023,Regular,
C01862,46,Male,Chennai,08-09-2025,Regular,
C01863,55,Male,Hyderabad,06-03-2025,Regular,
C01864,31,Male,Delhi,20-04-2023,Budget,
C01865,36,Male,Vijayawada,26-02-2024,Budget,
C01866,36,Male,Bengaluru,17-10-2023,Budget,
C01867,20,Female,Delhi,14-07-2023,Regular,
C01868,52,Female,Guntur,15-07-2025,Regular,
C01869,43,Female,Delhi,07-11-2024,Budget,
C01870,40,Male,Ahmedabad,16-07-2023,Premium,
C01871,64,Female,Mumbai,13-12-2024,Regular,
C01872,26,Female,Kolkata,28-03-2024,Regular,
C01873,63,Female,Vijayawada,09-03-2023,Premium,
C01874,49,Female,Pune,07-05-2024,Premium,
C01875,28,Male,Ahmedabad,22-07-2023,Budget,
C01876,49,Other,Kolkata,26-09-2023,Premium,
C01877,53,Female,Hyderabad,20-08-2025,Regular,
C01878,35,Female,Bengaluru,16-02-2025,Budget,
C01879,34,Female,Kolkata,27-05-2023,Budget,
C01880,57,Other,Mumbai,21-07-2025,Regular,
C01881,25,Male,Delhi,20-09-2024,Premium,
C01882,18,Female,Delhi,15-08-2025,Regular,
C01883,49,Female,Ahmedabad,29-03-2025,Regular,
C01884,60,Female,Vijayawada,07-01-2024,Budget,
C01885,41,Female,Vijayawada,08-08-2024,Regular,
C01886,24,Male,Hyderabad,04-08-2024,Budget,
C01887,43,Male,Ahmedabad,27-02-2025,Regular,
C01888,29,Male,Ahmedabad,30-09-2023,Regular,
C01889,56,Female,Guntur,31-12-2023,Budget,
C01890,46,Female,Delhi,26-09-2023,Premium,
C01891,33,Female,Pune,21-11-2023,Premium,
C01892,47,Female,Delhi,26-06-2023,Regular,
C01893,49,Female,Mumbai,10-02-2023,Regular,
C01894,49,Male,Chennai,26-10-2025,Regular,
C01895,35,Female,Kolkata,23-03-2023,Budget,
C01896,44,Female,Hyderabad,30-08-2025,Budget,
C01897,20,Female,Ahmedabad,04-01-2023,Regular,
C01898,36,Female,Guntur,01-05-2025,Regular,
C01899,35,Other,Chennai,26-12-2023,Regular,
C01900,43,Male,Chennai,20-07-2024,Regular,
C01901,62,Female,Pune,06-11-2023,Regular,
C01902,62,Female,Guntur,21-06-2024,Budget,
C01903,40,Male,Bengaluru,09-05-2024,Budget,
C01904,48,Male,Delhi,03-08-2024,Budget,
C01905,23,Male,Chennai,06-03-2024,Regular,
C01906,40,Male,Guntur,10-08-2024,Regular,
C01907,50,Female,Guntur,22-06-2025,Regular,
C01908,50,Male,Hyderabad,20-04-2024,Regular,
C01909,63,Male,Bengaluru,31-01-2024,Regular,
C01910,39,Female,Bengaluru,25-05-2023,Budget,
C01911,60,Male,Guntur,29-01-2024,Regular,
C01912,63,Female,Vijayawada,18-05-2023,Premium,
C01913,44,Male,Mumbai,19-07-2023,Budget,
C01914,22,Male,Bengaluru,08-11-2025,Regular,
C01915,35,Other,Kolkata,08-04-2023,Budget,
C01916,53,Female,Guntur,11-06-2024,Budget,
C01917,45,Female,Vijayawada,02-07-2025,Regular,
C01918,62,Female,Delhi,09-11-2025,Regular,
C01919,56,Male,Ahmedabad,10-06-2023,Regular,
C01920,20,Female,Vijayawada,29-06-2023,Premium,
C01921,58,Male,Guntur,12-02-2024,Regular,
C01922,34,Female,Delhi,30-08-2024,Regular,
C01923,56,Male,Chennai,16-11-2025,Budget,
C01924,41,Female,Mumbai,16-08-2023,Regular,
C01925,39,Male,Mumbai,05-10-2023,Regular,
C01926,21,Male,Vijayawada,15-08-2025,Regular,
C01927,23,Male,Ahmedabad,02-02-2023,Regular,
C01928,45,Female,Guntur,21-02-2024,Regular,
C01929,44,Male,Ahmedabad,11-05-2023,Budget,
C01930,44,Female,Delhi,21-06-2023,Budget,
C01931,25,Male,Ahmedabad,30-09-2025,Regular,
C01932,41,Female,Kolkata,02-01-2023,Regular,
C01933,20,Male,Ahmedabad,19-12-2023,Regular,
C01934,24,Female,Mumbai,29-09-2025,Premium,
C01935,41,Male,Chennai,27-10-2024,Regular,
C01936,46,Male,Bengaluru,20-03-2023,Budget,
C01937,48,Male,Chennai,24-05-2024,Regular,
C01938,64,Male,Vijayawada,29-11-2025,Regular,
C01939,58,Male,Vijayawada,14-03-2024,Regular,
C01940,35,Male,Bengaluru,01-08-2024,Regular,
C01941,54,Female,Pune,05-08-2024,Regular,
C01942,22,Female,Vijayawada,24-12-2024,Budget,
C01943,58,Male,Ahmedabad,25-07-2023,Budget,
C01944,36,Male,Kolkata,08-07-2025,Budget,
C01945,53,Male,Pune,18-12-2025,Regular,
C01946,63,Male,Mumbai,06-06-2023,Premium,
C01947,51,Male,Vijayawada,15-06-2025,Budget,
C01948,61,Male,Hyderabad,13-06-2025,Budget,
C01949,18,Male,Guntur,23-03-2025,Regular,
C01950,26,Female,Guntur,11-02-2024,Premium,
C01951,47,Female,Chennai,28-05-2024,Regular,
C01952,43,Female,Pune,07-07-2025,Regular,
C01953,23,Male,Guntur,17-06-2023,Regular,
C01954,51,Female,Delhi,26-06-2025,Regular,
C01955,20,Male,Mumbai,05-10-2025,Regular,
C01956,64,Male,Hyderabad,16-01-2025,Budget,
C01957,25,Female,Delhi,09-01-2024,Premium,
C01958,38,Male,Chennai,04-09-2024,Regular,
C01959,56,Male,Guntur,24-02-2023,Regular,
C01960,42,Female,Guntur,17-10-2025,Budget,
C01961,52,Female,Mumbai,10-01-2024,Premium,
C01962,51,Female,Chennai,04-03-2023,Regular,
C01963,62,Male,Chennai,19-05-2025,Regular,
C01964,39,Male,Delhi,21-12-2024,Regular,
C01965,64,Other,Kolkata,12-11-2024,Budget,
C01966,42,Male,Bengaluru,01-03-2023,Budget,
C01967,59,Male,Vijayawada,02-04-2025,Budget,
C01968,52,Male,Ahmedabad,28-11-2024,Budget,
C01969,24,Female,Bengaluru,19-05-2025,Regular,
C01970,48,Female,Mumbai,24-06-2025,Regular,
C01971,59,Male,Ahmedabad,21-08-2023,Regular,
C01972,24,Female,Pune,19-08-2023,Regular,
C01973,57,Male,Pune,08-10-2025,Budget,
C01974,22,Female,Hyderabad,04-08-2024,Regular,
C01975,58,Male,Delhi,24-04-2024,Regular,
C01976,55,Male,Kolkata,11-11-2023,Regular,
C01977,25,Male,Ahmedabad,30-11-2024,Budget,
C01978,52,Other,Delhi,05-04-2025,Premium,
C01979,23,Female,Pune,03-01-2023,Regular,
C01980,44,Female,Chennai,28-08-2024,Premium,
C01981,61,Male,Ahmedabad,23-12-2025,Regular,
C01982,27,Male,Kolkata,04-11-2023,Regular,
C01983,26,Male,Ahmedabad,04-11-2023,Premium,
C01984,37,Male,Kolkata,19-08-2025,Premium,
C01985,35,Male,Vijayawada,09-03-2023,Regular,
C01986,20,Female,Guntur,11-03-2024,Premium,
C01987,39,Female,Guntur,16-05-2024,Premium,
C01988,30,Female,Mumbai,23-05-2025,Regular,
C01989,23,Male,Hyderabad,22-05-2023,Budget,
C01990,30,Male,Hyderabad,20-04-2024,Regular,
C01991,18,Female,Ahmedabad,16-06-2023,Regular,
C01992,61,Male,Guntur,12-05-2025,Regular,
C01993,64,Female,Kolkata,23-11-2024,Regular,
C01994,35,Female,Ahmedabad,27-06-2024,Regular,
C01995,59,Male,Hyderabad,06-03-2024,Premium,
C01996,39,Male,Pune,17-06-2023,Regular,
C01997,60,Female,Kolkata,06-10-2025,Budget,
C01998,26,Female,Bengaluru,10-12-2024,Regular,
C01999,31,Female,Ahmedabad,16-12-2023,Regular,
C02000,52,Female,Mumbai,29-03-2024,Budget,
C02001,28,Female,Bengaluru,06-03-2025,Regular,
C02002,56,Male,Kolkata,26-02-2025,Premium,
C02003,38,Female,Delhi,19-05-2024,Budget,
C02004,36,Female,Pune,28-11-2023,Regular,
C02005,39,Male,Pune,23-12-2024,Regular,
C02006,55,Male,Kolkata,21-12-2024,Regular,
C02007,18,Female,Delhi,18-10-2024,Regular,
C02008,53,Female,Guntur,21-03-2023,Regular,
C02009,54,Male,Guntur,01-06-2024,Regular,
C02010,56,Female,Delhi,03-11-2024,Premium,
C02011,64,Female,Bengaluru,06-11-2025,Budget,
C02012,54,Female,Chennai,29-07-2024,Regular,
C02013,42,Male,Ahmedabad,11-01-2024,Regular,
C02014,39,Male,Chennai,31-08-2024,Budget,
C02015,36,Male,Ahmedabad,14-07-2023,Regular,
C02016,56,Female,Kolkata,10-04-2023,Regular,
C02017,36,Female,Delhi,12-01-2025,Budget,
C02018,44,Male,Bengaluru,15-12-2025,Budget,
C02019,22,Female,Pune,15-07-2025,Budget,
C02020,32,Male,Kolkata,01-10-2024,Regular,
C02021,30,Female,Bengaluru,14-02-2023,Regular,
C02022,38,Male,Guntur,17-12-2025,Regular,
C02023,41,Female,Bengaluru,07-05-2024,Regular,
C02024,51,Female,Delhi,14-11-2023,Regular,
C02025,38,Female,Pune,04-09-2025,Premium,
C02026,25,Male,Ahmedabad,28-03-2025,Premium,
C02027,43,Male,Chennai,31-03-2025,Budget,
C02028,20,Male,Mumbai,01-11-2023,Regular,
C02029,57,Other,Guntur,22-12-2025,Regular,
C02030,54,Male,Mumbai,10-05-2024,Regular,
C02031,28,Female,Kolkata,04-08-2024,Budget,
C02032,30,Female,Mumbai,02-04-2025,Budget,
C02033,19,Male,Hyderabad,23-12-2024,Premium,
C02034,35,Male,Pune,08-07-2023,Regular,
C02035,19,Male,Mumbai,28-11-2023,Regular,
C02036,62,Female,Chennai,31-01-2024,Premium,
C02037,24,Other,Guntur,21-02-2025,Budget,
C02038,48,Male,Ahmedabad,06-02-2024,Premium,
C02039,44,Other,Chennai,15-03-2025,Regular,
C02040,29,Male,Pune,19-03-2025,Regular,
C02041,55,Male,Ahmedabad,07-03-2024,Budget,
C02042,23,Female,Hyderabad,17-03-2024,Budget,
C02043,59,Female,Hyderabad,06-09-2025,Regular,
C02044,52,Male,Pune,07-09-2024,Budget,
C02045,47,Female,Vijayawada,13-06-2023,Budget,
C02046,59,Female,Vijayawada,27-02-2025,Budget,
C02047,36,Female,Delhi,07-10-2024,Regular,
C02048,31,Female,Ahmedabad,11-07-2024,Premium,
C02049,25,Male,Delhi,04-03-2025,Budget,
C02050,61,Male,Vijayawada,20-09-2025,Budget,
C02051,36,Female,Pune,28-12-2023,Regular,
C02052,56,Female,Guntur,04-04-2024,Regular,
C02053,33,Male,Mumbai,27-07-2023,Regular,
C02054,62,Male,Vijayawada,09-12-2024,Premium,
C02055,58,Male,Ahmedabad,16-03-2024,Budget,
C02056,32,Female,Ahmedabad,10-01-2024,Regular,
C02057,40,Male,Hyderabad,01-02-2025,Premium,
C02058,55,Male,Guntur,22-03-2024,Regular,
C02059,28,Male,Bengaluru,23-05-2024,Regular,
C02060,19,Female,Vijayawada,26-04-2024,Premium,
C02061,31,Female,Bengaluru,11-10-2023,Budget,
C02062,45,Male,Guntur,18-05-2023,Budget,
C02063,24,Male,Kolkata,24-06-2025,Budget,
C02064,33,Male,Mumbai,11-04-2023,Regular,
C02065,61,Female,Guntur,22-12-2023,Premium,
C02066,21,Female,Mumbai,31-12-2024,Budget,
C02067,20,Female,Hyderabad,24-05-2023,Regular,
C02068,37,Female,Hyderabad,18-12-2024,Regular,
C02069,18,Male,Guntur,13-03-2025,Budget,
C02070,19,Male,Mumbai,26-12-2024,Regular,
C02071,26,Male,Guntur,01-12-2023,Regular,
C02072,22,Male,Hyderabad,22-01-2023,Premium,
C02073,56,Male,Hyderabad,29-08-2025,Regular,
C02074,23,Female,Vijayawada,24-12-2023,Budget,
C02075,42,Male,Bengaluru,31-05-2025,Regular,
C02076,51,Female,Kolkata,05-08-2023,Regular,
C02077,47,Male,Mumbai,27-06-2023,Budget,
C02078,48,Male,Pune,02-05-2025,Budget,
C02079,34,Female,Bengaluru,26-10-2025,Regular,
C02080,59,Male,Chennai,31-07-2025,Regular,
C02081,21,Male,Ahmedabad,02-04-2025,Regular,
C02082,23,Male,Pune,28-09-2023,Budget,
C02083,58,Female,Pune,26-09-2025,Regular,
C02084,21,Male,Vijayawada,01-01-2025,Regular,
C02085,27,Female,Delhi,08-07-2023,Budget,
C02086,26,Other,Guntur,22-05-2023,Budget,
C02087,19,Female,Ahmedabad,11-08-2025,Regular,
C02088,23,Male,Delhi,29-10-2023,Regular,
C02089,44,Female,Chennai,18-04-2025,Budget,
C02090,49,Male,Mumbai,01-06-2023,Premium,
C02091,21,Female,Guntur,04-11-2023,Budget,
C02092,62,Female,Mumbai,07-11-2023,Regular,
C02093,22,Male,Kolkata,04-11-2023,Budget,
C02094,50,Male,Bengaluru,08-01-2025,Regular,
C02095,55,Female,Mumbai,28-09-2025,Regular,
C02096,42,Female,Vijayawada,23-09-2025,Regular,
C02097,41,Female,Pune,22-03-2025,Premium,
C02098,23,Female,Guntur,10-08-2023,Budget,
C02099,29,Female,Chennai,17-11-2025,Budget,
C02100,57,Female,Ahmedabad,16-08-2024,Budget,
C02101,34,Female,Vijayawada,20-08-2024,Regular,
C02102,19,Male,Vijayawada,07-02-2025,Regular,
C02103,52,Female,Delhi,22-04-2025,Budget,
C02104,50,Female,Kolkata,09-11-2025,Regular,
C02105,21,Male,Guntur,29-09-2024,Regular,
C02106,20,Male,Guntur,30-10-2024,Premium,
C02107,23,Male,Vijayawada,27-03-2025,Regular,
C02108,20,Male,Hyderabad,07-10-2023,Premium,
C02109,46,Female,Pune,03-12-2023,Regular,
C02110,24,Male,Ahmedabad,15-11-2024,Premium,
C02111,46,Female,Ahmedabad,12-03-2023,Regular,
C02112,26,Male,Bengaluru,17-12-2023,Budget,
C02113,63,Female,Pune,25-02-2025,Regular,
C02114,52,Female,Bengaluru,04-12-2025,Regular,
C02115,35,Female,Hyderabad,22-07-2024,Budget,
C02116,38,Female,Bengaluru,13-03-2024,Regular,
C02117,21,Male,Vijayawada,27-04-2024,Premium,
C02118,20,Female,Chennai,20-01-2025,Regular,
C02119,43,Female,Delhi,19-08-2024,Budget,
C02120,19,Male,Chennai,26-01-2023,Regular,
C02121,48,Other,Guntur,13-08-2024,Regular,
C02122,35,Male,Guntur,14-03-2024,Budget,
C02123,24,Female,Kolkata,06-02-2025,Budget,
C02124,43,Male,Guntur,16-08-2025,Budget,
C02125,43,Female,Bengaluru,19-11-2025,Regular,
C02126,53,Male,Vijayawada,30-10-2024,Budget,
C02127,27,Male,Delhi,02-02-2024,Budget,
C02128,43,Male,Delhi,01-05-2024,Regular,
C02129,57,Other,Bengaluru,13-07-2023,Premium,
C02130,30,Male,Guntur,21-10-2025,Regular,
C02131,57,Female,Bengaluru,16-07-2025,Regular,
C02132,51,Female,Guntur,24-07-2025,Regular,
C02133,38,Female,Ahmedabad,26-12-2023,Budget,
C02134,59,Male,Ahmedabad,19-12-2023,Premium,
C02135,63,Female,Hyderabad,26-07-2025,Budget,
C02136,29,Female,Ahmedabad,19-08-2024,Budget,
C02137,64,Male,Vijayawada,10-02-2025,Regular,
C02138,18,Male,Mumbai,20-06-2024,Budget,
C02139,24,Female,Delhi,29-04-2024,Budget,
C02140,20,Male,Bengaluru,23-11-2024,Regular,
C02141,35,Male,Delhi,09-06-2025,Regular,
C02142,62,Male,Kolkata,01-01-2024,Budget,
C02143,46,Female,Chennai,05-06-2025,Regular,
C02144,46,Female,Ahmedabad,25-09-2023,Regular,
C02145,21,Female,Hyderabad,17-03-2024,Premium,
C02146,42,Female,,26-09-2025,Budget,
C02147,35,Male,Pune,11-11-2025,Premium,
C02148,40,Male,Chennai,08-10-2025,Regular,
C02149,30,Male,Mumbai,13-12-2023,Regular,
C02150,27,Male,Chennai,12-07-2025,Budget,
C02151,62,Male,Kolkata,22-10-2025,Regular,
C02152,44,Female,Kolkata,07-12-2025,Budget,
C02153,37,Male,Pune,23-01-2023,Regular,
C02154,21,Male,Bengaluru,26-03-2025,Regular,
C02155,53,Male,Chennai,27-12-2025,Budget,
C02156,40,Male,Guntur,17-04-2025,Budget,
C02157,36,Male,Delhi,13-09-2023,Premium,
C02158,49,Male,Delhi,15-04-2025,Regular,
C02159,24,Male,Mumbai,26-04-2023,Regular,
C02160,43,Female,Vijayawada,10-06-2024,Premium,
C02161,58,Female,Chennai,16-11-2024,Budget,
C02162,39,Female,Ahmedabad,14-05-2024,Regular,
C02163,18,Female,Ahmedabad,05-02-2025,Regular,
C02164,28,Female,Chennai,21-09-2023,Budget,
C02165,20,Female,Hyderabad,25-10-2024,Budget,
C02166,41,Female,Chennai,07-12-2024,Premium,
C02167,35,Female,Chennai,25-11-2024,Budget,
C02168,24,Male,Ahmedabad,13-11-2023,Budget,
C02169,50,Male,Pune,01-12-2023,Regular,
C02170,26,Male,Delhi,10-10-2023,Regular,
C02171,34,Male,Delhi,20-05-2024,Regular,
C02172,64,Female,Vijayawada,03-10-2024,Budget,
C02173,21,Male,Vijayawada,01-02-2024,Regular,
C02174,29,Female,Hyderabad,24-03-2024,Regular,
C02175,32,Female,Guntur,10-11-2023,Regular,
C02176,41,Female,Mumbai,28-08-2023,Premium,
C02177,29,Male,Ahmedabad,20-12-2024,Budget,
C02178,63,Male,Vijayawada,12-06-2025,Regular,
C02179,18,Male,Pune,15-11-2023,Regular,
C02180,62,Other,Kolkata,31-07-2025,Regular,
C02181,43,Female,Delhi,17-09-2024,Regular,
C02182,19,Female,Hyderabad,03-07-2023,Budget,
C02183,23,Female,Hyderabad,05-02-2024,Regular,
C02184,22,Female,Mumbai,09-01-2023,Regular,
C02185,31,Female,Guntur,12-02-2023,Regular,
C02186,33,Male,Mumbai,04-01-2024,Budget,
C02187,48,Male,Delhi,12-05-2024,Budget,
C02188,32,Male,Pune,23-05-2025,Budget,
C02189,52,Female,Mumbai,28-05-2023,Budget,
C02190,31,Female,Delhi,07-07-2025,Budget,
C02191,30,Female,Kolkata,14-09-2023,Budget,
C02192,30,Female,Guntur,01-06-2023,Budget,
C02193,33,Female,Ahmedabad,05-02-2025,Budget,
C02194,57,Male,Guntur,27-04-2025,Premium,
C02195,29,Male,Pune,24-10-2024,Regular,
C02196,30,Female,Kolkata,07-05-2023,Budget,
C02197,62,Female,Bengaluru,07-05-2023,Regular,
C02198,48,Female,Bengaluru,03-03-2024,Regular,
C02199,26,Male,Vijayawada,08-05-2024,Budget,
C02200,58,Other,Kolkata,29-12-2025,Regular,
C02201,26,Female,Bengaluru,10-11-2023,Budget,
C02202,25,Female,Delhi,30-07-2023,Regular,
C02203,38,Male,Vijayawada,01-11-2025,Budget,
C02204,50,Female,Hyderabad,18-06-2023,Regular,
C02205,26,Female,Delhi,29-01-2023,Budget,
C02206,53,Female,Guntur,07-04-2024,Budget,
C02207,25,Female,Vijayawada,15-03-2024,Regular,
C02208,54,Female,Mumbai,09-11-2024,Budget,
C02209,22,Female,Vijayawada,19-08-2025,Regular,
C02210,39,Female,Ahmedabad,18-10-2025,Budget,
C02211,48,Male,Delhi,14-11-2023,Regular,
C02212,30,Male,Ahmedabad,09-12-2025,Regular,
C02213,46,Male,Guntur,23-11-2024,Regular,
C02214,50,Female,Chennai,18-03-2023,Regular,
C02215,48,Male,Hyderabad,24-10-2025,Premium,
C02216,36,Male,Ahmedabad,01-06-2023,Budget,
C02217,54,Female,Hyderabad,06-10-2024,Regular,
C02218,52,Female,Ahmedabad,15-05-2025,Regular,
C02219,33,Male,Mumbai,01-10-2023,Regular,
C02220,52,Male,Ahmedabad,24-10-2023,Regular,
C02221,61,Female,Kolkata,05-06-2024,Premium,
C02222,56,Male,Hyderabad,26-08-2025,Regular,
C02223,52,Male,Hyderabad,02-09-2023,Budget,
C02224,54,Male,Kolkata,27-12-2024,Regular,
C02225,55,Male,Pune,10-05-2024,Budget,
C02226,31,Female,Hyderabad,03-05-2023,Regular,
C02227,51,Male,Vijayawada,17-02-2025,Regular,
C02228,27,Female,Chennai,30-06-2025,Budget,
C02229,34,Male,Guntur,22-09-2024,Budget,
C02230,61,Male,Bengaluru,13-07-2023,Premium,
C02231,31,Male,Chennai,20-06-2023,Budget,
C02232,57,Female,Pune,08-04-2024,Budget,
C02233,37,Male,Pune,08-07-2024,Budget,
C02234,27,Male,Kolkata,27-08-2024,Regular,
C02235,22,Male,Bengaluru,24-09-2023,Budget,
C02236,43,Female,Chennai,02-07-2024,Regular,
C02237,39,Male,Chennai,20-11-2023,Budget,
C02238,42,Female,Delhi,21-01-2025,Budget,
C02239,20,Female,Vijayawada,22-05-2025,Budget,
C02240,30,Female,Delhi,15-12-2024,Budget,
C02241,18,Female,Vijayawada,02-01-2023,Regular,
C02242,32,Male,Chennai,22-12-2025,Budget,
C02243,61,Female,Chennai,27-01-2023,Regular,
C02244,25,Female,Bengaluru,30-12-2025,Regular,
C02245,50,Male,Chennai,04-02-2023,Budget,
C02246,18,Female,Mumbai,19-07-2024,Budget,
C02247,44,Male,Mumbai,27-04-2023,Regular,
C02248,61,Female,Ahmedabad,15-04-2023,Regular,
C02249,34,Female,Delhi,18-01-2025,Regular,
C02250,27,Female,Kolkata,07-03-2025,Regular,
C02251,44,Male,Hyderabad,10-05-2023,Budget,
C02252,31,Female,Vijayawada,05-12-2025,Regular,
C02253,59,Female,Bengaluru,17-12-2023,Regular,
C02254,57,Male,,15-12-2023,Budget,
C02255,48,Female,Delhi,22-11-2023,Regular,
C02256,48,Female,Kolkata,20-05-2024,Regular,
C02257,46,Female,Chennai,14-07-2023,Regular,
C02258,52,Other,Bengaluru,10-04-2024,Regular,
C02259,39,Male,Guntur,18-08-2023,Budget,
C02260,63,Male,Guntur,26-02-2023,Regular,
C02261,34,Male,Ahmedabad,08-02-2024,Regular,
C02262,18,Male,Chennai,06-01-2025,Regular,
C02263,50,Male,Pune,15-04-2025,Regular,
C02264,49,Female,Kolkata,22-01-2024,Regular,
C02265,64,Male,Delhi,21-12-2023,Regular,
C02266,36,Female,Bengaluru,12-05-2025,Budget,
C02267,37,Male,Guntur,15-01-2025,Regular,
C02268,44,Male,Vijayawada,30-06-2025,Regular,
C02269,36,Female,Bengaluru,19-09-2025,Budget,
C02270,54,Female,Ahmedabad,18-06-2025,Budget,
C02271,38,Male,Guntur,22-10-2025,Budget,
C02272,54,Female,Pune,01-04-2024,Regular,
C02273,38,Female,Hyderabad,08-03-2024,Budget,
C02274,28,Male,Kolkata,19-12-2023,Regular,
C02275,64,Female,Vijayawada,15-09-2023,Premium,
C02276,42,Female,Chennai,30-03-2025,Premium,
C02277,51,Male,Bengaluru,21-02-2025,Budget,
C02278,45,Female,Chennai,27-05-2025,Regular,
C02279,34,Female,Guntur,03-07-2023,Premium,
C02280,63,Male,Pune,21-06-2024,Regular,
C02281,35,Female,Hyderabad,01-09-2023,Budget,
C02282,64,Male,Pune,04-09-2025,Regular,
C02283,38,Male,Guntur,20-10-2023,Regular,
C02284,19,Male,Bengaluru,07-06-2023,Regular,
C02285,19,Male,Pune,16-09-2024,Premium,
C02286,63,Male,Chennai,20-08-2025,Premium,
C02287,42,Male,Hyderabad,29-09-2025,Regular,
C02288,36,Female,Delhi,16-04-2023,Budget,
C02289,56,Male,Ahmedabad,23-12-2023,Regular,
C02290,47,Male,Kolkata,18-06-2023,Regular,
C02291,49,Female,Bengaluru,04-12-2023,Regular,
C02292,50,Male,Bengaluru,07-08-2024,Regular,
C02293,27,Female,Pune,04-11-2023,Regular,
C02294,22,Female,Mumbai,15-03-2023,Regular,
C02295,52,Male,Mumbai,12-07-2024,Premium,
C02296,19,Male,Delhi,27-02-2023,Regular,
C02297,51,Female,Ahmedabad,06-09-2023,Regular,
C02298,24,Male,Pune,01-01-2023,Regular,
C02299,30,Female,Guntur,06-04-2023,Regular,
C02300,51,Female,Bengaluru,22-04-2024,Regular,
C02301,47,Female,Delhi,20-07-2025,Budget,
C02302,54,Male,Pune,28-04-2025,Regular,
C02303,46,Female,Ahmedabad,19-04-2023,Regular,
C02304,20,Male,Pune,08-02-2023,Regular,
C02305,57,Female,Vijayawada,06-01-2024,Premium,
C02306,28,Female,Guntur,15-12-2024,Premium,
C02307,24,Male,Kolkata,28-03-2025,Regular,
C02308,59,Male,Mumbai,20-06-2025,Premium,
C02309,27,Male,Mumbai,10-01-2024,Regular,
C02310,43,Female,Pune,03-07-2023,Premium,
C02311,40,Male,Delhi,29-01-2023,Premium,
C02312,54,Female,Hyderabad,10-06-2023,Regular,
C02313,20,Female,Chennai,13-03-2023,Budget,
C02314,23,Male,Guntur,31-07-2025,Budget,
C02315,37,Female,Delhi,21-10-2023,Regular,
C02316,40,Male,Vijayawada,20-06-2025,Regular,
C02317,55,Male,Chennai,28-08-2024,Regular,
C02318,46,Female,Vijayawada,13-08-2024,Regular,
C02319,24,Male,Guntur,12-05-2024,Regular,
C02320,64,Female,Mumbai,16-06-2025,Budget,
C02321,39,Other,Kolkata,17-02-2023,Budget,
C02322,63,Male,Vijayawada,12-04-2023,Regular,
C02323,64,Female,Kolkata,08-04-2024,Budget,
C02324,20,Male,Vijayawada,07-03-2024,Premium,
C02325,41,Female,Bengaluru,20-08-2024,Premium,
C02326,37,Other,Bengaluru,18-03-2025,Regular,
C02327,41,Female,Hyderabad,05-10-2024,Regular,
C02328,32,Female,Mumbai,09-10-2023,Regular,
C02329,44,Male,Ahmedabad,25-12-2023,Premium,
C02330,41,Female,Vijayawada,03-04-2025,Regular,
C02331,26,Male,Pune,09-08-2023,Premium,
C02332,31,Female,Delhi,06-07-2024,Regular,
C02333,24,Male,Vijayawada,12-08-2024,Budget,
C02334,57,Male,Pune,01-04-2025,Regular,
C02335,49,Male,Pune,21-02-2025,Regular,
C02336,36,Male,Hyderabad,23-05-2024,Premium,
C02337,36,Male,Chennai,05-12-2023,Budget,
C02338,21,Male,Kolkata,07-02-2024,Regular,
C02339,31,Female,Kolkata,26-03-2024,Regular,
C02340,61,Female,Delhi,29-08-2023,Premium,
C02341,19,Male,Ahmedabad,15-11-2024,Regular,
C02342,24,Female,Kolkata,17-08-2023,Budget,
C02343,57,Male,Hyderabad,11-12-2024,Premium,
C02344,42,Female,Guntur,02-04-2025,Regular,
C02345,19,Male,Kolkata,19-11-2025,Premium,
C02346,41,Female,Chennai,11-05-2023,Regular,
C02347,53,Male,Chennai,11-04-2025,Budget,
C02348,34,Male,Vijayawada,05-04-2023,Premium,
C02349,35,Female,Chennai,05-01-2024,Regular,
C02350,47,Female,Hyderabad,13-07-2023,Premium,
C02351,46,Female,Hyderabad,27-06-2023,Budget,
C02352,60,Male,Chennai,12-07-2023,Regular,
C02353,29,Female,Kolkata,18-02-2023,Budget,
C02354,30,Female,Delhi,20-06-2025,Budget,
C02355,25,Male,Ahmedabad,08-03-2023,Premium,
C02356,49,Male,Chennai,12-03-2024,Budget,
C02357,43,Male,Chennai,04-02-2025,Budget,
C02358,34,Male,Delhi,20-12-2025,Premium,
C02359,50,Male,Ahmedabad,23-07-2025,Regular,
C02360,35,Male,Pune,31-05-2023,Regular,
C02361,27,Female,Ahmedabad,17-12-2025,Premium,
C02362,43,Female,Hyderabad,16-12-2024,Regular,
C02363,38,Female,Delhi,16-07-2023,Budget,
C02364,37,Female,Delhi,06-05-2024,Regular,
C02365,38,Male,Hyderabad,02-10-2025,Regular,
C02366,60,Female,Mumbai,06-03-2024,Budget,
C02367,28,Female,Chennai,21-07-2023,Regular,
C02368,30,Female,Delhi,16-08-2025,Regular,
C02369,44,Male,Bengaluru,09-11-2025,Budget,
C02370,20,Female,Chennai,04-12-2025,Budget,
C02371,24,Female,Vijayawada,12-11-2025,Premium,
C02372,44,Female,Bengaluru,13-08-2025,Budget,
C02373,41,Female,Guntur,12-05-2024,Budget,
C02374,48,Female,Pune,30-07-2023,Premium,
C02375,23,Female,Hyderabad,06-11-2024,Regular,
C02376,58,Female,Delhi,30-08-2023,Premium,
C02377,40,Other,Pune,02-06-2024,Premium,
C02378,25,Female,Chennai,19-12-2024,Regular,
C02379,32,Male,Chennai,02-11-2025,Regular,
C02380,28,Female,Ahmedabad,13-11-2023,Budget,
C02381,39,Male,Hyderabad,03-10-2023,Budget,
C02382,40,Male,Vijayawada,15-03-2025,Budget,
C02383,38,Male,Mumbai,08-01-2023,Regular,
C02384,39,Female,Mumbai,12-09-2024,Regular,
C02385,60,Male,Bengaluru,27-03-2025,Regular,
C02386,63,Male,Guntur,26-08-2024,Budget,
C02387,41,Male,Chennai,25-02-2024,Regular,
C02388,63,Female,Guntur,26-06-2025,Budget,
C02389,56,Female,Mumbai,11-02-2024,Budget,
C02390,56,Other,Hyderabad,17-02-2025,Regular,
C02391,28,Male,Delhi,23-05-2024,Regular,
C02392,38,Male,Pune,30-01-2023,Regular,
C02393,34,Female,Delhi,03-08-2024,Regular,
C02394,22,Male,Vijayawada,24-02-2023,Regular,
C02395,21,Other,Pune,16-10-2025,Premium,
C02396,47,Female,Ahmedabad,20-10-2024,Regular,
C02397,37,Female,Mumbai,12-02-2024,Regular,
C02398,56,Male,Bengaluru,16-06-2024,Budget,
C02399,49,Male,Delhi,09-11-2024,Regular,
C02400,22,Female,Pune,12-10-2023,Regular,
C02401,57,Male,Delhi,12-11-2023,Budget,
C02402,41,Female,Ahmedabad,03-04-2024,Regular,
C02403,44,Female,Vijayawada,11-10-2023,Regular,
C02404,63,Male,Hyderabad,09-04-2025,Budget,
C02405,48,Male,Hyderabad,24-04-2023,Premium,
C02406,19,Female,Chennai,24-06-2025,Budget,
C02407,26,Male,Pune,17-01-2024,Premium,
C02408,38,Female,Hyderabad,06-09-2024,Regular,
C02409,19,Female,Bengaluru,22-06-2023,Budget,
C02410,25,Female,Delhi,26-02-2024,Budget,
C02411,55,Male,Mumbai,06-04-2025,Regular,
C02412,24,Male,Guntur,24-10-2023,Regular,
C02413,25,Female,Pune,25-05-2023,Regular,
C02414,41,Female,Guntur,25-07-2024,Regular,
C02415,22,Female,Ahmedabad,27-06-2023,Budget,
C02416,30,Female,Delhi,11-12-2023,Regular,
C02417,62,Female,Vijayawada,08-05-2024,Premium,
C02418,47,Male,Guntur,09-09-2024,Regular,
C02419,63,Male,Delhi,01-12-2024,Regular,
C02420,34,Female,Guntur,10-01-2025,Regular,
C02421,46,Male,Chennai,13-07-2025,Regular,
C02422,29,Female,Chennai,14-03-2023,Regular,
C02423,35,Male,Ahmedabad,01-02-2024,Budget,
C02424,26,Male,Ahmedabad,02-01-2023,Budget,
C02425,57,Male,Chennai,11-01-2023,Regular,
C02426,26,Female,Ahmedabad,21-08-2023,Premium,
C02427,27,Female,Pune,16-10-2024,Regular,
C02428,39,Male,Pune,06-09-2025,Budget,
C02429,38,Male,Guntur,27-04-2025,Budget,
C02430,32,Male,Bengaluru,08-12-2024,Regular,
C02431,34,Male,Delhi,02-05-2025,Regular,
C02432,31,Female,Chennai,08-07-2023,Budget,
C02433,60,Male,Pune,08-07-2025,Budget,
C02434,45,Male,Bengaluru,01-09-2025,Regular,
C02435,61,Male,Bengaluru,15-04-2023,Budget,
C02436,64,Female,Kolkata,29-05-2024,Regular,
C02437,48,Female,Hyderabad,27-06-2025,Regular,
C02438,56,Female,Delhi,05-06-2024,Budget,
C02439,23,Female,Vijayawada,09-07-2025,Regular,
C02440,62,Other,Vijayawada,21-10-2025,Budget,
C02441,40,Male,Bengaluru,03-06-2024,Budget,
C02442,51,Female,Vijayawada,07-03-2023,Premium,
C02443,29,Female,Mumbai,08-01-2024,Regular,
C02444,22,Male,Bengaluru,24-08-2023,Budget,
C02445,59,Female,Pune,03-06-2024,Budget,
C02446,39,Female,Delhi,03-10-2024,Budget,
C02447,24,Female,Mumbai,22-05-2024,Premium,
C02448,48,Male,Delhi,03-08-2023,Regular,
C02449,20,Male,Hyderabad,26-11-2023,Regular,
C02450,39,Female,Chennai,14-01-2025,Budget,
C02451,51,Male,Bengaluru,30-01-2023,Premium,
C02452,51,Male,Vijayawada,23-08-2023,Regular,
C02453,39,Male,Delhi,04-09-2025,Budget,
C02454,35,Female,Pune,19-04-2023,Regular,
C02455,57,Female,Delhi,30-03-2024,Regular,
C02456,26,Female,Guntur,15-08-2023,Regular,
C02457,21,Female,Ahmedabad,25-04-2023,Regular,
C02458,25,Male,Kolkata,07-04-2024,Budget,
C02459,55,Male,Mumbai,24-07-2024,Regular,
C02460,40,Male,Mumbai,12-07-2023,Regular,
C02461,19,Male,Vijayawada,27-03-2023,Regular,
C02462,25,Female,Vijayawada,28-05-2023,Regular,
C02463,19,Male,Chennai,14-12-2024,Budget,
C02464,56,Male,Mumbai,31-07-2025,Regular,
C02465,39,Female,Mumbai,17-07-2023,Regular,
C02466,21,Female,Ahmedabad,17-12-2023,Regular,
C02467,28,Male,Vijayawada,31-01-2024,Premium,
C02468,46,Female,Guntur,25-09-2023,Regular,
C02469,45,Female,Guntur,02-03-2023,Regular,
C02470,56,Female,Mumbai,29-07-2024,Regular,
C02471,19,Female,Mumbai,27-01-2024,Budget,
C02472,21,Male,Guntur,10-01-2024,Premium,
C02473,19,Male,Mumbai,17-10-2023,Regular,
C02474,36,Male,Chennai,14-10-2025,Premium,
C02475,52,Female,Guntur,30-10-2024,Regular,
C02476,49,Female,Delhi,03-04-2024,Regular,
C02477,27,Female,Hyderabad,13-08-2023,Budget,
C02478,48,Female,Guntur,27-05-2025,Regular,
C02479,48,Male,Chennai,30-08-2025,Regular,
C02480,26,Male,Mumbai,05-02-2023,Premium,
C02481,53,Male,Pune,14-10-2025,Regular,
C02482,37,Male,Chennai,04-02-2025,Regular,
C02483,20,Female,Guntur,20-04-2023,Regular,
C02484,36,Female,Kolkata,04-04-2025,Budget,
C02485,54,Male,Pune,28-04-2023,Regular,
C02486,50,Female,Chennai,25-02-2023,Premium,
C02487,30,Male,Delhi,07-05-2023,Regular,
C02488,53,Female,Chennai,18-05-2024,Regular,
C02489,36,Male,Vijayawada,09-11-2024,Premium,
C02490,39,Female,Ahmedabad,22-03-2024,Budget,
C02491,22,Male,Bengaluru,14-05-2023,Premium,
C02492,64,Male,Pune,07-08-2023,Regular,
C02493,57,Female,Ahmedabad,22-07-2025,Budget,
C02494,27,Male,Pune,20-11-2025,Regular,
C02495,44,Male,Bengaluru,05-04-2025,Budget,
C02496,54,Male,Bengaluru,24-04-2023,Regular,
C02497,41,Female,Ahmedabad,16-06-2025,Budget,
C02498,27,Male,Pune,27-01-2025,Budget,
C02499,63,Female,Pune,30-07-2024,Regular,
C02500,30,Female,Chennai,06-06-2023,Regular,
C02501,33,Female,Chennai,27-12-2025,Budget,
C02502,35,Male,Delhi,29-04-2024,Regular,
C02503,59,Female,Pune,18-02-2023,Budget,
C02504,41,Male,Delhi,18-08-2023,Regular,
C02505,51,Female,Guntur,15-03-2024,Regular,
C02506,60,Male,Bengaluru,10-03-2023,Budget,
C02507,61,Female,Delhi,21-12-2023,Premium,
C02508,58,Female,Chennai,27-05-2024,Regular,
C02509,60,Male,Hyderabad,04-11-2025,Budget,
C02510,62,Male,Delhi,05-04-2023,Regular,
C02511,64,Male,Hyderabad,23-09-2024,Regular,
C02512,48,Female,Mumbai,29-09-2025,Budget,
C02513,24,Male,Kolkata,01-06-2025,Budget,
C02514,23,Female,Mumbai,09-10-2025,Regular,
C02515,55,Female,Kolkata,06-07-2023,Regular,
C02516,32,Female,Chennai,27-05-2025,Budget,
C02517,55,Male,Delhi,07-12-2025,Regular,
C02518,61,Male,Guntur,24-12-2023,Budget,
C02519,48,Male,Chennai,30-06-2024,Budget,
C02520,53,Female,Pune,04-08-2024,Regular,
C02521,31,Male,Ahmedabad,24-06-2024,Budget,
C02522,38,Male,Mumbai,14-11-2023,Budget,
C02523,63,Male,Mumbai,29-11-2025,Budget,
C02524,56,Female,Kolkata,13-11-2025,Regular,
C02525,27,Female,Hyderabad,21-02-2024,Regular,
C02526,62,Male,Chennai,31-05-2025,Regular,
C02527,41,Male,Delhi,11-03-2024,Regular,
C02528,57,Male,Chennai,20-05-2025,Regular,
C02529,42,Male,Pune,02-10-2024,Budget,
C02530,46,Other,Kolkata,29-05-2024,Budget,
C02531,25,Male,Vijayawada,21-05-2023,Budget,
C02532,33,Female,Kolkata,17-12-2024,Regular,
C02533,51,Female,Pune,18-12-2023,Budget,
C02534,57,Female,Ahmedabad,26-08-2023,Budget,
C02535,22,Male,Chennai,31-07-2023,Regular,
C02536,21,Female,Delhi,11-12-2025,Regular,
C02537,50,Male,Guntur,24-04-2023,Regular,
C02538,39,Male,Bengaluru,24-05-2025,Regular,
C02539,57,Other,Chennai,06-08-2025,Budget,
C02540,21,Male,Chennai,04-02-2023,Regular,
C02541,34,Male,Vijayawada,07-10-2024,Regular,
C02542,19,Male,Mumbai,24-09-2024,Premium,
C02543,51,Male,Mumbai,28-01-2024,Regular,
C02544,58,Female,Guntur,31-12-2024,Regular,
C02545,25,Female,Vijayawada,23-03-2024,Budget,
C02546,33,Female,Hyderabad,26-04-2024,Premium,
C02547,57,Male,Guntur,17-04-2024,Regular,
C02548,19,Male,Ahmedabad,26-05-2025,Budget,
C02549,62,Male,Guntur,24-11-2024,Regular,
C02550,59,Female,Hyderabad,20-02-2024,Regular,
C02551,25,Female,Hyderabad,11-10-2025,Budget,
C02552,24,Female,Mumbai,28-05-2025,Regular,
C02553,50,Female,Guntur,18-10-2025,Regular,
C02554,18,Female,Delhi,10-03-2025,Budget,
C02555,41,Male,Ahmedabad,04-03-2024,Premium,
C02556,21,Female,Chennai,26-04-2025,Premium,
C02557,42,Female,Mumbai,27-12-2023,Budget,
C02558,34,Female,Guntur,24-10-2023,Regular,
C02559,51,Male,Delhi,08-05-2024,Premium,
C02560,59,Female,Ahmedabad,27-11-2025,Regular,
C02561,40,Male,Kolkata,13-09-2024,Premium,
C02562,48,Female,Bengaluru,25-02-2024,Budget,
C02563,46,Female,Vijayawada,20-05-2024,Regular,
C02564,64,Female,Vijayawada,15-11-2023,Regular,
C02565,28,Male,Ahmedabad,22-12-2024,Budget,
C02566,29,Male,Delhi,19-01-2024,Regular,
C02567,35,Female,Delhi,30-08-2024,Budget,
C02568,52,Female,Chennai,09-02-2024,Budget,
C02569,58,Female,Kolkata,18-12-2023,Budget,
C02570,31,Male,Mumbai,28-11-2025,Budget,
C02571,23,Female,Bengaluru,14-01-2024,Budget,
C02572,46,Female,Hyderabad,19-03-2023,Regular,
C02573,46,Male,Delhi,19-02-2024,Budget,
C02574,35,Male,Guntur,05-08-2024,Budget,
C02575,26,Female,Ahmedabad,14-04-2023,Budget,
C02576,57,Male,Guntur,01-12-2023,Regular,
C02577,57,Female,Kolkata,01-07-2023,Budget,
C02578,53,Female,Guntur,02-07-2024,Regular,
C02579,45,Male,Ahmedabad,02-03-2025,Budget,
C02580,30,Male,Guntur,26-11-2025,Budget,
C02581,36,Other,Pune,02-03-2024,Regular,
C02582,21,Female,Hyderabad,03-08-2025,Regular,
C02583,29,Female,Mumbai,23-08-2023,Regular,
C02584,39,Female,Guntur,04-05-2025,Regular,
C02585,38,Female,Ahmedabad,08-09-2024,Budget,
C02586,21,Female,Hyderabad,10-04-2025,Budget,
C02587,63,Female,Hyderabad,07-04-2025,Regular,
C02588,30,Female,Kolkata,06-08-2024,Budget,
C02589,41,Male,Vijayawada,09-10-2023,Regular,
C02590,39,Male,Ahmedabad,30-07-2024,Regular,
C02591,40,Female,Vijayawada,24-06-2025,Budget,
C02592,57,Male,Hyderabad,28-11-2025,Budget,
C02593,53,Female,Guntur,12-10-2025,Regular,
C02594,58,Female,Bengaluru,18-07-2023,Regular,
C02595,35,Male,Guntur,16-10-2024,Premium,
C02596,30,Male,Vijayawada,25-04-2023,Budget,
C02597,38,Female,Pune,02-01-2025,Premium,
C02598,44,Male,Pune,22-12-2025,Budget,
C02599,33,Female,Delhi,27-02-2023,Budget,
C02600,39,Female,Pune,19-12-2024,Regular,
C02601,25,Female,Guntur,01-11-2025,Premium,
C02602,45,Female,Chennai,16-07-2025,Regular,
C02603,51,Female,Chennai,05-03-2024,Regular,
C02604,42,Male,Vijayawada,24-04-2023,Regular,
C02605,59,Male,Guntur,08-10-2025,Premium,
C02606,64,Male,Pune,05-10-2025,Regular,
C02607,60,Female,Chennai,25-09-2024,Regular,
C02608,22,Male,Vijayawada,07-12-2025,Regular,
C02609,59,Male,Guntur,06-01-2023,Regular,
C02610,33,Male,Mumbai,06-11-2024,Premium,
C02611,39,Male,Pune,12-02-2023,Regular,
C02612,37,Male,Delhi,21-10-2025,Budget,
C02613,31,Female,Guntur,15-01-2025,Premium,
C02614,59,Male,Kolkata,27-09-2025,Regular,
C02615,47,Female,Delhi,08-09-2024,Regular,
C02616,63,Male,Vijayawada,02-04-2023,Regular,
C02617,62,Male,Kolkata,30-01-2023,Budget,
C02618,37,Male,Delhi,03-01-2024,Regular,
C02619,52,Female,Vijayawada,15-06-2023,Budget,
C02620,41,Female,Delhi,22-07-2025,Premium,
C02621,41,Male,Delhi,20-09-2023,Regular,
C02622,52,Female,Mumbai,27-06-2024,Regular,
C02623,50,Male,Chennai,11-08-2023,Budget,
C02624,60,Female,Chennai,25-05-2024,Premium,
C02625,54,Female,Hyderabad,10-05-2024,Regular,
C02626,47,Male,Ahmedabad,06-01-2023,Regular,
C02627,61,Male,Pune,13-09-2024,Premium,
C02628,22,Male,Vijayawada,11-05-2025,Regular,
C02629,53,Female,Kolkata,22-10-2025,Premium,
C02630,36,Male,Hyderabad,29-12-2023,Regular,
C02631,38,Female,Kolkata,22-08-2025,Budget,
C02632,54,Male,Bengaluru,20-08-2025,Regular,
C02633,30,Female,Hyderabad,18-12-2025,Premium,
C02634,59,Male,Kolkata,13-02-2024,Regular,
C02635,41,Female,Hyderabad,20-07-2025,Regular,
C02636,34,Male,Delhi,10-09-2024,Budget,
C02637,33,Male,Guntur,05-03-2023,Regular,
C02638,37,Male,Chennai,24-10-2023,Regular,
C02639,62,Female,Kolkata,05-01-2025,Premium,
C02640,22,Male,Mumbai,25-06-2023,Budget,
C02641,41,Female,Bengaluru,21-04-2024,Budget,
C02642,57,Other,Bengaluru,28-04-2025,Budget,
C02643,40,Male,Hyderabad,13-06-2023,Budget,
C02644,44,Male,Bengaluru,27-06-2024,Regular,
C02645,34,Male,Bengaluru,24-08-2023,Regular,
C02646,24,Male,Guntur,10-08-2024,Budget,
C02647,48,Male,Guntur,21-09-2023,Regular,
C02648,61,Female,Mumbai,23-11-2025,Regular,
C02649,42,Male,Ahmedabad,25-03-2023,Regular,
C02650,38,Male,Chennai,21-11-2025,Premium,
C02651,24,Female,Kolkata,17-05-2025,Regular,
C02652,62,Male,Chennai,25-07-2025,Budget,
C02653,58,Female,Kolkata,21-07-2025,Premium,
C02654,60,Female,Mumbai,25-07-2023,Budget,
C02655,34,Male,Guntur,16-10-2025,Premium,
C02656,47,Female,Guntur,12-10-2024,Regular,
C02657,38,Female,Mumbai,19-11-2025,Premium,
C02658,29,Female,Hyderabad,19-08-2025,Budget,
C02659,27,Female,Mumbai,26-09-2024,Regular,
C02660,36,Female,Chennai,15-02-2024,Premium,
C02661,44,Female,Delhi,09-05-2023,Regular,
C02662,23,Female,Pune,21-04-2023,Premium,
C02663,50,Female,Vijayawada,02-03-2024,Budget,
C02664,39,Female,Hyderabad,07-06-2025,Regular,
C02665,59,Female,Pune,07-07-2024,Regular,
C02666,31,Male,Bengaluru,11-06-2024,Budget,
C02667,20,Female,Pune,25-09-2023,Regular,
C02668,32,Male,Kolkata,10-09-2024,Regular,
C02669,63,Male,Guntur,29-11-2024,Regular,
C02670,33,Male,Pune,11-12-2025,Budget,
C02671,51,Male,Bengaluru,09-03-2025,Regular,
C02672,57,Female,Vijayawada,23-09-2025,Premium,
C02673,31,Male,Delhi,10-04-2024,Regular,
C02674,48,Female,Delhi,20-10-2025,Regular,
C02675,27,Female,Kolkata,10-02-2024,Premium,
C02676,35,Male,Chennai,20-05-2023,Budget,
C02677,31,Male,Vijayawada,02-04-2024,Regular,
C02678,49,Female,Hyderabad,21-05-2023,Premium,
C02679,59,Female,Bengaluru,10-05-2023,Regular,
C02680,29,Male,Vijayawada,22-08-2025,Budget,
C02681,31,Male,Delhi,20-05-2025,Regular,
C02682,56,Male,Guntur,31-08-2023,Regular,
C02683,39,Male,Vijayawada,06-07-2025,Regular,
C02684,42,Male,Vijayawada,17-03-2023,Budget,
C02685,51,Other,Ahmedabad,08-11-2023,Budget,
C02686,24,Male,Kolkata,12-02-2025,Regular,
C02687,58,Male,Kolkata,29-11-2023,Regular,
C02688,35,Female,Kolkata,10-03-2025,Premium,
C02689,48,Female,Chennai,15-08-2025,Regular,
C02690,38,Male,Guntur,14-03-2023,Regular,
C02691,53,Female,Bengaluru,27-01-2023,Budget,
C02692,46,Female,Delhi,26-10-2025,Regular,
C02693,26,Male,Mumbai,23-07-2024,Premium,
C02694,26,Male,Ahmedabad,08-07-2024,Regular,
C02695,59,Female,Chennai,19-04-2024,Budget,
C02696,42,Female,Chennai,25-01-2025,Premium,
C02697,30,Other,Guntur,26-09-2024,Regular,
C02698,24,Male,Delhi,28-06-2023,Regular,
C02699,24,Female,Ahmedabad,17-11-2024,Regular,
C02700,61,Male,Guntur,01-01-2025,Premium,
C02701,63,Female,Guntur,05-05-2023,Regular,
C02702,36,Female,Mumbai,17-02-2024,Regular,
C02703,27,Male,Bengaluru,15-05-2025,Regular,
C02704,37,Male,Vijayawada,08-11-2024,Budget,
C02705,24,Female,Mumbai,30-05-2023,Regular,
C02706,43,Female,Ahmedabad,13-02-2023,Regular,
C02707,47,Male,Ahmedabad,28-09-2024,Regular,
C02708,64,Female,Delhi,20-05-2024,Budget,
C02709,32,Male,Bengaluru,18-11-2025,Budget,
C02710,27,Male,Delhi,25-07-2024,Budget,
C02711,24,Male,Bengaluru,16-10-2025,Premium,
C02712,35,Female,Mumbai,23-08-2023,Regular,
C02713,46,Male,Mumbai,04-05-2024,Regular,
C02714,21,Female,Pune,02-06-2023,Budget,
C02715,53,Male,Bengaluru,20-09-2024,Budget,
C02716,39,Female,Guntur,26-07-2023,Regular,
C02717,55,Female,Hyderabad,23-06-2024,Budget,
C02718,39,Male,Vijayawada,12-01-2024,Budget,
C02719,25,Male,Mumbai,23-07-2023,Premium,
C02720,19,Male,Delhi,17-04-2023,Regular,
C02721,44,Male,Guntur,14-07-2024,Regular,
C02722,43,Female,Kolkata,03-11-2025,Budget,
C02723,56,Female,Hyderabad,06-08-2023,Budget,
C02724,59,Male,Kolkata,19-03-2024,Premium,
C02725,25,Female,Pune,03-09-2023,Regular,
C02726,32,Male,Vijayawada,04-06-2025,Regular,
C02727,27,Male,Pune,30-03-2024,Regular,
C02728,23,Male,Vijayawada,02-12-2025,Budget,
C02729,18,Male,Pune,26-09-2023,Regular,
C02730,21,Female,Bengaluru,30-03-2023,Budget,
C02731,42,Male,Pune,29-09-2024,Budget,
C02732,25,Female,Vijayawada,14-12-2024,Regular,
C02733,27,Male,Hyderabad,20-12-2025,Budget,
C02734,23,Female,Mumbai,12-08-2025,Budget,
C02735,52,Male,Hyderabad,26-08-2025,Budget,
C02736,47,Male,Guntur,25-11-2024,Budget,
C02737,63,Male,Pune,29-01-2024,Premium,
C02738,23,Male,Ahmedabad,14-04-2024,Premium,
C02739,27,Male,Vijayawada,27-05-2023,Budget,
C02740,39,Male,Guntur,17-04-2024,Budget,
C02741,48,Female,Delhi,04-02-2024,Regular,
C02742,24,Male,Vijayawada,09-02-2023,Budget,
C02743,27,Female,Delhi,12-08-2023,Regular,
C02744,37,Female,Vijayawada,08-08-2024,Budget,
C02745,18,Female,Vijayawada,09-02-2024,Regular,
C02746,36,Female,Chennai,23-12-2025,Budget,
C02747,53,Male,Ahmedabad,07-06-2024,Regular,
C02748,42,Female,Kolkata,15-11-2025,Regular,
C02749,38,Female,Ahmedabad,24-12-2024,Budget,
C02750,40,Female,Bengaluru,14-02-2023,Regular,
C02751,62,Male,Pune,11-08-2023,Regular,
C02752,42,Female,Bengaluru,11-02-2025,Premium,
C02753,43,Male,Guntur,19-08-2024,Regular,
C02754,61,Female,Guntur,27-11-2023,Budget,
C02755,25,Male,Pune,25-07-2024,Regular,
C02756,22,Male,Bengaluru,15-09-2025,Budget,
C02757,39,Female,Kolkata,01-03-2024,Premium,
C02758,32,Female,Delhi,19-02-2023,Regular,
C02759,27,Male,Ahmedabad,07-12-2023,Budget,
C02760,23,Female,Hyderabad,21-10-2025,Regular,
C02761,59,Female,Delhi,14-04-2025,Regular,
C02762,46,Female,Mumbai,06-07-2025,Budget,
C02763,50,Female,Vijayawada,25-09-2025,Regular,
C02764,23,Male,Chennai,09-05-2023,Regular,
C02765,34,Male,Vijayawada,06-11-2023,Regular,
C02766,47,Female,Vijayawada,07-03-2023,Regular,
C02767,42,Male,Pune,06-01-2023,Regular,
C02768,50,Female,Bengaluru,03-07-2025,Regular,
C02769,49,Female,Chennai,22-10-2025,Regular,
C02770,37,Female,Hyderabad,20-06-2023,Regular,
C02771,54,Male,Ahmedabad,01-03-2025,Regular,
C02772,30,Female,Ahmedabad,08-08-2024,Regular,
C02773,21,Female,Mumbai,17-03-2023,Budget,
C02774,60,Male,Ahmedabad,29-09-2025,Regular,
C02775,19,Male,Pune,12-08-2025,Regular,
C02776,31,Male,Guntur,13-09-2024,Budget,
C02777,23,Male,Hyderabad,14-02-2025,Budget,
C02778,28,Female,Bengaluru,10-03-2024,Regular,
C02779,36,Female,Guntur,18-05-2025,Budget,
C02780,24,Male,Mumbai,02-05-2024,Regular,
C02781,39,Female,Vijayawada,19-12-2025,Regular,
C02782,61,Male,Guntur,11-03-2023,Regular,
C02783,24,Male,Hyderabad,08-07-2023,Premium,
C02784,61,Male,Delhi,26-11-2025,Premium,
C02785,37,Female,Ahmedabad,13-11-2023,Premium,
C02786,45,Female,Bengaluru,07-12-2023,Premium,
C02787,38,Female,Guntur,16-05-2025,Budget,
C02788,32,Female,Hyderabad,27-07-2023,Budget,
C02789,23,Male,Bengaluru,16-07-2024,Budget,
C02790,45,Female,Pune,10-11-2023,Budget,
C02791,61,Male,Chennai,05-08-2023,Regular,
C02792,42,Male,Kolkata,21-11-2025,Premium,
C02793,46,Female,Mumbai,07-08-2023,Regular,
C02794,48,Male,Chennai,14-04-2023,Premium,
C02795,36,Male,Guntur,07-01-2025,Regular,
C02796,23,Male,Bengaluru,07-08-2025,Regular,
C02797,41,Male,Delhi,20-05-2023,Budget,
C02798,58,Female,Bengaluru,14-02-2025,Premium,
C02799,32,Male,Bengaluru,15-08-2024,Regular,
C02800,58,Female,Chennai,27-06-2025,Regular,
C02801,58,Other,Chennai,20-05-2023,Budget,
C02802,29,Female,Delhi,04-12-2025,Regular,
C02803,45,Male,Delhi,08-11-2024,Regular,
C02804,53,Female,Bengaluru,11-07-2025,Regular,
C02805,41,Male,Hyderabad,01-02-2024,Premium,
C02806,50,Male,Hyderabad,30-10-2025,Regular,
C02807,60,Female,Kolkata,16-11-2024,Premium,
C02808,47,Male,Vijayawada,19-05-2023,Regular,
C02809,57,Female,Hyderabad,07-10-2025,Regular,
C02810,55,Male,Hyderabad,21-05-2025,Premium,
C02811,56,Female,Ahmedabad,25-11-2023,Regular,
C02812,58,Female,Ahmedabad,20-08-2024,Budget,
C02813,28,Other,Ahmedabad,29-02-2024,Premium,
C02814,18,Male,Bengaluru,18-08-2024,Regular,
C02815,25,Male,Guntur,23-11-2025,Budget,
C02816,29,Female,Kolkata,11-09-2025,Regular,
C02817,50,Female,Bengaluru,25-08-2023,Regular,
C02818,41,Male,Bengaluru,30-11-2025,Regular,
C02819,40,Male,Kolkata,24-04-2024,Regular,
C02820,18,Female,Ahmedabad,10-02-2025,Budget,
C02821,50,Female,Ahmedabad,16-04-2025,Budget,
C02822,35,Female,Pune,12-06-2024,Regular,
C02823,53,Female,Pune,15-05-2024,Budget,
C02824,23,Male,Kolkata,14-05-2024,Regular,
C02825,31,Male,Bengaluru,02-08-2025,Regular,
C02826,20,Female,Mumbai,28-02-2024,Budget,
C02827,31,Female,Hyderabad,03-11-2023,Budget,
C02828,61,Male,Guntur,31-01-2024,Regular,
C02829,41,Female,Kolkata,02-08-2023,Premium,
C02830,38,Male,Ahmedabad,04-03-2024,Premium,
C02831,30,Male,Delhi,05-05-2023,Regular,
C02832,30,Female,Vijayawada,09-04-2023,Budget,
C02833,49,Male,Vijayawada,03-03-2025,Regular,
C02834,64,Male,Kolkata,26-03-2023,Regular,
C02835,53,Female,Guntur,14-09-2024,Regular,
C02836,52,Male,Kolkata,03-05-2025,Regular,
C02837,40,Male,Ahmedabad,04-03-2025,Regular,
C02838,22,Female,Chennai,03-05-2024,Budget,
C02839,52,Male,Vijayawada,01-08-2023,Premium,
C02840,56,Female,Bengaluru,16-10-2025,Regular,
C02841,41,Male,Kolkata,01-11-2024,Budget,
C02842,22,Male,Kolkata,06-04-2023,Premium,
C02843,51,Female,,08-02-2023,Regular,
C02844,61,Male,Ahmedabad,12-12-2023,Budget,
C02845,28,Female,Hyderabad,22-06-2023,Budget,
C02846,25,Female,Pune,31-07-2025,Regular,
C02847,52,Female,Guntur,14-08-2023,Regular,
C02848,33,Male,Bengaluru,06-11-2023,Regular,
C02849,51,Male,Mumbai,04-12-2025,Budget,
C02850,51,Female,Pune,14-06-2025,Budget,
C02851,30,Male,Vijayawada,28-08-2023,Regular,
C02852,19,Female,Mumbai,24-02-2024,Regular,
C02853,44,Female,Bengaluru,18-07-2024,Regular,
C02854,37,Male,Bengaluru,28-12-2024,Regular,
C02855,58,Male,Bengaluru,22-10-2025,Regular,
C02856,34,Female,Guntur,11-08-2025,Regular,
C02857,29,Female,Ahmedabad,06-12-2025,Regular,
C02858,58,Male,Delhi,14-02-2023,Regular,
C02859,52,Female,Guntur,16-09-2023,Budget,
C02860,47,Female,Vijayawada,08-09-2024,Regular,
C02861,62,Male,Guntur,23-02-2023,Budget,
C02862,54,Male,Hyderabad,25-01-2024,Regular,
C02863,58,Female,Hyderabad,18-06-2023,Regular,
C02864,55,Female,Ahmedabad,18-10-2025,Regular,
C02865,36,Female,Mumbai,11-03-2023,Premium,
C02866,20,Male,Bengaluru,12-06-2023,Regular,
C02867,46,Female,Kolkata,02-08-2023,Budget,
C02868,53,Female,Mumbai,12-06-2023,Premium,
C02869,64,Female,Vijayawada,14-09-2024,Regular,
C02870,50,Male,Pune,03-02-2024,Regular,
C02871,44,Male,Chennai,26-09-2025,Budget,
C02872,45,Female,Vijayawada,13-10-2023,Regular,
C02873,23,Male,Kolkata,11-08-2024,Regular,
C02874,18,Male,Chennai,23-12-2024,Regular,
C02875,20,Female,Bengaluru,16-11-2024,Regular,
C02876,60,Male,Pune,22-05-2025,Regular,
C02877,55,Female,Ahmedabad,10-08-2023,Regular,
C02878,30,Female,Guntur,09-07-2024,Regular,
C02879,37,Female,Bengaluru,26-05-2025,Budget,
C02880,40,Male,Delhi,03-08-2025,Regular,
C02881,29,Female,Vijayawada,07-11-2024,Budget,
C02882,37,Female,Kolkata,14-12-2024,Budget,
C02883,34,Female,Hyderabad,04-08-2025,Regular,
C02884,50,Male,Vijayawada,15-11-2024,Regular,
C02885,53,Male,Kolkata,04-11-2025,Premium,
C02886,22,Female,Delhi,20-05-2023,Regular,
C02887,39,Male,Ahmedabad,16-01-2024,Budget,
C02888,64,Female,Kolkata,03-05-2023,Budget,
C02889,58,Male,Chennai,10-04-2023,Budget,
C02890,55,Male,Ahmedabad,31-05-2024,Regular,
C02891,52,Female,Chennai,05-09-2023,Regular,
C02892,18,Female,Chennai,21-03-2024,Regular,
C02893,63,Female,Pune,24-04-2024,Budget,
C02894,52,Male,Hyderabad,10-11-2024,Budget,
C02895,59,Female,Kolkata,01-11-2025,Budget,
C02896,60,Other,Pune,19-07-2025,Regular,
C02897,29,Male,Ahmedabad,19-02-2024,Budget,
C02898,18,Male,Bengaluru,23-12-2023,Budget,
C02899,48,Male,Pune,23-04-2025,Regular,
C02900,39,Female,Delhi,16-05-2023,Budget,
C02901,18,Male,Bengaluru,14-08-2024,Regular,
C02902,30,Female,Delhi,08-04-2024,Regular,
C02903,64,Male,Vijayawada,20-07-2023,Budget,
C02904,35,Female,Guntur,06-11-2024,Budget,
C02905,30,Female,Bengaluru,18-12-2023,Budget,
C02906,48,Female,Guntur,23-07-2023,Budget,
C02907,49,Male,Pune,16-12-2024,Premium,
C02908,33,Male,Hyderabad,10-07-2023,Regular,
C02909,57,Female,Vijayawada,06-01-2025,Regular,
C02910,45,Male,Pune,21-04-2024,Regular,
C02911,25,Female,Vijayawada,03-06-2025,Budget,
C02912,33,Male,Hyderabad,08-09-2023,Regular,
C02913,57,Male,Bengaluru,20-04-2025,Budget,
C02914,22,Male,Vijayawada,01-03-2025,Regular,
C02915,18,Female,Chennai,15-09-2025,Regular,
C02916,48,Female,Pune,04-07-2023,Budget,
C02917,38,Male,Kolkata,22-02-2025,Regular,
C02918,29,Male,Vijayawada,22-10-2025,Budget,
C02919,40,Male,Mumbai,15-04-2025,Budget,
C02920,26,Other,Ahmedabad,25-07-2023,Budget,
C02921,35,Female,Ahmedabad,19-06-2025,Budget,
C02922,28,Male,Ahmedabad,06-10-2024,Budget,
C02923,45,Female,Pune,28-06-2024,Premium,
C02924,49,Female,Hyderabad,04-08-2024,Budget,
C02925,60,Female,Chennai,22-07-2024,Regular,
C02926,21,Female,Pune,04-02-2023,Budget,
C02927,33,Female,Delhi,10-07-2024,Budget,
C02928,30,Female,Bengaluru,22-10-2025,Budget,
C02929,45,Male,Kolkata,23-04-2024,Budget,
C02930,43,Male,Delhi,31-10-2023,Budget,
C02931,59,Male,Ahmedabad,25-12-2025,Budget,
C02932,61,Male,Pune,19-04-2023,Budget,
C02933,54,Male,Mumbai,16-06-2024,Regular,
C02934,27,Female,Bengaluru,15-07-2024,Premium,
C02935,19,Female,Bengaluru,07-06-2024,Budget,
C02936,60,Male,Pune,06-10-2025,Regular,
C02937,62,Male,Mumbai,06-04-2024,Regular,
C02938,29,Female,Ahmedabad,01-12-2025,Regular,
C02939,20,Female,Kolkata,15-03-2023,Regular,
C02940,49,Male,Chennai,14-03-2025,Regular,
C02941,45,Female,Ahmedabad,11-10-2024,Premium,
C02942,59,Male,Pune,21-09-2023,Budget,
C02943,45,Male,Guntur,07-09-2023,Regular,
C02944,53,Female,Vijayawada,27-02-2025,Regular,
C02945,54,Female,Vijayawada,29-11-2024,Premium,
C02946,18,Male,Bengaluru,31-10-2024,Regular,
C02947,24,Female,Pune,25-02-2023,Premium,
C02948,54,Female,Hyderabad,16-10-2024,Regular,
C02949,26,Male,Guntur,10-12-2025,Regular,
C02950,27,Female,Ahmedabad,19-01-2023,Regular,
C02951,53,Male,Chennai,28-05-2024,Regular,
C02952,27,Male,Kolkata,25-06-2024,Regular,
C02953,25,Male,Pune,08-09-2025,Regular,
C02954,18,Male,Pune,06-11-2023,Budget,
C02955,40,Male,Pune,04-06-2024,Premium,
C02956,47,Female,Vijayawada,24-02-2025,Regular,
C02957,52,Male,Ahmedabad,08-03-2023,Regular,
C02958,60,Female,Delhi,27-05-2025,Budget,
C02959,48,Male,Ahmedabad,19-06-2025,Budget,
C02960,53,Female,Bengaluru,27-02-2025,Budget,
C02961,27,Female,Chennai,10-12-2024,Budget,
C02962,34,Male,Bengaluru,29-03-2025,Regular,
C02963,32,Female,Guntur,06-05-2025,Premium,
C02964,21,Female,Hyderabad,16-09-2025,Regular,
C02965,63,Female,,13-04-2024,Regular,
C02966,29,Male,Guntur,14-05-2024,Premium,
C02967,39,Female,Vijayawada,29-11-2024,Premium,
C02968,34,Female,Ahmedabad,31-07-2023,Regular,
C02969,20,Male,Delhi,26-07-2025,Regular,
C02970,60,Female,Guntur,23-04-2025,Regular,
C02971,28,Male,Vijayawada,22-11-2024,Regular,
C02972,22,Male,Guntur,27-11-2023,Budget,
C02973,34,Female,Ahmedabad,16-01-2024,Regular,
C02974,24,Other,Ahmedabad,21-04-2024,Regular,
C02975,64,Male,Kolkata,26-12-2024,Budget,
C02976,26,Male,Guntur,01-05-2025,Premium,
C02977,32,Male,Delhi,05-01-2025,Premium,
C02978,30,Female,Pune,15-10-2025,Regular,
C02979,19,Male,Guntur,17-11-2025,Budget,
C02980,18,Male,Chennai,10-02-2025,Budget,
C02981,42,Male,Ahmedabad,11-02-2024,Regular,
C02982,28,Female,Bengaluru,17-10-2024,Regular,
C02983,21,Male,Pune,10-04-2024,Regular,
C02984,31,Female,Hyderabad,19-11-2024,Budget,
C02985,30,Male,Vijayawada,08-06-2025,Budget,
C02986,37,Male,Guntur,09-02-2024,Budget,
C02987,64,Male,Chennai,07-07-2024,Regular,
C02988,32,Male,Bengaluru,19-02-2023,Regular,
C02989,51,Male,Kolkata,17-03-2025,Budget,
C02990,54,Male,Vijayawada,20-06-2024,Regular,
C02991,20,Male,Mumbai,06-08-2024,Premium,
C02992,41,Male,Vijayawada,24-08-2023,Regular,
C02993,39,Male,Delhi,16-10-2024,Budget,
C02994,41,Male,Delhi,26-03-2025,Regular,
C02995,26,Male,Mumbai,18-01-2024,Premium,
C02996,39,Male,Chennai,24-05-2023,Budget,
C02997,23,Female,Mumbai,28-02-2024,Budget,
C02998,62,Female,Bengaluru,06-08-2023,Regular,
C02999,45,Female,Mumbai,14-02-2024,Budget,
C03000,19,Male,Chennai,17-11-2024,Premium,
C03001,41,Other,Hyderabad,05-05-2023,Regular,
C03002,61,Other,Mumbai,29-03-2025,Budget,
C03003,52,Male,Hyderabad,03-09-2023,Premium,
C03004,30,Male,Bengaluru,06-09-2025,Regular,
C03005,59,Female,Ahmedabad,13-03-2025,Regular,
C03006,26,Other,Hyderabad,26-10-2023,Budget,
C03007,29,Female,Mumbai,08-09-2024,Regular,
C03008,25,Female,Kolkata,02-05-2023,Premium,
C03009,61,Female,Hyderabad,20-04-2023,Budget,
C03010,51,Other,Ahmedabad,12-11-2025,Regular,
C03011,42,Male,Hyderabad,28-05-2025,Premium,
C03012,49,Male,Hyderabad,19-06-2023,Regular,
C03013,30,Female,Bengaluru,06-11-2023,Budget,
C03014,21,Male,Guntur,05-08-2023,Budget,
C03015,57,Male,Hyderabad,08-03-2024,Regular,
C03016,63,Male,Hyderabad,16-11-2023,Regular,
C03017,19,Male,Vijayawada,26-12-2023,Budget,
C03018,20,Male,Kolkata,02-08-2024,Budget,
C03019,44,Female,Pune,27-07-2023,Regular,
C03020,20,Male,Hyderabad,24-08-2025,Regular,
C03021,51,Female,Mumbai,07-03-2025,Budget,
C03022,62,Male,Pune,12-04-2025,Regular,
C03023,31,Female,Pune,05-07-2023,Regular,
C03024,31,Female,Pune,14-02-2025,Budget,
C03025,58,Other,Bengaluru,04-07-2025,Budget,
C03026,34,Male,Vijayawada,11-07-2023,Premium,
C03027,29,Male,Ahmedabad,02-04-2025,Premium,
C03028,21,Female,Chennai,27-01-2024,Budget,
C03029,57,Female,Vijayawada,12-05-2025,Premium,
C03030,61,Male,Mumbai,07-06-2024,Regular,
C03031,21,Female,Bengaluru,28-05-2025,Premium,
C03032,55,Female,Guntur,11-06-2023,Premium,
C03033,25,Male,Bengaluru,02-03-2024,Regular,
C03034,24,Female,Hyderabad,27-10-2023,Regular,
C03035,35,Male,Kolkata,29-09-2023,Budget,
C03036,38,Male,Chennai,04-12-2023,Regular,
C03037,58,Female,Bengaluru,23-02-2024,Regular,
C03038,50,Female,Bengaluru,20-05-2023,Regular,
C03039,24,Female,Bengaluru,13-02-2025,Budget,
C03040,45,Female,Vijayawada,25-08-2024,Regular,
C03041,59,Other,Kolkata,27-06-2025,Premium,
C03042,49,Male,Guntur,11-02-2025,Budget,
C03043,28,Male,Kolkata,13-06-2023,Regular,
C03044,24,Male,Pune,18-03-2023,Regular,
C03045,39,Female,Chennai,07-04-2024,Regular,
C03046,40,Female,Vijayawada,10-06-2024,Premium,
C03047,34,Female,Guntur,21-09-2023,Regular,
C03048,23,Male,Pune,06-05-2025,Budget,
C03049,23,Male,Bengaluru,28-09-2024,Regular,
C03050,42,Female,Ahmedabad,30-03-2025,Regular,
C03051,62,Female,Mumbai,30-04-2023,Budget,
C03052,46,Male,Chennai,11-06-2025,Regular,
C03053,38,Female,Ahmedabad,14-08-2023,Regular,
C03054,61,Female,Guntur,05-05-2024,Regular,
C03055,50,Female,Kolkata,26-04-2024,Regular,
C03056,51,Male,Hyderabad,17-06-2025,Regular,
C03057,45,Female,Kolkata,31-10-2023,Regular,
C03058,53,Male,Vijayawada,21-09-2023,Regular,
C03059,41,Male,Kolkata,07-01-2024,Budget,
C03060,47,Female,Chennai,31-01-2024,Regular,
C03061,46,Male,Kolkata,18-07-2023,Premium,
C03062,53,Male,Chennai,13-07-2023,Regular,
C03063,60,Male,Guntur,11-09-2023,Regular,
C03064,31,Male,Guntur,26-05-2024,Premium,
C03065,50,Female,,11-01-2024,Budget,
C03066,19,Male,Bengaluru,05-03-2024,Budget,
C03067,43,Female,Delhi,26-02-2025,Budget,
C03068,60,Female,Bengaluru,21-09-2023,Regular,
C03069,48,Male,Ahmedabad,23-09-2025,Budget,
C03070,30,Female,Kolkata,03-04-2025,Regular,
C03071,46,Male,Chennai,11-07-2023,Regular,
C03072,34,Male,Guntur,10-12-2023,Budget,
C03073,38,Male,Ahmedabad,20-07-2023,Regular,
C03074,28,Male,Vijayawada,26-10-2023,Budget,
C03075,47,Male,Chennai,05-02-2024,Regular,
C03076,27,Male,Bengaluru,24-05-2023,Budget,
C03077,38,Female,Delhi,16-01-2023,Budget,
C03078,62,Female,Chennai,25-04-2024,Budget,
C03079,53,Female,Ahmedabad,06-02-2025,Regular,
C03080,37,Female,Delhi,28-11-2023,Budget,
C03081,63,Female,Kolkata,31-07-2025,Regular,
C03082,18,Male,Bengaluru,09-02-2024,Regular,
C03083,63,Female,Hyderabad,13-09-2025,Regular,
C03084,34,Male,Vijayawada,13-08-2024,Budget,
C03085,56,Female,Delhi,15-04-2025,Regular,
C03086,62,Female,Bengaluru,06-03-2023,Budget,
C03087,46,Male,Guntur,15-10-2025,Regular,
C03088,46,Female,Bengaluru,04-02-2024,Regular,
C03089,53,Female,Vijayawada,29-06-2024,Regular,
C03090,29,Female,Mumbai,19-11-2024,Budget,
C03091,26,Male,Delhi,05-12-2024,Regular,
C03092,34,Female,Chennai,26-01-2023,Regular,
C03093,40,Female,Hyderabad,07-08-2025,Budget,
C03094,52,Male,Delhi,13-11-2024,Regular,
C03095,30,Female,Mumbai,29-12-2025,Budget,
C03096,44,Male,Delhi,31-05-2024,Premium,
C03097,18,Female,Delhi,02-11-2024,Regular,
C03098,19,Male,Kolkata,27-04-2024,Budget,
C03099,63,Male,Hyderabad,01-09-2025,Budget,
C03100,57,Male,Mumbai,30-06-2025,Regular,
C03101,58,Female,Guntur,21-09-2025,Regular,
C03102,33,Female,Vijayawada,06-07-2024,Budget,
C03103,42,Male,Pune,16-05-2025,Budget,
C03104,49,Male,Mumbai,28-01-2024,Regular,
C03105,29,Female,Delhi,19-05-2024,Budget,
C03106,52,Male,Ahmedabad,12-04-2025,Budget,
C03107,50,Male,Mumbai,30-03-2023,Regular,
C03108,37,Other,Vijayawada,16-02-2025,Regular,
C03109,38,Male,Hyderabad,18-01-2023,Regular,
C03110,32,Female,Kolkata,27-09-2024,Budget,
C03111,55,Male,Pune,06-06-2024,Regular,
C03112,64,Female,Delhi,28-05-2024,Regular,
C03113,64,Female,Delhi,25-06-2024,Regular,
C03114,54,Male,Bengaluru,22-06-2024,Premium,
C03115,34,Female,Mumbai,22-03-2024,Budget,
C03116,54,Female,Mumbai,09-05-2024,Regular,
C03117,29,Female,Kolkata,14-09-2024,Premium,
C03118,60,Male,Pune,15-04-2025,Budget,
C03119,30,Male,Delhi,27-08-2024,Premium,
C03120,36,Female,Pune,04-12-2024,Regular,
C03121,22,Male,Pune,05-07-2025,Budget,
C03122,21,Male,Hyderabad,19-12-2025,Budget,
C03123,36,Male,Guntur,29-04-2023,Budget,
C03124,43,Female,Guntur,19-02-2025,Premium,
C03125,18,Male,Mumbai,04-09-2023,Premium,
C03126,57,Male,Ahmedabad,04-08-2023,Regular,
C03127,23,Female,Mumbai,18-05-2025,Budget,
C03128,64,Male,Hyderabad,17-07-2025,Regular,
C03129,30,Male,Guntur,23-04-2025,Regular,
C03130,35,Male,Chennai,25-12-2025,Budget,
C03131,25,Male,Mumbai,01-01-2025,Budget,
C03132,56,Other,Pune,13-08-2025,Regular,
C03133,52,Male,Delhi,10-05-2023,Regular,
C03134,21,Female,Chennai,01-09-2025,Regular,
C03135,22,Male,Guntur,25-06-2023,Regular,
C03136,46,Male,Mumbai,11-12-2023,Budget,
C03137,58,Male,Pune,21-05-2023,Budget,
C03138,23,Female,Kolkata,15-03-2024,Regular,
C03139,28,Male,Vijayawada,31-03-2025,Regular,
C03140,43,Male,Delhi,21-10-2023,Budget,
C03141,23,Female,Delhi,19-06-2025,Premium,
C03142,32,Male,Vijayawada,25-10-2024,Regular,
C03143,18,Female,Delhi,19-11-2024,Budget,
C03144,41,Male,Chennai,24-10-2025,Budget,
C03145,51,Male,Hyderabad,17-04-2024,Premium,
C03146,37,Female,Mumbai,13-01-2024,Regular,
C03147,30,Male,Bengaluru,25-12-2025,Budget,
C03148,37,Male,Mumbai,01-09-2024,Regular,
C03149,41,Male,Pune,03-11-2024,Budget,
C03150,25,Male,Pune,21-11-2023,Regular,
C03151,23,Female,Bengaluru,24-08-2023,Regular,
C03152,26,Male,Delhi,05-07-2023,Regular,
C03153,64,Other,Delhi,02-09-2023,Regular,
C03154,51,Male,Hyderabad,02-08-2023,Regular,
C03155,23,Male,Chennai,28-03-2025,Budget,
C03156,32,Male,Ahmedabad,05-03-2023,Premium,
C03157,37,Female,Hyderabad,20-11-2024,Budget,
C03158,26,Female,Mumbai,05-11-2025,Budget,
C03159,58,Female,Delhi,18-04-2025,Premium,
C03160,62,Male,Bengaluru,17-03-2024,Premium,
C03161,29,Male,Kolkata,07-03-2023,Regular,
C03162,18,Female,Ahmedabad,02-07-2025,Regular,
C03163,30,Male,Mumbai,04-01-2023,Budget,
C03164,45,Female,Chennai,16-01-2025,Regular,
C03165,55,Male,Ahmedabad,04-01-2025,Budget,
C03166,33,Male,Chennai,30-07-2023,Budget,
C03167,30,Male,Bengaluru,21-03-2025,Regular,
C03168,29,Male,Hyderabad,12-07-2023,Premium,
C03169,18,Female,,05-09-2023,Premium,
C03170,18,Female,Guntur,08-06-2025,Premium,
C03171,38,Female,Vijayawada,08-12-2025,Regular,
C03172,47,Female,Pune,17-10-2023,Budget,
C03173,18,Male,Vijayawada,05-10-2025,Budget,
C03174,27,Female,Ahmedabad,27-09-2025,Regular,
C03175,60,Male,Delhi,22-04-2025,Budget,
C03176,64,Female,Ahmedabad,03-06-2023,Regular,
C03177,48,Male,Delhi,24-11-2023,Regular,
C03178,42,Female,Vijayawada,12-01-2025,Premium,
C03179,45,Female,Guntur,30-12-2025,Regular,
C03180,35,Female,Guntur,10-06-2025,Regular,
C03181,27,Female,Pune,05-04-2024,Regular,
C03182,35,Female,Pune,15-09-2023,Regular,
C03183,50,Female,Bengaluru,17-11-2025,Budget,
C03184,49,Female,Kolkata,30-10-2023,Regular,
C03185,49,Male,Bengaluru,10-01-2024,Regular,
C03186,46,Female,Pune,22-11-2025,Budget,
C03187,20,Male,Bengaluru,07-09-2024,Regular,
C03188,47,Female,Delhi,17-10-2023,Premium,
C03189,59,Female,Ahmedabad,06-01-2023,Budget,
C03190,48,Male,Mumbai,15-04-2024,Regular,
C03191,45,Female,Kolkata,15-12-2025,Budget,
C03192,28,Male,Chennai,18-04-2024,Regular,
C03193,55,Female,Chennai,04-02-2025,Premium,
C03194,39,Female,Bengaluru,05-10-2023,Budget,
C03195,30,Female,Bengaluru,29-04-2025,Regular,
C03196,41,Female,Mumbai,29-04-2025,Regular,
C03197,23,Male,Bengaluru,28-10-2024,Budget,
C03198,61,Male,Guntur,25-04-2025,Regular,
C03199,51,Female,Ahmedabad,25-09-2024,Premium,
C03200,33,Male,Chennai,19-02-2024,Premium,
C03201,55,Male,Guntur,18-03-2025,Regular,
C03202,20,Male,Mumbai,03-07-2025,Budget,
C03203,36,Male,Pune,09-07-2025,Budget,
C03204,48,Other,Kolkata,22-08-2023,Budget,
C03205,19,Male,Ahmedabad,10-01-2025,Regular,
C03206,51,Male,Hyderabad,05-01-2023,Regular,
C03207,56,Female,Chennai,18-09-2024,Regular,
C03208,45,Other,Mumbai,17-09-2024,Regular,
C03209,27,Male,Pune,03-02-2024,Budget,
C03210,53,Female,Guntur,24-12-2025,Premium,
C03211,33,Male,Delhi,24-08-2025,Budget,
C03212,52,Female,Delhi,12-02-2023,Budget,
C03213,47,Male,Hyderabad,17-08-2023,Regular,
C03214,22,Male,Pune,16-08-2023,Budget,
C03215,22,Male,Delhi,09-09-2025,Budget,
C03216,18,Female,Kolkata,22-07-2024,Premium,
C03217,21,Male,Guntur,09-03-2025,Premium,
C03218,32,Male,Pune,05-06-2025,Regular,
C03219,19,Female,Hyderabad,20-04-2025,Budget,
C03220,62,Male,Guntur,08-04-2023,Budget,
C03221,61,Female,Delhi,03-06-2023,Budget,
C03222,26,Male,Delhi,08-03-2024,Budget,
C03223,32,Male,Guntur,06-01-2024,Premium,
C03224,52,Male,Pune,29-03-2025,Budget,
C03225,49,Male,Ahmedabad,21-06-2023,Regular,
C03226,45,Male,Guntur,11-02-2024,Budget,
C03227,64,Female,Delhi,17-09-2023,Regular,
C03228,47,Female,Vijayawada,26-07-2023,Budget,
C03229,49,Male,Bengaluru,09-07-2023,Budget,
C03230,41,Male,Guntur,03-08-2023,Budget,
C03231,42,Female,Guntur,09-09-2024,Premium,
C03232,31,Male,Hyderabad,25-03-2024,Regular,
C03233,42,Female,Bengaluru,21-04-2024,Regular,
C03234,61,Female,Hyderabad,08-06-2024,Budget,
C03235,35,Male,Chennai,22-03-2025,Regular,
C03236,24,Female,Vijayawada,01-08-2025,Regular,
C03237,46,Female,Bengaluru,30-07-2024,Regular,
C03238,54,Female,Hyderabad,04-12-2024,Regular,
C03239,63,Other,Delhi,19-03-2025,Premium,
C03240,43,Male,Mumbai,25-01-2025,Premium,
C03241,55,Female,Kolkata,28-05-2023,Premium,
C03242,29,Male,Kolkata,12-12-2025,Regular,
C03243,37,Male,Guntur,30-06-2023,Budget,
C03244,37,Other,Delhi,26-03-2024,Budget,
C03245,33,Male,Delhi,15-12-2024,Budget,
C03246,51,Other,Hyderabad,17-03-2024,Budget,
C03247,59,Female,Vijayawada,24-09-2023,Regular,
C03248,33,Female,Chennai,08-10-2025,Regular,
C03249,24,Other,Pune,20-03-2023,Regular,
C03250,56,Female,Guntur,27-09-2023,Regular,
C03251,57,Other,Kolkata,23-12-2025,Premium,
C03252,61,Female,Kolkata,10-03-2025,Budget,
C03253,29,Female,Bengaluru,06-04-2023,Budget,
C03254,51,Female,Ahmedabad,06-04-2025,Regular,
C03255,51,Male,Bengaluru,27-11-2025,Regular,
C03256,55,Male,Kolkata,18-04-2023,Regular,
C03257,55,Male,Pune,29-03-2024,Premium,
C03258,62,Male,Delhi,27-05-2024,Budget,
C03259,40,Male,Ahmedabad,24-05-2023,Regular,
C03260,21,Female,Ahmedabad,08-08-2023,Premium,
C03261,27,Female,Chennai,10-07-2023,Regular,
C03262,59,Female,Mumbai,22-07-2023,Regular,
C03263,57,Female,Delhi,17-03-2024,Budget,
C03264,18,Other,Bengaluru,22-05-2024,Budget,
C03265,35,Female,Mumbai,18-09-2023,Budget,
C03266,29,Female,Hyderabad,13-11-2023,Regular,
C03267,33,Male,Delhi,30-07-2023,Regular,
C03268,48,Female,Chennai,21-05-2025,Premium,
C03269,41,Male,Chennai,20-08-2023,Regular,
C03270,40,Male,Guntur,20-09-2025,Budget,
C03271,38,Male,Bengaluru,13-08-2024,Regular,
C03272,48,Female,Bengaluru,28-05-2025,Budget,
C03273,50,Female,Mumbai,27-11-2024,Regular,
C03274,20,Male,Hyderabad,19-10-2023,Budget,
C03275,24,Female,Guntur,20-10-2024,Regular,
C03276,34,Male,Vijayawada,28-10-2023,Premium,
C03277,38,Male,Guntur,10-05-2023,Budget,
C03278,64,Male,Ahmedabad,06-10-2023,Regular,
C03279,59,Male,Bengaluru,29-10-2023,Regular,
C03280,48,Female,Pune,28-05-2023,Budget,
C03281,19,Male,Hyderabad,26-01-2023,Budget,
C03282,22,Male,Mumbai,30-10-2025,Regular,
C03283,39,Male,Delhi,16-07-2024,Budget,
C03284,45,Female,Kolkata,16-03-2024,Budget,
C03285,49,Other,Chennai,15-10-2025,Regular,
C03286,24,Female,Chennai,04-09-2023,Regular,
C03287,59,Female,Guntur,17-03-2024,Budget,
C03288,41,Female,Chennai,16-07-2025,Premium,
C03289,45,Male,Delhi,23-11-2024,Premium,
C03290,19,Male,Chennai,13-03-2024,Premium,
C03291,56,Female,Guntur,08-10-2023,Regular,
C03292,43,Male,Pune,08-02-2023,Budget,
C03293,28,Male,Bengaluru,04-04-2023,Budget,
C03294,32,Male,Bengaluru,27-06-2023,Premium,
C03295,34,Male,Vijayawada,11-05-2025,Premium,
C03296,19,Female,Vijayawada,30-11-2024,Regular,
C03297,62,Male,Ahmedabad,19-04-2024,Regular,
C03298,55,Male,Hyderabad,07-05-2025,Regular,
C03299,59,Female,Ahmedabad,26-06-2023,Regular,
C03300,34,Female,Kolkata,19-08-2023,Budget,
C03301,44,Male,Vijayawada,06-03-2024,Regular,
C03302,39,Male,Delhi,01-10-2025,Regular,
C03303,40,Male,Delhi,03-11-2024,Regular,
C03304,45,Male,Kolkata,20-07-2025,Regular,
C03305,39,Male,Bengaluru,29-09-2023,Regular,
C03306,54,Male,Ahmedabad,17-07-2025,Budget,
C03307,20,Female,Delhi,21-03-2023,Budget,
C03308,27,Female,Bengaluru,07-09-2023,Budget,
C03309,59,Female,Guntur,26-07-2024,Budget,
C03310,59,Female,Chennai,25-02-2023,Budget,
C03311,56,Female,Guntur,28-07-2025,Regular,
C03312,35,Female,Chennai,07-08-2025,Regular,
C03313,39,Female,Delhi,15-08-2024,Regular,
C03314,19,Female,Delhi,01-12-2023,Regular,
C03315,31,Female,Ahmedabad,08-11-2024,Regular,
C03316,52,Female,Bengaluru,11-08-2024,Budget,
C03317,34,Female,Chennai,12-04-2025,Regular,
C03318,40,Male,Bengaluru,21-10-2024,Budget,
C03319,23,Male,Chennai,21-05-2023,Budget,
C03320,41,Male,Delhi,14-05-2023,Regular,
C03321,51,Male,Pune,05-05-2025,Premium,
C03322,44,Male,Guntur,24-06-2023,Budget,
C03323,44,Male,Delhi,24-10-2025,Regular,
C03324,60,Male,Delhi,27-04-2023,Budget,
C03325,29,Other,Bengaluru,08-03-2025,Budget,
C03326,32,Male,Hyderabad,03-12-2025,Premium,
C03327,47,Male,Ahmedabad,28-04-2024,Regular,
C03328,40,Male,Kolkata,04-03-2023,Regular,
C03329,64,Male,Pune,17-08-2025,Premium,
C03330,20,Female,Delhi,25-07-2023,Regular,
C03331,23,Female,Pune,31-07-2024,Budget,
C03332,34,Male,Guntur,14-12-2025,Regular,
C03333,39,Female,Bengaluru,26-03-2025,Regular,
C03334,59,Male,Delhi,20-02-2023,Regular,
C03335,41,Female,Chennai,17-06-2025,Regular,
C03336,38,Female,Bengaluru,26-06-2023,Regular,
C03337,25,Female,Kolkata,31-03-2025,Budget,
C03338,38,Male,Ahmedabad,10-11-2024,Regular,
C03339,42,Female,Guntur,12-11-2023,Budget,
C03340,45,Female,Hyderabad,08-04-2024,Budget,
C03341,46,Female,Bengaluru,10-05-2023,Regular,
C03342,38,Male,Pune,16-12-2025,Regular,
C03343,25,Male,Guntur,18-09-2023,Premium,
C03344,25,Male,Vijayawada,05-12-2023,Regular,
C03345,25,Male,Ahmedabad,04-07-2024,Regular,
C03346,47,Female,Vijayawada,06-01-2025,Budget,
C03347,58,Male,Guntur,07-07-2024,Regular,
C03348,59,Male,Mumbai,07-07-2024,Budget,
C03349,32,Female,Pune,29-09-2024,Regular,
C03350,21,Female,Kolkata,28-07-2025,Regular,
C03351,47,Other,Mumbai,08-03-2024,Budget,
C03352,19,Female,Guntur,30-06-2025,Premium,
C03353,47,Female,Ahmedabad,11-05-2025,Regular,
C03354,36,Female,Pune,18-11-2025,Regular,
C03355,57,Male,Delhi,26-09-2025,Regular,
C03356,47,Male,Ahmedabad,24-05-2025,Regular,
C03357,52,Female,Chennai,28-09-2023,Regular,
C03358,37,Male,Chennai,27-04-2025,Budget,
C03359,57,Male,Delhi,17-03-2025,Premium,
C03360,42,Female,Bengaluru,14-11-2023,Regular,
C03361,47,Male,Delhi,12-01-2025,Regular,
C03362,34,Male,Delhi,05-10-2023,Regular,
C03363,39,Male,Pune,26-07-2024,Budget,
C03364,57,Male,Delhi,22-05-2025,Regular,
C03365,36,Female,Guntur,26-07-2023,Regular,
C03366,19,Male,Chennai,04-01-2024,Regular,
C03367,35,Female,Delhi,20-05-2025,Budget,
C03368,36,Male,Ahmedabad,11-05-2024,Regular,
C03369,37,Female,Chennai,17-11-2025,Premium,
C03370,21,Male,Kolkata,09-01-2023,Premium,
C03371,24,Male,Vijayawada,01-03-2025,Regular,
C03372,33,Female,Mumbai,10-06-2025,Regular,
C03373,37,Male,Chennai,02-10-2025,Regular,
C03374,19,Female,Bengaluru,21-06-2023,Budget,
C03375,36,Male,Hyderabad,13-12-2025,Regular,
C03376,33,Male,Chennai,05-03-2024,Regular,
C03377,19,Male,Guntur,21-01-2024,Budget,
C03378,29,Female,Chennai,25-01-2024,Regular,
C03379,30,Male,Vijayawada,29-11-2024,Budget,
C03380,24,Male,Vijayawada,22-12-2024,Regular,
C03381,53,Female,Kolkata,02-06-2024,Regular,
C03382,21,Male,Vijayawada,19-03-2023,Premium,
C03383,45,Female,Delhi,16-12-2025,Budget,
C03384,49,Other,Vijayawada,01-09-2023,Budget,
C03385,55,Female,Pune,13-04-2023,Regular,
C03386,43,Male,Hyderabad,16-10-2024,Regular,
C03387,43,Male,Guntur,27-03-2024,Budget,
C03388,53,Other,Vijayawada,05-11-2024,Regular,
C03389,58,Female,Guntur,16-08-2025,Premium,
C03390,27,Male,Delhi,17-04-2023,Regular,
C03391,55,Other,Bengaluru,08-11-2023,Budget,
C03392,39,Other,Pune,19-07-2024,Budget,
C03393,22,Male,Guntur,19-10-2024,Regular,
C03394,46,Male,Guntur,24-02-2024,Regular,
C03395,63,Female,Kolkata,30-10-2024,Premium,
C03396,24,Female,Ahmedabad,09-12-2025,Budget,
C03397,18,Female,Hyderabad,09-06-2024,Regular,
C03398,61,Male,Kolkata,25-08-2025,Premium,
C03399,46,Male,Bengaluru,04-05-2025,Budget,
C03400,28,Male,Ahmedabad,26-11-2023,Premium,
C03401,55,Male,Hyderabad,01-10-2023,Regular,
C03402,36,Female,Pune,23-04-2025,Regular,
C03403,33,Male,Vijayawada,16-08-2023,Regular,
C03404,31,Male,Bengaluru,04-01-2024,Regular,
C03405,46,Female,Delhi,15-09-2023,Premium,
C03406,24,Male,Hyderabad,25-10-2024,Budget,
C03407,35,Male,Ahmedabad,19-11-2023,Regular,
C03408,32,Female,Vijayawada,22-12-2024,Budget,
C03409,20,Male,Hyderabad,20-10-2025,Budget,
C03410,53,Female,Pune,27-06-2025,Regular,
C03411,18,Male,Ahmedabad,04-11-2025,Regular,
C03412,63,Male,Hyderabad,27-01-2023,Regular,
C03413,22,Female,Delhi,13-05-2024,Budget,
C03414,34,Male,Bengaluru,30-08-2023,Budget,
C03415,22,Female,Vijayawada,02-10-2025,Budget,
C03416,35,Male,Pune,18-02-2025,Budget,
C03417,46,Female,Pune,17-12-2023,Budget,
C03418,22,Male,Vijayawada,09-09-2024,Regular,
C03419,42,Female,Ahmedabad,24-10-2024,Budget,
C03420,54,Female,Mumbai,26-06-2024,Premium,
C03421,39,Female,Kolkata,03-06-2024,Budget,
C03422,23,Male,Chennai,02-03-2023,Regular,
C03423,50,Female,Pune,10-05-2024,Budget,
C03424,26,Female,Guntur,17-01-2024,Budget,
C03425,18,Male,Vijayawada,14-06-2025,Regular,
C03426,38,Female,Vijayawada,05-08-2025,Budget,
C03427,30,Male,Delhi,01-04-2025,Budget,
C03428,19,Male,Guntur,03-02-2023,Regular,
C03429,54,Female,Guntur,10-07-2025,Regular,
C03430,46,Male,Pune,10-03-2024,Regular,
C03431,60,Male,Hyderabad,31-03-2024,Budget,
C03432,40,Female,Bengaluru,31-10-2025,Budget,
C03433,38,Female,Kolkata,07-08-2025,Regular,
C03434,57,Male,Guntur,25-02-2023,Premium,
C03435,21,Male,Vijayawada,30-01-2024,Budget,
C03436,34,Male,Chennai,31-03-2025,Budget,
C03437,55,Female,Guntur,13-08-2024,Regular,
C03438,31,Male,Guntur,10-10-2023,Premium,
C03439,59,Female,Delhi,28-07-2024,Budget,
C03440,31,Female,Mumbai,06-08-2025,Regular,
C03441,37,Female,Delhi,02-09-2023,Regular,
C03442,60,Male,Kolkata,27-03-2025,Budget,
C03443,29,Male,Guntur,15-03-2025,Regular,
C03444,63,Male,Bengaluru,27-08-2025,Regular,
C03445,20,Male,Mumbai,23-11-2023,Budget,
C03446,30,Male,Bengaluru,25-08-2023,Budget,
C03447,45,Female,Vijayawada,22-08-2024,Budget,
C03448,45,Male,Delhi,04-08-2024,Budget,
C03449,60,Male,Chennai,24-03-2024,Regular,
C03450,63,Female,Chennai,03-05-2025,Regular,
C03451,49,Other,Hyderabad,24-05-2025,Regular,
C03452,49,Male,Delhi,27-09-2023,Regular,
C03453,32,Female,Ahmedabad,21-05-2025,Regular,
C03454,55,Female,Mumbai,10-09-2023,Budget,
C03455,48,Male,Delhi,22-03-2024,Regular,
C03456,19,Female,Kolkata,30-01-2023,Budget,
C03457,57,Male,Mumbai,08-01-2024,Budget,
C03458,34,Male,Ahmedabad,15-11-2025,Regular,
C03459,40,Male,Mumbai,29-04-2024,Regular,
C03460,40,Male,Delhi,16-02-2025,Budget,
C03461,56,Female,Vijayawada,29-04-2023,Regular,
C03462,30,Female,Guntur,26-11-2024,Budget,
C03463,36,Male,Pune,11-02-2024,Regular,
C03464,19,Female,Mumbai,25-03-2025,Regular,
C03465,34,Male,Vijayawada,13-10-2025,Regular,
C03466,22,Male,Delhi,05-08-2024,Budget,
C03467,45,Female,Mumbai,23-04-2023,Regular,
C03468,59,Male,Pune,05-06-2024,Budget,
C03469,39,Female,Delhi,15-05-2023,Regular,
C03470,60,Male,Guntur,07-05-2024,Premium,
C03471,63,Female,Chennai,08-03-2023,Budget,
C03472,20,Male,Hyderabad,02-12-2024,Regular,
C03473,42,Male,Delhi,06-12-2023,Budget,
C03474,42,Female,Vijayawada,09-08-2023,Regular,
C03475,36,Female,Hyderabad,19-01-2023,Regular,
C03476,57,Male,Guntur,30-08-2025,Regular,
C03477,36,Female,Hyderabad,05-07-2025,Regular,
C03478,20,Male,Pune,07-06-2025,Premium,
C03479,43,Male,Delhi,05-03-2023,Regular,
C03480,27,Male,Bengaluru,18-01-2024,Premium,
C03481,34,Female,Ahmedabad,29-11-2025,Budget,
C03482,41,Female,Bengaluru,25-09-2024,Premium,
C03483,51,Female,Delhi,21-05-2023,Budget,
C03484,31,Female,Pune,04-06-2023,Budget,
C03485,35,Male,Pune,16-10-2023,Regular,
C03486,21,Male,Hyderabad,30-11-2025,Budget,
C03487,36,Male,Delhi,05-07-2023,Regular,
C03488,45,Female,Kolkata,15-09-2025,Budget,
C03489,46,Male,Pune,12-01-2025,Regular,
C03490,31,Female,Ahmedabad,06-10-2025,Budget,
C03491,20,Female,Ahmedabad,23-06-2025,Budget,
C03492,45,Female,Bengaluru,30-12-2023,Premium,
C03493,48,Male,Guntur,25-06-2025,Regular,
C03494,22,Male,Guntur,05-07-2023,Budget,
C03495,41,Female,Guntur,15-11-2023,Regular,
C03496,22,Female,Guntur,20-08-2023,Premium,
C03497,39,Male,Chennai,26-05-2023,Regular,
C03498,48,Female,Kolkata,09-04-2023,Budget,
C03499,51,Female,Delhi,25-07-2023,Premium,
C03500,51,Male,Vijayawada,12-05-2023,Regular,
C03501,53,Female,Guntur,21-02-2024,Budget,
C03502,29,Male,Bengaluru,20-03-2023,Budget,
C03503,57,Other,,09-03-2023,Budget,
C03504,34,Male,Kolkata,19-12-2025,Premium,
C03505,35,Male,Pune,07-04-2023,Premium,
C03506,55,Male,Delhi,23-03-2023,Regular,
C03507,33,Female,Delhi,02-02-2023,Regular,
C03508,21,Other,Ahmedabad,26-05-2023,Regular,
C03509,51,Male,Ahmedabad,01-08-2024,Regular,
C03510,49,Male,Pune,24-06-2025,Regular,
C03511,45,Male,Vijayawada,15-03-2025,Premium,
C03512,24,Male,Chennai,27-09-2024,Budget,
C03513,47,Female,Delhi,04-04-2023,Budget,
C03514,27,Male,Pune,27-04-2025,Regular,
C03515,44,Other,Bengaluru,10-02-2023,Regular,
C03516,41,Female,Delhi,21-11-2024,Budget,
C03517,54,Male,Guntur,24-03-2024,Budget,
C03518,63,Female,Kolkata,23-08-2025,Regular,
C03519,26,Other,Ahmedabad,03-12-2023,Regular,
C03520,23,Female,Bengaluru,30-11-2024,Premium,
C03521,44,Female,Bengaluru,26-04-2024,Regular,
C03522,62,Male,Delhi,25-07-2024,Regular,
C03523,25,Male,Mumbai,24-10-2025,Regular,
C03524,40,Female,Hyderabad,29-03-2024,Regular,
C03525,37,Male,Pune,04-05-2024,Budget,
C03526,32,Female,Ahmedabad,10-02-2025,Regular,
C03527,49,Female,Ahmedabad,14-01-2024,Regular,
C03528,31,Male,Bengaluru,03-07-2023,Premium,
C03529,41,Male,Ahmedabad,27-05-2024,Premium,
C03530,57,Male,Mumbai,16-03-2023,Budget,
C03531,35,Female,Bengaluru,05-07-2023,Regular,
C03532,18,Male,Delhi,05-04-2024,Regular,
C03533,59,Male,Chennai,22-05-2025,Budget,
C03534,30,Female,Kolkata,05-05-2025,Regular,
C03535,54,Female,Ahmedabad,13-10-2023,Premium,
C03536,53,Female,Ahmedabad,07-04-2024,Regular,
C03537,42,Female,Bengaluru,18-06-2023,Regular,
C03538,22,Male,Mumbai,06-04-2025,Regular,
C03539,62,Other,Delhi,27-09-2023,Regular,
C03540,50,Female,Vijayawada,25-05-2025,Regular,
C03541,37,Male,Pune,11-07-2025,Regular,
C03542,58,Male,Kolkata,24-01-2025,Premium,
C03543,55,Male,Mumbai,28-12-2023,Regular,
C03544,53,Female,Chennai,09-11-2025,Budget,
C03545,25,Female,Ahmedabad,21-01-2025,Regular,
C03546,47,Female,Guntur,08-12-2024,Regular,
C03547,31,Other,Hyderabad,26-07-2025,Regular,
C03548,21,Male,,23-08-2025,Regular,
C03549,33,Female,Ahmedabad,27-03-2023,Budget,
C03550,22,Female,Bengaluru,23-08-2025,Regular,
C03551,22,Female,Kolkata,17-04-2025,Premium,
C03552,52,Male,Delhi,15-08-2023,Regular,
C03553,41,Female,Pune,03-12-2023,Regular,
C03554,36,Female,Pune,04-04-2025,Regular,
C03555,27,Male,Guntur,26-08-2023,Regular,
C03556,54,Female,Hyderabad,10-05-2024,Regular,
C03557,47,Male,Chennai,24-01-2025,Regular,
C03558,45,Male,Mumbai,13-12-2024,Regular,
C03559,26,Female,Guntur,23-09-2025,Regular,
C03560,23,Male,Pune,03-05-2023,Regular,
C03561,23,Female,Bengaluru,20-11-2023,Regular,
C03562,19,Female,Hyderabad,14-12-2025,Budget,
C03563,63,Male,Vijayawada,14-09-2024,Regular,
C03564,35,Male,Bengaluru,30-09-2023,Regular,
C03565,48,Male,Hyderabad,14-11-2023,Budget,
C03566,64,Male,Delhi,07-01-2024,Budget,
C03567,62,Female,Pune,29-08-2024,Regular,
C03568,33,Male,Chennai,08-11-2023,Regular,
C03569,41,Other,Bengaluru,11-11-2024,Regular,
C03570,39,Male,Hyderabad,02-05-2024,Regular,
C03571,19,Male,Delhi,30-10-2024,Regular,
C03572,54,Female,Vijayawada,19-06-2023,Budget,
C03573,44,Female,Bengaluru,13-11-2024,Regular,
C03574,35,Female,Pune,09-10-2025,Regular,
C03575,44,Female,Bengaluru,28-05-2023,Budget,
C03576,52,Female,Kolkata,25-12-2023,Premium,
C03577,18,Male,Hyderabad,29-01-2025,Premium,
C03578,48,Male,Chennai,07-11-2024,Budget,
C03579,58,Other,Hyderabad,08-01-2025,Budget,
C03580,52,Male,Kolkata,04-09-2024,Premium,
C03581,47,Female,Ahmedabad,17-01-2025,Budget,
C03582,22,Female,Bengaluru,29-10-2024,Premium,
C03583,53,Female,Delhi,23-03-2023,Budget,
C03584,53,Female,Chennai,02-04-2025,Regular,
C03585,41,Other,Hyderabad,04-05-2024,Budget,
C03586,45,Male,Hyderabad,26-02-2023,Regular,
C03587,47,Female,Vijayawada,23-03-2024,Budget,
C03588,23,Female,Kolkata,21-04-2024,Regular,
C03589,30,Male,Kolkata,05-04-2023,Premium,
C03590,55,Female,Chennai,26-12-2025,Budget,
C03591,63,Male,Chennai,01-09-2023,Regular,
C03592,30,Male,Ahmedabad,29-12-2023,Budget,
C03593,36,Female,Delhi,27-04-2024,Regular,
C03594,61,Female,Bengaluru,30-06-2025,Budget,
C03595,25,Male,Delhi,24-03-2025,Regular,
C03596,30,Female,Pune,24-04-2025,Regular,
C03597,20,Male,Pune,17-09-2023,Premium,
C03598,29,Male,Pune,14-07-2025,Premium,
C03599,47,Male,Guntur,27-06-2025,Budget,
C03600,34,Female,Chennai,22-05-2024,Budget,
C03601,64,Male,Pune,20-08-2024,Budget,
C03602,59,Male,Guntur,10-02-2023,Regular,
C03603,60,Female,Vijayawada,12-04-2025,Budget,
C03604,52,Male,Vijayawada,18-11-2025,Regular,
C03605,50,Male,Ahmedabad,01-06-2024,Premium,
C03606,41,Male,Bengaluru,14-08-2024,Budget,
C03607,64,Female,Vijayawada,30-06-2024,Budget,
C03608,22,Female,Hyderabad,01-04-2023,Regular,
C03609,51,Female,Pune,09-11-2024,Regular,
C03610,24,Male,Delhi,28-02-2025,Regular,
C03611,33,Male,Kolkata,13-10-2025,Budget,
C03612,30,Female,Ahmedabad,15-10-2025,Premium,
C03613,46,Male,Ahmedabad,22-06-2024,Regular,
C03614,54,Male,Chennai,01-08-2024,Budget,
C03615,21,Male,Ahmedabad,04-12-2024,Budget,
C03616,46,Male,Ahmedabad,21-10-2024,Regular,
C03617,28,Male,Hyderabad,29-12-2025,Budget,
C03618,21,Female,Kolkata,18-03-2025,Premium,
C03619,37,Female,Bengaluru,12-05-2023,Regular,
C03620,45,Female,Pune,20-03-2023,Premium,
C03621,27,Male,Chennai,24-03-2024,Regular,
C03622,36,Female,Mumbai,18-07-2024,Premium,
C03623,62,Female,Chennai,02-01-2025,Regular,
C03624,34,Female,Guntur,11-06-2024,Regular,
C03625,64,Male,Vijayawada,17-07-2024,Budget,
C03626,57,Female,Ahmedabad,06-10-2025,Regular,
C03627,35,Male,Ahmedabad,02-01-2024,Regular,
C03628,45,Female,Mumbai,24-06-2024,Regular,
C03629,51,Female,Bengaluru,02-09-2024,Regular,
C03630,39,Female,Pune,27-05-2024,Budget,
C03631,37,Female,Delhi,26-11-2025,Regular,
C03632,33,Female,Chennai,19-11-2025,Budget,
C03633,24,Female,Chennai,15-07-2024,Regular,
C03634,19,Male,Bengaluru,08-05-2024,Regular,
C03635,33,Male,Guntur,06-10-2024,Premium,
C03636,55,Female,Mumbai,18-07-2023,Regular,
C03637,28,Other,Vijayawada,11-04-2024,Premium,
C03638,26,Female,Kolkata,26-08-2023,Premium,
C03639,33,Male,Bengaluru,07-06-2023,Budget,
C03640,46,Female,Hyderabad,15-04-2023,Regular,
C03641,28,Male,Delhi,04-10-2024,Budget,
C03642,28,Male,Hyderabad,01-01-2023,Premium,
C03643,23,Male,Vijayawada,08-12-2024,Regular,
C03644,33,Male,Vijayawada,17-04-2024,Budget,
C03645,28,Female,Kolkata,06-02-2024,Budget,
C03646,57,Male,Chennai,22-04-2025,Regular,
C03647,60,Male,Guntur,12-08-2024,Budget,
C03648,35,Female,Kolkata,14-03-2025,Regular,
C03649,22,Male,Mumbai,15-02-2025,Premium,
C03650,22,Male,Guntur,05-02-2023,Budget,
C03651,33,Male,Chennai,24-08-2023,Regular,
C03652,39,Male,Pune,16-09-2024,Regular,
C03653,42,Female,Kolkata,04-12-2025,Budget,
C03654,32,Male,Vijayawada,18-06-2023,Budget,
C03655,34,Male,Bengaluru,26-04-2023,Budget,
C03656,31,Male,Chennai,27-10-2025,Premium,
C03657,42,Male,Guntur,24-11-2025,Regular,
C03658,50,Male,Delhi,03-07-2023,Regular,
C03659,20,Male,Ahmedabad,15-03-2024,Regular,
C03660,40,Male,Ahmedabad,17-11-2024,Budget,
C03661,48,Male,Mumbai,02-08-2023,Budget,
C03662,49,Female,Mumbai,24-12-2023,Budget,
C03663,44,Male,Delhi,08-03-2024,Regular,
C03664,42,Male,Hyderabad,03-12-2024,Regular,
C03665,50,Female,Ahmedabad,04-12-2023,Regular,
C03666,35,Male,Bengaluru,27-03-2024,Budget,
C03667,44,Female,Vijayawada,14-11-2023,Regular,
C03668,33,Male,Ahmedabad,11-04-2025,Regular,
C03669,38,Male,Mumbai,17-06-2023,Regular,
C03670,23,Female,Hyderabad,10-09-2023,Budget,
C03671,34,Male,Ahmedabad,01-10-2023,Regular,
C03672,24,Male,Delhi,18-09-2025,Budget,
C03673,28,Female,Bengaluru,31-10-2025,Budget,
C03674,37,Other,Delhi,01-07-2024,Regular,
C03675,41,Male,Vijayawada,21-06-2023,Regular,
C03676,62,Female,Kolkata,07-04-2025,Regular,
C03677,19,Male,Kolkata,22-06-2024,Budget,
C03678,60,Female,Pune,19-07-2025,Budget,
C03679,33,Male,Bengaluru,30-01-2024,Regular,
C03680,52,Female,Vijayawada,29-12-2025,Regular,
C03681,49,Male,Ahmedabad,02-06-2025,Regular,
C03682,63,Female,Pune,03-09-2023,Regular,
C03683,23,Male,Ahmedabad,05-03-2025,Budget,
C03684,63,Female,Mumbai,11-11-2023,Regular,
C03685,20,Female,Ahmedabad,19-01-2024,Premium,
C03686,59,Female,Vijayawada,02-10-2023,Budget,
C03687,48,Other,Mumbai,17-01-2025,Regular,
C03688,40,Male,Hyderabad,15-10-2023,Budget,
C03689,36,Female,Ahmedabad,30-11-2024,Budget,
C03690,22,Male,Guntur,29-09-2024,Regular,
C03691,55,Female,Guntur,02-04-2025,Regular,
C03692,52,Female,Vijayawada,23-12-2025,Budget,
C03693,62,Male,Mumbai,10-01-2023,Regular,
C03694,52,Male,Vijayawada,20-12-2025,Budget,
C03695,62,Female,Chennai,30-04-2023,Regular,
C03696,59,Female,Pune,30-07-2024,Regular,
C03697,38,Female,Guntur,09-01-2024,Budget,
C03698,51,Female,Vijayawada,30-11-2024,Regular,
C03699,30,Male,Kolkata,01-03-2025,Regular,
C03700,55,Female,Pune,30-07-2025,Premium,
C03701,46,Female,Delhi,16-03-2024,Budget,
C03702,38,Female,Guntur,18-10-2025,Regular,
C03703,47,Female,Guntur,20-12-2023,Budget,
C03704,31,Female,Chennai,12-08-2023,Budget,
C03705,47,Female,Bengaluru,20-02-2024,Budget,
C03706,40,Female,Guntur,01-08-2024,Regular,
C03707,33,Female,Guntur,01-01-2025,Budget,
C03708,63,Female,Hyderabad,30-06-2025,Premium,
C03709,20,Male,Delhi,04-09-2023,Regular,
C03710,53,Male,Pune,29-11-2023,Regular,
C03711,27,Female,Hyderabad,24-10-2025,Budget,
C03712,28,Female,Kolkata,26-04-2024,Budget,
C03713,25,Female,Vijayawada,22-09-2023,Regular,
C03714,22,Female,Chennai,15-12-2025,Regular,
C03715,23,Male,Ahmedabad,06-05-2024,Regular,
C03716,57,Male,Hyderabad,14-12-2025,Regular,
C03717,61,Female,Chennai,03-10-2025,Regular,
C03718,45,Female,Pune,19-09-2025,Regular,
C03719,18,Male,Vijayawada,29-09-2024,Budget,
C03720,58,Male,Guntur,24-05-2025,Regular,
C03721,46,Male,Vijayawada,17-11-2025,Regular,
C03722,42,Male,Vijayawada,22-10-2023,Regular,
C03723,62,Female,Guntur,11-02-2023,Regular,
C03724,37,Male,Mumbai,18-12-2023,Regular,
C03725,34,Male,Bengaluru,28-11-2024,Regular,
C03726,54,Female,Guntur,22-08-2024,Budget,
C03727,42,Female,Bengaluru,30-03-2023,Budget,
C03728,51,Female,Pune,06-09-2024,Budget,
C03729,50,Male,Ahmedabad,10-07-2023,Budget,
C03730,57,Male,Hyderabad,07-07-2024,Regular,
C03731,32,Male,Vijayawada,22-09-2024,Regular,
C03732,21,Female,Mumbai,28-11-2024,Budget,
C03733,40,Male,Chennai,27-03-2024,Premium,
C03734,48,Female,Mumbai,23-03-2024,Premium,
C03735,56,Female,Delhi,13-01-2025,Regular,
C03736,30,Female,Delhi,31-03-2025,Regular,
C03737,53,Male,Bengaluru,03-06-2025,Budget,
C03738,57,Male,Bengaluru,01-01-2024,Regular,
C03739,55,Female,Delhi,09-04-2024,Regular,
C03740,55,Male,Chennai,29-12-2023,Budget,
C03741,64,Female,Kolkata,31-07-2024,Regular,
C03742,49,Male,Guntur,20-05-2023,Regular,
C03743,35,Other,Hyderabad,15-04-2024,Budget,
C03744,38,Female,Hyderabad,26-07-2023,Regular,
C03745,53,Male,Kolkata,05-08-2024,Regular,
C03746,29,Female,Hyderabad,20-07-2025,Budget,
C03747,46,Female,Kolkata,15-12-2025,Budget,
C03748,44,Female,Delhi,03-05-2024,Budget,
C03749,49,Male,Delhi,03-03-2023,Regular,
C03750,37,Male,Kolkata,07-09-2023,Regular,
C03751,52,Female,Guntur,25-04-2023,Budget,
C03752,21,Male,Bengaluru,11-04-2025,Regular,
C03753,53,Female,Bengaluru,14-12-2025,Regular,
C03754,56,Male,Kolkata,29-08-2024,Regular,
C03755,59,Female,Hyderabad,13-07-2023,Regular,
C03756,61,Male,Delhi,24-01-2023,Regular,
C03757,34,Female,Delhi,04-12-2025,Budget,
C03758,20,Male,Mumbai,13-12-2023,Regular,
C03759,48,Male,Pune,03-05-2023,Budget,
C03760,22,Male,Bengaluru,13-07-2023,Regular,
C03761,31,Female,Chennai,07-10-2023,Premium,
C03762,51,Male,Hyderabad,19-12-2024,Regular,
C03763,45,Female,Vijayawada,03-09-2025,Budget,
C03764,46,Male,Guntur,29-10-2023,Budget,
C03765,53,Female,Chennai,22-01-2025,Premium,
C03766,25,Female,Hyderabad,13-03-2023,Budget,
C03767,55,Male,Chennai,12-01-2023,Premium,
C03768,45,Male,Vijayawada,02-03-2023,Budget,
C03769,37,Male,Guntur,07-10-2025,Regular,
C03770,39,Female,Kolkata,28-09-2024,Budget,
C03771,41,Other,Vijayawada,31-05-2025,Budget,
C03772,43,Male,Bengaluru,24-01-2023,Budget,
C03773,33,Female,Pune,25-01-2023,Budget,
C03774,28,Female,Ahmedabad,18-07-2025,Budget,
C03775,25,Female,Hyderabad,23-04-2023,Budget,
C03776,34,Female,Delhi,20-06-2023,Regular,
C03777,30,Other,Mumbai,22-07-2024,Regular,
C03778,42,Female,Bengaluru,26-10-2024,Budget,
C03779,60,Female,Chennai,08-09-2023,Regular,
C03780,23,Male,Vijayawada,01-05-2024,Regular,
C03781,32,Female,Pune,08-01-2025,Premium,
C03782,20,Other,Hyderabad,29-04-2024,Regular,
C03783,63,Female,Kolkata,24-02-2024,Regular,
C03784,50,Male,Pune,20-03-2023,Premium,
C03785,29,Female,Mumbai,09-05-2024,Premium,
C03786,37,Male,Mumbai,29-05-2025,Premium,
C03787,51,Female,Pune,17-11-2024,Regular,
C03788,63,Male,Vijayawada,04-09-2025,Regular,
C03789,44,Female,Ahmedabad,19-05-2023,Premium,
C03790,30,Male,Delhi,13-01-2023,Regular,
C03791,50,Male,Chennai,23-08-2024,Budget,
C03792,50,Male,Bengaluru,15-07-2023,Premium,
C03793,48,Male,Bengaluru,12-10-2024,Regular,
C03794,20,Male,Bengaluru,16-09-2025,Budget,
C03795,51,Female,Guntur,05-01-2024,Budget,
C03796,18,Female,Pune,24-08-2024,Premium,
C03797,60,Female,Hyderabad,16-01-2025,Budget,
C03798,59,Female,Vijayawada,14-06-2023,Regular,
C03799,44,Male,Bengaluru,09-09-2025,Budget,
C03800,48,Female,Kolkata,11-08-2023,Budget,
C03801,21,Female,Hyderabad,04-06-2025,Regular,
C03802,59,Male,Pune,23-12-2024,Premium,
C03803,30,Female,Pune,04-06-2023,Regular,
C03804,30,Female,Vijayawada,04-03-2025,Budget,
C03805,51,Female,Kolkata,04-08-2023,Budget,
C03806,62,Female,Delhi,18-10-2024,Budget,
C03807,41,Male,Pune,16-11-2025,Premium,
C03808,41,Female,Kolkata,09-11-2025,Regular,
C03809,43,Male,Delhi,12-08-2025,Premium,
C03810,31,Female,Ahmedabad,24-06-2024,Premium,
C03811,46,Male,Pune,04-09-2024,Regular,
C03812,63,Female,Vijayawada,25-11-2023,Budget,
C03813,35,Female,Bengaluru,05-10-2025,Premium,
C03814,54,Male,Ahmedabad,06-06-2024,Budget,
C03815,54,Male,Guntur,24-04-2025,Premium,
C03816,57,Male,Ahmedabad,29-01-2024,Regular,
C03817,52,Female,Vijayawada,21-03-2025,Budget,
C03818,61,Female,Delhi,03-09-2023,Regular,
C03819,51,Male,Pune,14-03-2025,Regular,
C03820,63,Female,Bengaluru,20-02-2023,Regular,
C03821,51,Female,Mumbai,25-04-2023,Regular,
C03822,57,Male,Bengaluru,21-01-2024,Budget,
C03823,59,Female,Ahmedabad,11-06-2024,Regular,
C03824,64,Male,Ahmedabad,17-02-2025,Regular,
C03825,45,Male,Bengaluru,29-01-2024,Premium,
C03826,51,Male,Guntur,21-01-2023,Premium,
C03827,63,Male,Mumbai,23-12-2023,Regular,
C03828,35,Female,Ahmedabad,25-04-2024,Premium,
C03829,23,Female,Vijayawada,18-08-2024,Regular,
C03830,59,Male,Guntur,06-12-2024,Budget,
C03831,47,Female,Bengaluru,29-09-2023,Budget,
C03832,38,Male,Bengaluru,30-10-2024,Regular,
C03833,51,Male,Bengaluru,22-11-2024,Regular,
C03834,19,Female,Guntur,30-04-2025,Premium,
C03835,40,Female,Pune,25-07-2024,Regular,
C03836,30,Female,Bengaluru,06-06-2025,Budget,
C03837,31,Male,Pune,31-08-2023,Regular,
C03838,63,Male,Pune,18-02-2025,Regular,
C03839,43,Male,Pune,20-02-2023,Regular,
C03840,24,Female,Kolkata,23-04-2023,Regular,
C03841,35,Male,Bengaluru,04-08-2025,Regular,
C03842,29,Female,Mumbai,04-06-2024,Regular,
C03843,60,Male,Ahmedabad,10-11-2024,Regular,
C03844,31,Male,Vijayawada,22-10-2024,Budget,
C03845,34,Male,Chennai,30-01-2025,Regular,
C03846,33,Female,Pune,26-09-2023,Budget,
C03847,26,Female,Vijayawada,15-07-2023,Regular,
C03848,54,Other,Kolkata,16-02-2023,Regular,
C03849,45,Female,Chennai,04-08-2025,Budget,
C03850,38,Female,Pune,02-09-2023,Regular,
C03851,36,Male,Hyderabad,21-09-2024,Regular,
C03852,49,Female,Delhi,13-05-2024,Regular,
C03853,22,Female,Pune,27-06-2023,Regular,
C03854,61,Female,Hyderabad,29-03-2024,Budget,
C03855,44,Male,Chennai,02-04-2023,Budget,
C03856,28,Male,Vijayawada,13-07-2023,Regular,
C03857,43,Female,Kolkata,02-06-2023,Regular,
C03858,58,Male,Delhi,21-06-2025,Regular,
C03859,26,Male,Chennai,13-09-2024,Budget,
C03860,42,Male,Bengaluru,10-10-2025,Budget,
C03861,46,Female,Delhi,22-04-2024,Regular,
C03862,56,Male,Pune,09-08-2023,Premium,
C03863,44,Female,Bengaluru,28-10-2024,Regular,
C03864,52,Female,Guntur,14-10-2025,Regular,
C03865,54,Female,Delhi,06-08-2024,Regular,
C03866,59,Male,Hyderabad,20-01-2023,Regular,
C03867,34,Female,Bengaluru,29-11-2023,Regular,
C03868,51,Male,Guntur,09-10-2025,Budget,
C03869,29,Male,Mumbai,21-07-2024,Regular,
C03870,57,Male,Mumbai,08-11-2025,Budget,
C03871,62,Male,Bengaluru,11-07-2024,Budget,
C03872,31,Female,Guntur,14-01-2023,Budget,
C03873,44,Male,Guntur,13-08-2025,Budget,
C03874,56,Female,Chennai,15-04-2025,Budget,
C03875,19,Male,Ahmedabad,22-02-2025,Budget,
C03876,51,Other,Delhi,28-11-2025,Budget,
C03877,56,Female,Bengaluru,03-08-2023,Budget,
C03878,58,Male,Ahmedabad,18-09-2025,Budget,
C03879,27,Female,Hyderabad,12-09-2023,Budget,
C03880,53,Male,Guntur,28-11-2025,Regular,
C03881,54,Female,Hyderabad,29-07-2023,Regular,
C03882,18,Female,Mumbai,25-08-2024,Budget,
C03883,51,Female,Chennai,14-05-2025,Regular,
C03884,47,Male,Chennai,27-03-2023,Regular,
C03885,63,Other,Delhi,15-03-2023,Budget,
C03886,20,Female,Ahmedabad,19-07-2025,Regular,
C03887,63,Female,Mumbai,08-03-2023,Budget,
C03888,44,Male,Pune,03-11-2024,Regular,
C03889,30,Male,Vijayawada,24-10-2025,Regular,
C03890,36,Female,Delhi,04-11-2024,Regular,
C03891,54,Female,Ahmedabad,10-06-2024,Budget,
C03892,64,Female,Mumbai,01-04-2024,Budget,
C03893,32,Female,Hyderabad,29-11-2024,Premium,
C03894,64,Female,Chennai,18-09-2024,Regular,
C03895,47,Male,Bengaluru,03-07-2024,Regular,
C03896,27,Female,Vijayawada,18-06-2023,Premium,
C03897,46,Male,Hyderabad,26-12-2024,Regular,
C03898,55,Female,Guntur,21-03-2025,Budget,
C03899,20,Male,Bengaluru,15-02-2025,Regular,
C03900,21,Female,Bengaluru,24-03-2023,Budget,
C03901,18,Female,Pune,08-02-2025,Regular,
C03902,44,Female,Hyderabad,10-03-2025,Regular,
C03903,20,Male,Hyderabad,20-07-2023,Budget,
C03904,61,Female,Ahmedabad,18-07-2025,Budget,
C03905,24,Male,Hyderabad,27-07-2024,Regular,
C03906,21,Male,Pune,01-06-2024,Regular,
C03907,30,Female,Bengaluru,02-03-2025,Budget,
C03908,53,Female,Hyderabad,12-07-2024,Budget,
C03909,60,Male,Kolkata,19-08-2024,Regular,
C03910,29,Female,Mumbai,08-12-2023,Regular,
C03911,42,Male,Hyderabad,13-10-2025,Regular,
C03912,54,Female,Kolkata,27-11-2025,Regular,
C03913,55,Female,Vijayawada,23-05-2023,Regular,
C03914,25,Female,Pune,13-03-2025,Regular,
C03915,57,Female,Mumbai,26-01-2023,Budget,
C03916,58,Other,Guntur,09-02-2024,Budget,
C03917,52,Female,Mumbai,28-11-2025,Budget,
C03918,42,Male,Kolkata,11-07-2023,Premium,
C03919,36,Male,Delhi,17-02-2024,Regular,
C03920,59,Female,Ahmedabad,29-08-2023,Budget,
C03921,58,Male,Pune,08-03-2025,Regular,
C03922,42,Female,Delhi,22-05-2024,Budget,
C03923,52,Male,Delhi,11-10-2024,Regular,
C03924,36,Female,Chennai,29-10-2025,Regular,
C03925,52,Female,Delhi,24-07-2024,Regular,
C03926,22,Female,Hyderabad,14-03-2025,Regular,
C03927,60,Female,Mumbai,18-04-2023,Premium,
C03928,42,Male,Hyderabad,24-08-2023,Budget,
C03929,46,Female,Mumbai,02-11-2025,Regular,
C03930,26,Male,Mumbai,30-07-2025,Premium,
C03931,42,Female,Hyderabad,20-12-2024,Budget,
C03932,18,Female,Chennai,19-02-2024,Regular,
C03933,59,Male,Kolkata,07-08-2023,Premium,
C03934,53,Male,Vijayawada,21-07-2025,Regular,
C03935,39,Male,Kolkata,09-05-2025,Budget,
C03936,57,Male,Ahmedabad,22-09-2023,Budget,
C03937,56,Female,Kolkata,07-10-2024,Regular,
C03938,23,Male,Vijayawada,08-11-2024,Premium,
C03939,20,Female,Vijayawada,06-06-2024,Budget,
C03940,29,Other,Bengaluru,11-10-2025,Budget,
C03941,18,Female,Delhi,16-05-2023,Budget,
C03942,44,Female,Vijayawada,10-10-2023,Regular,
C03943,42,Male,Guntur,15-04-2023,Regular,
C03944,43,Female,Pune,28-01-2025,Regular,
C03945,21,Female,Delhi,06-12-2024,Regular,
C03946,61,Other,Hyderabad,17-12-2025,Regular,
C03947,63,Male,Delhi,16-08-2024,Regular,
C03948,45,Male,Pune,14-06-2023,Regular,
C03949,18,Other,Kolkata,08-05-2024,Budget,
C03950,36,Female,Pune,07-04-2023,Budget,
C03951,51,Male,Chennai,04-01-2025,Regular,
C03952,53,Female,Vijayawada,08-01-2025,Regular,
C03953,29,Male,Chennai,28-07-2025,Budget,
C03954,56,Female,Mumbai,08-01-2024,Regular,
C03955,63,Male,Pune,06-12-2023,Regular,
C03956,41,Male,Chennai,20-03-2023,Budget,
C03957,35,Male,Hyderabad,30-03-2024,Regular,
C03958,42,Male,Kolkata,04-06-2024,Budget,
C03959,19,Male,Chennai,06-04-2025,Premium,
C03960,42,Male,Guntur,05-04-2025,Regular,
C03961,19,Male,Ahmedabad,03-06-2023,Regular,
C03962,19,Female,Delhi,09-11-2023,Regular,
C03963,44,Female,Delhi,14-07-2024,Regular,
C03964,42,Female,Vijayawada,02-01-2024,Budget,
C03965,64,Male,Hyderabad,28-01-2023,Budget,
C03966,41,Male,Mumbai,15-07-2025,Premium,
C03967,64,Female,Hyderabad,11-03-2025,Premium,
C03968,55,Female,Bengaluru,23-07-2024,Premium,
C03969,33,Other,Vijayawada,14-12-2023,Premium,
C03970,61,Female,Bengaluru,11-07-2025,Regular,
C03971,40,Female,Vijayawada,08-02-2023,Regular,
C03972,45,Female,Ahmedabad,03-05-2024,Regular,
C03973,22,Male,Kolkata,27-05-2025,Budget,
C03974,27,Female,Ahmedabad,09-11-2025,Regular,
C03975,42,Female,Bengaluru,03-10-2023,Regular,
C03976,30,Female,Bengaluru,13-12-2024,Regular,
C03977,46,Male,Mumbai,27-07-2023,Regular,
C03978,21,Male,Ahmedabad,07-05-2023,Regular,
C03979,29,Male,Mumbai,22-01-2024,Premium,
C03980,49,Male,Bengaluru,27-08-2025,Budget,
C03981,46,Female,Ahmedabad,24-01-2025,Budget,
C03982,64,Female,Kolkata,19-06-2024,Regular,
C03983,60,Male,Pune,06-11-2023,Regular,
C03984,56,Female,Delhi,05-06-2023,Regular,
C03985,18,Male,Ahmedabad,24-10-2023,Regular,
C03986,46,Female,Ahmedabad,17-06-2023,Budget,
C03987,28,Male,Mumbai,24-07-2023,Regular,
C03988,30,Female,Bengaluru,22-01-2025,Premium,
C03989,27,Female,Guntur,26-05-2023,Regular,
C03990,39,Female,Bengaluru,21-02-2023,Regular,
C03991,23,Female,Delhi,16-08-2024,Regular,
C03992,42,Male,Guntur,10-11-2023,Regular,
C03993,25,Female,Delhi,12-05-2024,Regular,
C03994,41,Male,Guntur,03-06-2023,Regular,
C03995,47,Male,Delhi,18-08-2023,Regular,
C03996,26,Female,Ahmedabad,27-04-2024,Regular,
C03997,22,Female,Pune,25-01-2025,Regular,
C03998,55,Female,Chennai,29-03-2024,Premium,
C03999,52,Male,Guntur,16-08-2024,Budget,
C04000,30,Female,Delhi,25-07-2024,Budget,
C04001,59,Male,Delhi,22-10-2023,Regular,
C04002,28,Female,Kolkata,03-11-2023,Premium,
C04003,61,Female,Vijayawada,11-04-2024,Regular,
C04004,23,Female,Guntur,05-02-2023,Regular,
C04005,49,Female,Mumbai,20-01-2025,Regular,
C04006,18,Female,Chennai,03-11-2024,Budget,
C04007,27,Male,Mumbai,02-12-2023,Premium,
C04008,37,Other,Chennai,14-02-2024,Regular,
C04009,22,Female,Chennai,26-12-2023,Regular,
C04010,39,Male,Delhi,14-12-2024,Regular,
C04011,28,Male,Hyderabad,11-04-2025,Regular,
C04012,22,Male,Pune,29-04-2023,Budget,
C04013,63,Female,Guntur,28-03-2024,Budget,
C04014,64,Female,Delhi,16-01-2023,Budget,
C04015,63,Female,Hyderabad,10-05-2024,Premium,
C04016,25,Male,Mumbai,29-09-2023,Regular,
C04017,35,Male,Mumbai,03-01-2024,Regular,
C04018,33,Female,Pune,14-05-2024,Premium,
C04019,33,Male,Chennai,21-12-2023,Budget,
C04020,37,Male,Mumbai,07-03-2024,Budget,
C04021,41,Male,Ahmedabad,17-04-2025,Budget,
C04022,40,Male,Bengaluru,06-06-2025,Premium,
C04023,31,Male,Vijayawada,07-01-2023,Budget,
C04024,64,Female,Chennai,18-02-2024,Budget,
C04025,64,Male,Guntur,16-07-2025,Budget,
C04026,33,Male,Hyderabad,03-08-2024,Regular,
C04027,28,Female,Mumbai,13-08-2023,Regular,
C04028,43,Other,Mumbai,11-10-2024,Budget,
C04029,35,Female,Delhi,08-06-2023,Regular,
C04030,64,Female,Hyderabad,24-01-2023,Premium,
C04031,38,Female,Chennai,23-11-2024,Budget,
C04032,19,Female,Guntur,18-07-2024,Premium,
C04033,23,Female,Vijayawada,08-04-2025,Regular,
C04034,21,Female,Delhi,13-01-2024,Premium,
C04035,35,Female,Bengaluru,24-07-2025,Budget,
C04036,32,Male,Chennai,06-04-2024,Regular,
C04037,58,Male,Vijayawada,19-03-2025,Regular,
C04038,59,Male,Vijayawada,20-04-2023,Budget,
C04039,24,Male,Guntur,17-04-2023,Regular,
C04040,62,Male,Guntur,07-05-2025,Budget,
C04041,45,Female,Ahmedabad,02-07-2025,Regular,
C04042,32,Female,Kolkata,28-10-2025,Regular,
C04043,37,Male,Ahmedabad,22-12-2023,Regular,
C04044,38,Male,Kolkata,25-01-2023,Budget,
C04045,26,Male,Mumbai,08-12-2025,Premium,
C04046,58,Female,Kolkata,20-10-2024,Budget,
C04047,18,Male,Chennai,28-09-2023,Regular,
C04048,21,Male,Kolkata,16-04-2025,Regular,
C04049,30,Male,Mumbai,16-09-2025,Budget,
C04050,24,Female,Delhi,08-11-2023,Regular,
C04051,20,Male,Bengaluru,22-04-2025,Premium,
C04052,36,Female,Vijayawada,12-05-2025,Premium,
C04053,35,Female,Ahmedabad,03-07-2024,Budget,
C04054,23,Female,Bengaluru,23-11-2024,Budget,
C04055,56,Female,Delhi,23-10-2023,Budget,
C04056,59,Male,Delhi,14-10-2025,Regular,
C04057,51,Male,Guntur,12-12-2025,Budget,
C04058,42,Female,Ahmedabad,10-12-2025,Budget,
C04059,62,Male,Guntur,18-03-2025,Regular,
C04060,34,Female,Delhi,16-02-2023,Premium,
C04061,38,Female,Bengaluru,06-02-2024,Budget,
C04062,18,Male,Ahmedabad,02-05-2024,Regular,
C04063,51,Male,Chennai,17-11-2025,Budget,
C04064,22,Female,Kolkata,21-08-2024,Regular,
C04065,49,Other,Delhi,10-08-2024,Regular,
C04066,54,Female,Mumbai,10-06-2023,Premium,
C04067,28,Male,Bengaluru,19-05-2025,Regular,
C04068,46,Female,Guntur,04-01-2024,Budget,
C04069,32,Male,Kolkata,11-04-2023,Regular,
C04070,36,Male,Mumbai,17-12-2025,Budget,
C04071,42,Female,Ahmedabad,28-07-2023,Budget,
C04072,29,Other,Vijayawada,18-01-2023,Premium,
C04073,55,Male,Ahmedabad,27-03-2023,Regular,
C04074,36,Female,Vijayawada,10-05-2024,Premium,
C04075,39,Male,Delhi,23-04-2023,Budget,
C04076,56,Male,Mumbai,11-07-2025,Premium,
C04077,28,Male,Guntur,15-07-2024,Premium,
C04078,39,Female,Kolkata,21-12-2023,Regular,
C04079,64,Male,Kolkata,04-01-2023,Budget,
C04080,36,Female,Kolkata,09-06-2024,Premium,
C04081,23,Male,Vijayawada,15-06-2023,Premium,
C04082,31,Male,Kolkata,06-12-2025,Budget,
C04083,62,Male,Guntur,15-11-2023,Premium,
C04084,53,Male,Hyderabad,03-06-2024,Premium,
C04085,56,Female,Ahmedabad,21-01-2023,Budget,
C04086,29,Female,Mumbai,24-05-2023,Regular,
C04087,57,Female,Bengaluru,16-08-2023,Budget,
C04088,36,Male,Chennai,26-02-2023,Regular,
C04089,55,Female,Guntur,05-03-2025,Premium,
C04090,59,Female,Guntur,01-11-2025,Premium,
C04091,27,Male,Mumbai,14-12-2025,Budget,
C04092,62,Female,Bengaluru,19-10-2023,Regular,
C04093,47,Female,Delhi,13-05-2025,Regular,
C04094,52,Female,Mumbai,05-07-2024,Regular,
C04095,53,Female,Delhi,20-02-2023,Regular,
C04096,25,Female,Ahmedabad,10-04-2023,Regular,
C04097,53,Female,Mumbai,22-08-2024,Budget,
C04098,28,Female,Bengaluru,08-04-2024,Budget,
C04099,30,Other,Bengaluru,10-01-2023,Premium,
C04100,23,Male,Kolkata,15-10-2025,Budget,
C04101,26,Female,Bengaluru,10-03-2025,Regular,
C04102,64,Female,Chennai,04-07-2024,Premium,
C04103,33,Male,Guntur,16-12-2025,Premium,
C04104,36,Female,Hyderabad,29-11-2025,Regular,
C04105,40,Female,Kolkata,02-12-2025,Budget,
C04106,51,Female,Hyderabad,11-10-2023,Regular,
C04107,44,Female,Vijayawada,22-08-2025,Regular,
C04108,43,Male,Ahmedabad,06-07-2024,Regular,
C04109,57,Female,Guntur,06-03-2025,Budget,
C04110,41,Female,Kolkata,30-07-2025,Regular,
C04111,54,Female,Delhi,28-06-2023,Regular,
C04112,60,Male,Vijayawada,05-05-2024,Premium,
C04113,49,Male,Ahmedabad,22-05-2023,Regular,
C04114,19,Female,Hyderabad,03-11-2023,Budget,
C04115,30,Male,Pune,28-03-2024,Budget,
C04116,47,Male,Pune,25-07-2025,Regular,
C04117,40,Female,Chennai,02-08-2025,Regular,
C04118,31,Female,Delhi,02-03-2024,Budget,
C04119,33,Female,Vijayawada,27-12-2023,Premium,
C04120,21,Female,Hyderabad,04-08-2024,Premium,
C04121,29,Female,Vijayawada,25-09-2025,Premium,
C04122,54,Female,Ahmedabad,05-12-2025,Regular,
C04123,18,Female,Bengaluru,06-09-2023,Regular,
C04124,57,Female,Mumbai,24-07-2023,Regular,
C04125,33,Female,Guntur,12-02-2025,Regular,
C04126,55,Male,Ahmedabad,27-11-2023,Budget,
C04127,30,Male,Hyderabad,07-08-2023,Budget,
C04128,56,Female,Bengaluru,04-02-2023,Budget,
C04129,44,Female,Vijayawada,17-03-2024,Premium,
C04130,58,Female,Bengaluru,05-03-2024,Regular,
C04131,20,Female,Kolkata,08-09-2024,Premium,
C04132,55,Female,Vijayawada,08-08-2023,Regular,
C04133,30,Male,Bengaluru,21-02-2025,Budget,
C04134,34,Female,Hyderabad,14-01-2025,Regular,
C04135,20,Female,Guntur,21-05-2024,Budget,
C04136,62,Male,Vijayawada,18-07-2023,Premium,
C04137,48,Female,Pune,09-07-2024,Budget,
C04138,64,Female,Chennai,08-01-2025,Budget,
C04139,44,Female,Hyderabad,13-02-2024,Regular,
C04140,25,Male,Vijayawada,16-10-2023,Regular,
C04141,33,Male,Ahmedabad,08-07-2024,Regular,
C04142,38,Female,Guntur,24-01-2024,Budget,
C04143,24,Female,Ahmedabad,14-03-2024,Regular,
C04144,61,Female,Delhi,18-01-2024,Budget,
C04145,63,Male,Delhi,29-11-2023,Regular,
C04146,44,Female,Mumbai,23-02-2025,Regular,
C04147,45,Male,Ahmedabad,18-05-2024,Budget,
C04148,51,Male,Bengaluru,25-05-2024,Regular,
C04149,49,Male,Hyderabad,16-12-2024,Budget,
C04150,20,Female,Vijayawada,31-01-2024,Budget,
C04151,42,Female,Mumbai,21-04-2023,Regular,
C04152,54,Male,Hyderabad,22-07-2025,Budget,
C04153,55,Female,Kolkata,02-03-2023,Budget,
C04154,46,Female,Mumbai,18-09-2024,Regular,
C04155,60,Female,Chennai,19-10-2023,Regular,
C04156,45,Female,Delhi,23-08-2023,Premium,
C04157,35,Female,Delhi,15-02-2023,Premium,
C04158,38,Male,Kolkata,12-09-2025,Regular,
C04159,50,Male,Vijayawada,14-04-2024,Regular,
C04160,59,Female,Guntur,11-01-2024,Regular,
C04161,28,Female,Guntur,22-03-2025,Regular,
C04162,31,Female,Delhi,12-02-2023,Regular,
C04163,48,Female,Pune,10-09-2024,Premium,
C04164,53,Female,Bengaluru,25-06-2024,Regular,
C04165,36,Female,Pune,29-08-2024,Budget,
C04166,48,Female,Kolkata,16-05-2023,Regular,
C04167,18,Male,Guntur,09-11-2025,Budget,
C04168,31,Female,Hyderabad,19-09-2023,Premium,
C04169,62,Other,Guntur,12-01-2025,Budget,
C04170,45,Male,Pune,29-03-2025,Regular,
C04171,58,Male,Hyderabad,12-01-2024,Regular,
C04172,28,Female,Vijayawada,24-05-2023,Budget,
C04173,31,Female,Delhi,21-11-2023,Regular,
C04174,63,Male,Delhi,02-06-2025,Budget,
C04175,64,Male,Bengaluru,19-09-2025,Regular,
C04176,59,Male,Hyderabad,22-10-2025,Budget,
C04177,32,Male,Hyderabad,05-09-2023,Regular,
C04178,55,Female,Chennai,26-10-2024,Premium,
C04179,39,Female,Chennai,15-06-2023,Budget,
C04180,57,Female,Delhi,16-02-2025,Regular,
C04181,58,Male,Kolkata,31-03-2024,Premium,
C04182,38,Male,Vijayawada,20-02-2025,Budget,
C04183,32,Male,Ahmedabad,20-01-2025,Premium,
C04184,63,Female,Delhi,23-12-2025,Budget,
C04185,39,Female,Vijayawada,19-06-2024,Regular,
C04186,38,Male,Pune,09-01-2024,Regular,
C04187,49,Other,Delhi,30-07-2024,Premium,
C04188,62,Male,Chennai,28-06-2023,Budget,
C04189,24,Male,Delhi,03-05-2023,Regular,
C04190,64,Female,Hyderabad,22-07-2024,Regular,
C04191,37,Male,Bengaluru,22-06-2025,Regular,
C04192,19,Female,Vijayawada,06-08-2024,Regular,
C04193,32,Male,Bengaluru,06-05-2025,Regular,
C04194,39,Female,Pune,14-07-2023,Regular,
C04195,49,Male,Bengaluru,07-05-2024,Budget,
C04196,44,Male,Kolkata,02-11-2024,Budget,
C04197,24,Male,Vijayawada,16-01-2024,Budget,
C04198,40,Female,Delhi,16-01-2023,Budget,
C04199,28,Female,Bengaluru,22-03-2023,Regular,
C04200,30,Female,Hyderabad,12-10-2025,Regular,
C04201,51,Male,Ahmedabad,24-10-2024,Regular,
C04202,55,Male,Bengaluru,17-10-2023,Budget,
C04203,25,Male,Mumbai,11-10-2023,Premium,
C04204,46,Female,Guntur,13-02-2023,Budget,
C04205,37,Male,Pune,31-10-2025,Budget,
C04206,33,Male,Guntur,29-04-2023,Regular,
C04207,51,Female,Guntur,11-04-2025,Budget,
C04208,29,Female,Kolkata,21-09-2023,Regular,
C04209,53,Male,Vijayawada,03-01-2024,Regular,
C04210,36,Male,Hyderabad,27-10-2023,Regular,
C04211,22,Male,Chennai,21-06-2025,Budget,
C04212,55,Female,Chennai,05-02-2023,Budget,
C04213,58,Male,Vijayawada,21-01-2024,Regular,
C04214,44,Female,Kolkata,02-11-2023,Regular,
C04215,52,Male,Chennai,26-10-2023,Regular,
C04216,24,Female,Chennai,31-07-2023,Budget,
C04217,33,Female,Guntur,26-09-2025,Regular,
C04218,34,Male,Guntur,19-02-2024,Budget,
C04219,53,Male,Hyderabad,02-04-2024,Regular,
C04220,34,Male,Mumbai,26-02-2024,Premium,
C04221,52,Female,Pune,09-12-2025,Budget,
C04222,32,Female,Chennai,07-01-2024,Budget,
C04223,46,Female,Ahmedabad,10-01-2024,Regular,
C04224,27,Male,Ahmedabad,26-12-2023,Premium,
C04225,44,Male,Guntur,25-12-2023,Regular,
C04226,21,Female,Ahmedabad,09-04-2023,Regular,
C04227,52,Female,Guntur,23-10-2024,Regular,
C04228,19,Female,Mumbai,28-01-2023,Budget,
C04229,64,Female,Chennai,05-09-2023,Premium,
C04230,57,Female,Mumbai,10-08-2023,Regular,
C04231,45,Female,Guntur,16-11-2023,Premium,
C04232,60,Female,Kolkata,08-04-2025,Premium,
C04233,56,Female,Mumbai,18-10-2024,Premium,
C04234,24,Female,Ahmedabad,20-12-2025,Budget,
C04235,52,Other,Chennai,20-01-2024,Premium,
C04236,35,Male,Chennai,13-10-2025,Budget,
C04237,58,Female,Hyderabad,19-02-2023,Regular,
C04238,58,Female,Vijayawada,06-07-2024,Regular,
C04239,62,Male,Chennai,24-05-2025,Budget,
C04240,39,Female,Ahmedabad,05-08-2024,Regular,
C04241,27,Male,Bengaluru,18-10-2025,Regular,
C04242,23,Male,Hyderabad,11-12-2023,Budget,
C04243,25,Male,Kolkata,06-02-2023,Regular,
C04244,64,Female,Hyderabad,27-04-2025,Budget,
C04245,45,Female,Bengaluru,16-03-2023,Regular,
C04246,34,Female,Mumbai,17-04-2025,Regular,
C04247,39,Male,Pune,14-03-2025,Regular,
C04248,26,Female,Hyderabad,13-07-2025,Regular,
C04249,44,Male,Bengaluru,08-06-2024,Regular,
C04250,38,Male,Mumbai,07-09-2025,Budget,
C04251,55,Male,Ahmedabad,05-07-2023,Regular,
C04252,18,Female,Hyderabad,20-04-2024,Regular,
C04253,61,Male,Chennai,14-05-2023,Budget,
C04254,20,Female,Bengaluru,19-04-2025,Premium,
C04255,37,Female,Mumbai,21-02-2025,Budget,
C04256,34,Male,Chennai,02-06-2025,Premium,
C04257,51,Female,Kolkata,16-04-2025,Budget,
C04258,48,Male,Hyderabad,04-12-2023,Regular,
C04259,27,Male,Vijayawada,16-03-2023,Budget,
C04260,41,Male,Chennai,14-10-2025,Premium,
C04261,43,Female,Vijayawada,23-06-2024,Regular,
C04262,39,Female,Ahmedabad,14-04-2023,Budget,
C04263,19,Female,Mumbai,12-10-2025,Budget,
C04264,26,Female,Mumbai,24-12-2025,Regular,
C04265,41,Male,Vijayawada,02-05-2024,Budget,
C04266,30,Female,Vijayawada,23-04-2025,Budget,
C04267,43,Male,Kolkata,09-02-2023,Premium,
C04268,25,Male,Hyderabad,13-04-2023,Regular,
C04269,52,Other,Vijayawada,30-10-2023,Budget,
C04270,26,Male,Delhi,19-12-2024,Regular,
C04271,48,Male,Hyderabad,27-05-2023,Budget,
C04272,57,Male,Guntur,07-02-2023,Regular,
C04273,34,Male,Hyderabad,02-01-2025,Budget,
C04274,24,Female,Mumbai,23-04-2025,Regular,
C04275,18,Female,Hyderabad,20-03-2025,Budget,
C04276,34,Female,Delhi,25-05-2025,Premium,
C04277,23,Male,Guntur,29-05-2025,Budget,
C04278,59,Female,Bengaluru,21-10-2024,Regular,
C04279,63,Female,Bengaluru,22-07-2024,Regular,
C04280,64,Female,Vijayawada,27-07-2025,Regular,
C04281,61,Female,Bengaluru,17-01-2024,Budget,
C04282,45,Female,Bengaluru,18-04-2023,Premium,
C04283,33,Female,Pune,03-04-2025,Premium,
C04284,38,Female,Chennai,30-10-2023,Budget,
C04285,30,Male,Vijayawada,07-12-2025,Budget,
C04286,57,Male,Bengaluru,29-03-2024,Premium,
C04287,38,Female,Pune,21-07-2025,Regular,
C04288,36,Male,Vijayawada,16-02-2023,Regular,
C04289,50,Male,Ahmedabad,22-12-2024,Regular,
C04290,35,Other,Hyderabad,05-05-2024,Budget,
C04291,34,Male,Bengaluru,21-05-2024,Budget,
C04292,28,Male,Bengaluru,18-10-2023,Regular,
C04293,21,Female,Vijayawada,29-11-2025,Regular,
C04294,19,Male,Chennai,20-07-2025,Regular,
C04295,36,Male,Hyderabad,10-04-2024,Regular,
C04296,64,Male,Mumbai,22-02-2023,Regular,
C04297,30,Male,Chennai,20-08-2025,Regular,
C04298,48,Male,Bengaluru,22-07-2023,Budget,
C04299,33,Female,Delhi,24-10-2023,Regular,
C04300,32,Male,Vijayawada,31-07-2025,Budget,
C04301,25,Male,Chennai,05-09-2025,Budget,
C04302,44,Female,Vijayawada,30-09-2025,Budget,
C04303,48,Male,Kolkata,11-04-2024,Premium,
C04304,34,Male,,08-04-2025,Regular,
C04305,42,Male,Kolkata,25-12-2023,Budget,
C04306,40,Male,Mumbai,21-03-2025,Regular,
C04307,30,Male,Chennai,04-07-2024,Regular,
C04308,50,Male,Chennai,26-02-2023,Regular,
C04309,44,Female,Hyderabad,02-04-2024,Budget,
C04310,21,Other,Kolkata,27-05-2024,Budget,
C04311,41,Female,Hyderabad,09-10-2023,Budget,
C04312,36,Male,Bengaluru,15-02-2024,Regular,
C04313,55,Female,Hyderabad,04-07-2024,Budget,
C04314,32,Female,Hyderabad,24-02-2023,Regular,
C04315,62,Male,Vijayawada,16-06-2023,Premium,
C04316,46,Female,Hyderabad,19-04-2025,Budget,
C04317,24,Female,Kolkata,21-01-2024,Budget,
C04318,36,Male,Mumbai,28-10-2024,Premium,
C04319,59,Other,Bengaluru,11-09-2024,Regular,
C04320,29,Male,Chennai,26-08-2024,Regular,
C04321,51,Male,Hyderabad,28-03-2024,Premium,
C04322,54,Male,Mumbai,13-06-2024,Regular,
C04323,50,Male,Guntur,21-06-2025,Regular,
C04324,22,Other,Kolkata,22-11-2025,Regular,
C04325,35,Female,Guntur,09-10-2023,Premium,
C04326,34,Male,Kolkata,03-01-2025,Regular,
C04327,34,Female,Vijayawada,27-11-2025,Budget,
C04328,59,Female,Bengaluru,09-01-2023,Regular,
C04329,18,Female,Bengaluru,09-05-2025,Budget,
C04330,43,Female,Delhi,28-06-2024,Regular,
C04331,64,Female,Pune,25-11-2025,Budget,
C04332,59,Female,Ahmedabad,25-09-2024,Regular,
C04333,46,Male,Bengaluru,06-07-2025,Regular,
C04334,64,Female,Bengaluru,01-07-2023,Regular,
C04335,36,Male,Ahmedabad,05-06-2023,Regular,
C04336,46,Male,Pune,11-10-2025,Budget,
C04337,43,Male,Delhi,30-07-2024,Budget,
C04338,20,Male,Chennai,03-09-2024,Regular,
C04339,19,Female,Kolkata,06-07-2023,Regular,
C04340,60,Female,Guntur,06-09-2023,Premium,
C04341,26,Female,Hyderabad,14-06-2025,Regular,
C04342,34,Female,Hyderabad,29-11-2023,Regular,
C04343,47,Male,Ahmedabad,01-10-2024,Premium,
C04344,45,Female,Guntur,13-12-2023,Regular,
C04345,42,Male,Chennai,16-10-2023,Budget,
C04346,64,Male,Ahmedabad,01-07-2023,Regular,
C04347,54,Female,Guntur,14-10-2025,Premium,
C04348,62,Female,Bengaluru,26-10-2025,Regular,
C04349,48,Male,Bengaluru,07-05-2023,Budget,
C04350,64,Male,Bengaluru,22-01-2024,Regular,
C04351,46,Male,Ahmedabad,09-09-2024,Budget,
C04352,43,Female,Ahmedabad,24-02-2024,Regular,
C04353,56,Male,Bengaluru,28-02-2025,Premium,
C04354,58,Male,Bengaluru,12-10-2023,Premium,
C04355,21,Female,Kolkata,06-03-2023,Regular,
C04356,60,Female,Guntur,04-01-2024,Premium,
C04357,50,Male,Ahmedabad,16-10-2024,Regular,
C04358,60,Female,Bengaluru,17-07-2023,Premium,
C04359,51,Male,Mumbai,12-06-2025,Premium,
C04360,61,Male,Hyderabad,14-01-2023,Premium,
C04361,30,Female,Chennai,15-03-2023,Budget,
C04362,26,Male,Pune,11-07-2024,Budget,
C04363,27,Male,Mumbai,14-07-2024,Budget,
C04364,29,Female,Kolkata,19-11-2023,Regular,
C04365,28,Female,Chennai,11-10-2023,Premium,
C04366,38,Female,Pune,18-03-2023,Premium,
C04367,27,Female,Kolkata,26-12-2024,Premium,
C04368,25,Male,Bengaluru,20-02-2024,Regular,
C04369,42,Female,Hyderabad,10-05-2023,Regular,
C04370,55,Male,Mumbai,13-03-2024,Regular,
C04371,24,Female,Hyderabad,23-10-2025,Regular,
C04372,42,Male,Bengaluru,14-10-2023,Budget,
C04373,48,Male,Chennai,06-09-2025,Regular,
C04374,51,Male,Mumbai,11-10-2023,Regular,
C04375,22,Female,Chennai,23-07-2023,Budget,
C04376,52,Male,Hyderabad,13-10-2023,Regular,
C04377,19,Female,Bengaluru,20-12-2023,Regular,
C04378,29,Female,Guntur,13-05-2023,Regular,
C04379,33,Female,Ahmedabad,05-10-2024,Regular,
C04380,58,Male,Delhi,01-01-2024,Budget,
C04381,27,Male,Hyderabad,25-02-2025,Regular,
C04382,54,Female,Mumbai,21-06-2024,Budget,
C04383,64,Female,Vijayawada,29-04-2024,Regular,
C04384,63,Male,Guntur,30-05-2024,Regular,
C04385,32,Female,Ahmedabad,21-06-2023,Regular,
C04386,22,Male,Chennai,19-02-2025,Premium,
C04387,28,Male,Delhi,25-04-2023,Budget,
C04388,54,Male,Hyderabad,01-03-2025,Regular,
C04389,27,Male,Guntur,30-12-2025,Premium,
C04390,48,Male,Bengaluru,16-04-2025,Premium,
C04391,35,Female,Kolkata,13-05-2024,Budget,
C04392,54,Male,Chennai,11-12-2023,Budget,
C04393,46,Female,Pune,13-08-2025,Regular,
C04394,45,Female,Guntur,09-10-2023,Premium,
C04395,54,Female,Mumbai,12-06-2024,Budget,
C04396,62,Male,Hyderabad,24-04-2025,Regular,
C04397,35,Female,Kolkata,06-10-2025,Premium,
C04398,42,Male,Pune,05-10-2025,Regular,
C04399,47,Female,Bengaluru,07-04-2023,Regular,
C04400,56,Male,Hyderabad,10-09-2025,Premium,
C04401,40,Female,Pune,05-05-2023,Regular,
C04402,35,Male,Kolkata,02-10-2024,Budget,
C04403,57,Female,Bengaluru,18-12-2024,Budget,
C04404,62,Male,Pune,03-11-2025,Regular,
C04405,44,Male,Delhi,11-12-2023,Budget,
C04406,22,Female,Bengaluru,24-12-2023,Budget,
C04407,31,Male,Kolkata,24-01-2024,Budget,
C04408,39,Female,Kolkata,17-01-2025,Regular,
C04409,51,Female,Bengaluru,10-05-2024,Regular,
C04410,49,Female,Kolkata,18-03-2025,Regular,
C04411,56,Female,Chennai,31-03-2024,Regular,
C04412,19,Female,Pune,03-12-2023,Premium,
C04413,39,Female,Guntur,28-07-2023,Regular,
C04414,50,Male,Vijayawada,26-08-2024,Regular,
C04415,64,Female,Chennai,10-09-2025,Budget,
C04416,24,Female,Mumbai,29-07-2025,Regular,
C04417,59,Male,Hyderabad,05-10-2023,Budget,
C04418,18,Male,Vijayawada,07-06-2024,Regular,
C04419,27,Male,Mumbai,11-02-2025,Premium,
C04420,57,Female,Guntur,01-11-2024,Budget,
C04421,54,Male,Vijayawada,15-03-2023,Budget,
C04422,63,Female,Delhi,09-10-2024,Regular,
C04423,46,Female,Kolkata,12-02-2023,Premium,
C04424,46,Female,Delhi,08-05-2023,Regular,
C04425,43,Male,Pune,16-12-2024,Budget,
C04426,42,Female,Chennai,23-04-2023,Regular,
C04427,42,Female,Guntur,07-01-2024,Regular,
C04428,31,Male,Bengaluru,06-10-2024,Regular,
C04429,58,Male,Kolkata,18-12-2024,Regular,
C04430,34,Male,Vijayawada,03-05-2024,Regular,
C04431,46,Female,Guntur,13-04-2023,Budget,
C04432,49,Male,Ahmedabad,25-05-2025,Premium,
C04433,43,Male,Kolkata,06-11-2025,Budget,
C04434,46,Male,Vijayawada,31-08-2025,Budget,
C04435,20,Male,Guntur,30-03-2025,Regular,
C04436,32,Male,Chennai,16-03-2024,Regular,
C04437,39,Female,Kolkata,17-08-2025,Regular,
C04438,36,Male,Delhi,18-06-2024,Budget,
C04439,60,Female,Chennai,30-05-2023,Budget,
C04440,60,Male,Guntur,20-07-2025,Budget,
C04441,51,Male,Hyderabad,17-12-2023,Regular,
C04442,34,Female,Bengaluru,24-10-2025,Budget,
C04443,20,Female,Bengaluru,08-02-2024,Premium,
C04444,53,Female,Chennai,09-08-2025,Regular,
C04445,59,Male,Pune,11-08-2024,Regular,
C04446,41,Female,Vijayawada,26-05-2024,Premium,
C04447,56,Female,Vijayawada,22-11-2023,Regular,
C04448,61,Male,Vijayawada,04-07-2025,Regular,
C04449,43,Female,Ahmedabad,08-03-2023,Premium,
C04450,27,Male,Delhi,28-05-2024,Regular,
C04451,19,Male,Ahmedabad,08-02-2024,Budget,
C04452,53,Female,Chennai,18-08-2024,Regular,
C04453,44,Female,Kolkata,06-10-2023,Budget,
C04454,25,Female,Hyderabad,28-12-2024,Regular,
C04455,20,Female,Vijayawada,27-02-2024,Premium,
C04456,63,Male,Vijayawada,26-07-2023,Regular,
C04457,33,Female,Ahmedabad,04-08-2023,Budget,
C04458,33,Other,Bengaluru,01-02-2025,Budget,
C04459,47,Male,Chennai,14-10-2023,Regular,
C04460,35,Male,Ahmedabad,17-11-2024,Budget,
C04461,60,Female,Delhi,28-12-2023,Regular,
C04462,50,Male,Pune,01-03-2024,Regular,
C04463,34,Female,Delhi,25-09-2023,Regular,
C04464,30,Female,Guntur,14-01-2024,Regular,
C04465,58,Female,Bengaluru,28-01-2025,Regular,
C04466,45,Female,Delhi,07-08-2024,Budget,
C04467,61,Female,Chennai,28-12-2025,Regular,
C04468,34,Female,Kolkata,25-04-2025,Regular,
C04469,18,Male,Chennai,19-01-2023,Budget,
C04470,60,Female,Chennai,19-02-2024,Regular,
C04471,29,Female,Bengaluru,14-11-2023,Regular,
C04472,57,Female,Guntur,05-10-2024,Budget,
C04473,51,Other,Chennai,18-10-2023,Regular,
C04474,28,Female,Guntur,23-11-2025,Budget,
C04475,53,Female,Vijayawada,24-11-2023,Regular,
C04476,21,Female,Vijayawada,25-07-2024,Budget,
C04477,36,Female,Mumbai,15-05-2023,Premium,
C04478,34,Female,Kolkata,23-09-2025,Regular,
C04479,48,Male,Guntur,25-09-2025,Budget,
C04480,43,Male,Hyderabad,19-05-2025,Budget,
C04481,46,Female,Hyderabad,21-01-2024,Premium,
C04482,40,Male,Chennai,06-03-2023,Regular,
C04483,52,Male,Vijayawada,17-02-2025,Regular,
C04484,25,Male,Hyderabad,14-04-2024,Premium,
C04485,51,Female,Ahmedabad,20-12-2025,Budget,
C04486,20,Other,Guntur,03-02-2025,Regular,
C04487,22,Female,Vijayawada,12-08-2024,Regular,
C04488,52,Female,Pune,16-12-2025,Regular,
C04489,25,Female,Pune,26-05-2025,Regular,
C04490,54,Male,Ahmedabad,16-05-2024,Premium,
C04491,24,Male,Kolkata,21-01-2023,Regular,
C04492,24,Male,Ahmedabad,12-04-2023,Premium,
C04493,61,Male,Mumbai,30-04-2024,Budget,
C04494,26,Female,Vijayawada,07-09-2024,Regular,
C04495,60,Male,Delhi,03-02-2023,Budget,
C04496,34,Female,Chennai,19-05-2023,Premium,
C04497,55,Female,Ahmedabad,10-02-2025,Budget,
C04498,62,Male,Kolkata,02-04-2025,Regular,
C04499,23,Other,Hyderabad,02-02-2023,Budget,
C04500,33,Female,Bengaluru,09-07-2024,Budget,
C04501,44,Female,Hyderabad,30-03-2023,Budget,
C04502,58,Female,Pune,03-03-2025,Regular,
C04503,26,Other,Guntur,02-07-2025,Budget,
C04504,26,Female,Mumbai,09-08-2025,Regular,
C04505,35,Female,Bengaluru,17-10-2024,Regular,
C04506,27,Male,Guntur,19-11-2024,Premium,
C04507,30,Female,Ahmedabad,11-10-2025,Regular,
C04508,24,Female,Pune,01-11-2024,Regular,
C04509,56,Male,Bengaluru,06-04-2025,Regular,
C04510,55,Male,Kolkata,08-10-2024,Budget,
C04511,24,Male,Mumbai,11-07-2025,Regular,
C04512,43,Male,Chennai,28-07-2024,Premium,
C04513,48,Male,Chennai,09-08-2025,Budget,
C04514,47,Male,Hyderabad,19-02-2023,Budget,
C04515,64,Female,Delhi,09-02-2023,Regular,
C04516,48,Female,Ahmedabad,19-04-2023,Regular,
C04517,50,Female,Guntur,01-09-2024,Budget,
C04518,19,Male,Ahmedabad,15-02-2025,Premium,
C04519,21,Female,Guntur,25-08-2023,Budget,
C04520,47,Male,Vijayawada,20-06-2023,Regular,
C04521,60,Male,Chennai,31-07-2025,Premium,
C04522,36,Female,Delhi,10-12-2024,Regular,
C04523,48,Female,Mumbai,18-06-2024,Regular,
C04524,27,Other,Kolkata,05-04-2024,Premium,
C04525,39,Female,Guntur,23-01-2023,Budget,
C04526,53,Female,Guntur,25-07-2023,Budget,
C04527,49,Female,Hyderabad,09-09-2025,Premium,
C04528,23,Female,Pune,07-01-2024,Regular,
C04529,59,Male,Bengaluru,10-02-2025,Premium,
C04530,61,Male,Mumbai,09-02-2025,Premium,
C04531,40,Other,Delhi,05-12-2023,Regular,
C04532,34,Other,Kolkata,12-08-2023,Regular,
C04533,42,Male,Ahmedabad,27-01-2025,Regular,
C04534,55,Male,Vijayawada,13-04-2023,Budget,
C04535,39,Male,Mumbai,25-06-2024,Regular,
C04536,19,Female,Pune,30-08-2025,Regular,
C04537,21,Male,Hyderabad,17-02-2025,Premium,
C04538,56,Female,Bengaluru,16-04-2025,Premium,
C04539,54,Male,Vijayawada,02-04-2023,Premium,
C04540,54,Male,Vijayawada,07-08-2023,Budget,
C04541,23,Male,Vijayawada,29-10-2023,Regular,
C04542,26,Female,Chennai,17-11-2023,Budget,
C04543,36,Male,Kolkata,01-08-2023,Regular,
C04544,28,Male,Chennai,30-11-2025,Premium,
C04545,36,Female,Kolkata,30-06-2023,Premium,
C04546,44,Female,Delhi,14-02-2025,Premium,
C04547,31,Male,Vijayawada,04-10-2024,Regular,
C04548,23,Female,Mumbai,30-10-2024,Regular,
C04549,36,Male,Kolkata,24-08-2023,Budget,
C04550,51,Female,Kolkata,03-12-2023,Regular,
C04551,47,Male,Ahmedabad,26-10-2024,Budget,
C04552,33,Female,Hyderabad,24-11-2023,Regular,
C04553,32,Other,Delhi,30-01-2025,Regular,
C04554,45,Female,Delhi,13-02-2023,Regular,
C04555,26,Female,Chennai,21-03-2023,Premium,
C04556,57,Male,Guntur,08-03-2025,Budget,
C04557,58,Female,Guntur,06-11-2024,Regular,
C04558,19,Male,Hyderabad,17-02-2023,Regular,
C04559,63,Male,Kolkata,11-09-2025,Premium,
C04560,19,Female,Guntur,06-01-2023,Budget,
C04561,39,Female,Chennai,12-11-2025,Regular,
C04562,49,Female,Kolkata,09-03-2025,Regular,
C04563,33,Female,Kolkata,18-12-2025,Budget,
C04564,27,Female,Hyderabad,05-11-2025,Budget,
C04565,20,Female,Guntur,09-12-2023,Regular,
C04566,52,Female,Ahmedabad,08-04-2025,Budget,
C04567,19,Female,Chennai,19-08-2023,Regular,
C04568,40,Male,Mumbai,31-05-2024,Budget,
C04569,36,Female,Ahmedabad,20-09-2023,Budget,
C04570,63,Female,Guntur,16-06-2024,Regular,
C04571,61,Other,Hyderabad,13-08-2025,Budget,
C04572,56,Male,Mumbai,22-04-2024,Budget,
C04573,52,Male,Kolkata,12-04-2023,Budget,
C04574,43,Male,Bengaluru,22-12-2023,Budget,
C04575,34,Male,Vijayawada,11-05-2025,Regular,
C04576,25,Female,Chennai,25-07-2024,Regular,
C04577,63,Male,Guntur,05-09-2024,Regular,
C04578,36,Male,Hyderabad,17-04-2024,Budget,
C04579,38,Female,Guntur,17-11-2023,Budget,
C04580,24,Male,Hyderabad,16-10-2024,Regular,
C04581,31,Male,Kolkata,24-11-2024,Budget,
C04582,47,Female,Mumbai,10-09-2025,Budget,
C04583,38,Female,Delhi,07-11-2024,Budget,
C04584,45,Other,Bengaluru,25-12-2025,Regular,
C04585,27,Female,Kolkata,24-06-2025,Regular,
C04586,21,Other,Kolkata,28-03-2023,Budget,
C04587,59,Male,Mumbai,05-03-2024,Budget,
C04588,38,Female,Delhi,26-02-2024,Regular,
C04589,34,Female,Pune,04-01-2023,Budget,
C04590,31,Female,Kolkata,17-07-2023,Regular,
C04591,48,Male,Pune,14-04-2025,Regular,
C04592,44,Male,Hyderabad,21-01-2024,Budget,
C04593,36,Male,Pune,11-06-2023,Regular,
C04594,61,Female,Mumbai,11-11-2023,Regular,
C04595,60,Female,Delhi,28-10-2023,Regular,
C04596,27,Male,Mumbai,11-07-2023,Regular,
C04597,48,Female,Mumbai,21-04-2023,Regular,
C04598,63,Female,Chennai,16-04-2025,Regular,
C04599,40,Female,Mumbai,21-06-2025,Regular,
C04600,19,Male,Ahmedabad,27-06-2024,Budget,
C04601,24,Female,Chennai,04-11-2024,Budget,
C04602,49,Female,Ahmedabad,03-10-2025,Budget,
C04603,60,Female,Delhi,11-07-2025,Regular,
C04604,24,Female,Kolkata,05-02-2023,Regular,
C04605,43,Female,Bengaluru,09-11-2025,Regular,
C04606,41,Male,Chennai,15-03-2023,Regular,
C04607,31,Female,Vijayawada,30-01-2023,Premium,
C04608,47,Male,Guntur,17-03-2024,Regular,
C04609,59,Female,Hyderabad,27-03-2025,Regular,
C04610,29,Female,Vijayawada,29-03-2023,Budget,
C04611,20,Female,Guntur,17-11-2023,Regular,
C04612,34,Female,Bengaluru,15-10-2023,Regular,
C04613,32,Male,Chennai,11-03-2024,Premium,
C04614,52,Male,Bengaluru,15-12-2025,Premium,
C04615,43,Female,Guntur,29-12-2023,Budget,
C04616,18,Male,Guntur,17-08-2023,Premium,
C04617,33,Male,Ahmedabad,14-05-2023,Regular,
C04618,52,Other,Chennai,05-08-2023,Regular,
C04619,40,Male,Vijayawada,26-05-2023,Regular,
C04620,44,Male,Guntur,20-09-2024,Regular,
C04621,30,Male,Guntur,05-04-2024,Regular,
C04622,33,Female,Mumbai,29-06-2024,Budget,
C04623,24,Male,Ahmedabad,30-06-2025,Regular,
C04624,21,Female,Kolkata,27-09-2024,Budget,
C04625,19,Female,Bengaluru,19-06-2023,Budget,
C04626,47,Male,Pune,17-02-2024,Regular,
C04627,25,Female,Pune,09-12-2023,Regular,
C04628,44,Male,Pune,24-06-2025,Premium,
C04629,62,Female,Mumbai,03-12-2023,Regular,
C04630,50,Male,Kolkata,01-06-2023,Regular,
C04631,45,Male,Guntur,16-03-2025,Premium,
C04632,23,Male,Kolkata,14-04-2024,Regular,
C04633,40,Male,Guntur,15-04-2023,Regular,
C04634,59,Female,Ahmedabad,25-01-2025,Premium,
C04635,36,Male,Mumbai,19-08-2023,Regular,
C04636,56,Female,Ahmedabad,08-08-2025,Regular,
C04637,51,Male,Kolkata,30-06-2025,Regular,
C04638,30,Female,Vijayawada,09-02-2024,Regular,
C04639,24,Female,Mumbai,31-08-2024,Regular,
C04640,18,Male,Bengaluru,13-09-2024,Regular,
C04641,30,Female,Kolkata,16-12-2024,Regular,
C04642,33,Female,Kolkata,17-03-2023,Budget,
C04643,48,Female,Kolkata,22-12-2023,Budget,
C04644,44,Female,Ahmedabad,06-07-2023,Regular,
C04645,40,Female,Pune,02-02-2025,Budget,
C04646,51,Male,Hyderabad,17-03-2023,Regular,
C04647,54,Female,Guntur,20-07-2024,Budget,
C04648,51,Male,Chennai,08-03-2025,Budget,
C04649,60,Female,Chennai,04-11-2025,Regular,
C04650,34,Female,Guntur,12-11-2023,Regular,
C04651,56,Female,Ahmedabad,09-01-2023,Regular,
C04652,37,Female,Pune,03-03-2025,Budget,
C04653,26,Male,Kolkata,02-01-2023,Budget,
C04654,24,Female,Hyderabad,14-03-2023,Budget,
C04655,22,Male,Chennai,20-12-2025,Budget,
C04656,62,Female,Chennai,02-08-2025,Budget,
C04657,25,Female,Delhi,13-02-2025,Regular,
C04658,57,Male,Mumbai,03-07-2025,Budget,
C04659,54,Female,Hyderabad,24-03-2023,Regular,
C04660,38,Male,Kolkata,08-04-2023,Regular,
C04661,60,Female,Pune,26-11-2023,Budget,
C04662,60,Other,Mumbai,27-01-2023,Regular,
C04663,61,Female,Guntur,30-08-2025,Regular,
C04664,41,Female,Mumbai,03-03-2023,Regular,
C04665,32,Male,Bengaluru,18-08-2024,Regular,
C04666,20,Male,Guntur,23-07-2025,Regular,
C04667,57,Male,Bengaluru,15-03-2025,Regular,
C04668,59,Male,Hyderabad,15-09-2023,Premium,
C04669,43,Male,Delhi,30-05-2024,Regular,
C04670,21,Female,Pune,23-08-2024,Regular,
C04671,56,Female,Chennai,20-04-2025,Premium,
C04672,32,Male,Guntur,11-04-2024,Regular,
C04673,43,Female,Chennai,09-11-2023,Premium,
C04674,48,Female,Vijayawada,21-05-2025,Regular,
C04675,24,Male,Kolkata,28-08-2025,Regular,
C04676,20,Female,Bengaluru,19-06-2024,Regular,
C04677,21,Male,Delhi,31-01-2023,Regular,
C04678,63,Female,Hyderabad,02-07-2024,Budget,
C04679,62,Female,Guntur,31-08-2025,Regular,
C04680,38,Male,Kolkata,19-12-2025,Budget,
C04681,38,Male,Delhi,15-03-2024,Regular,
C04682,37,Female,Kolkata,14-06-2023,Regular,
C04683,34,Male,Kolkata,18-09-2024,Premium,
C04684,43,Female,Pune,28-06-2025,Budget,
C04685,34,Female,Mumbai,31-10-2025,Regular,
C04686,46,Male,Mumbai,26-02-2023,Regular,
C04687,35,Female,Chennai,15-11-2023,Regular,
C04688,47,Female,Ahmedabad,07-06-2024,Budget,
C04689,62,Male,Delhi,18-04-2023,Regular,
C04690,27,Female,Delhi,28-08-2025,Regular,
C04691,20,Female,Ahmedabad,03-05-2023,Budget,
C04692,42,Female,Pune,29-12-2024,Regular,
C04693,23,Male,Vijayawada,02-10-2025,Budget,
C04694,28,Male,Chennai,20-01-2025,Regular,
C04695,55,Female,Hyderabad,15-04-2025,Premium,
C04696,37,Female,Delhi,16-10-2023,Budget,
C04697,43,Male,Pune,25-06-2025,Budget,
C04698,54,Female,Guntur,03-04-2024,Premium,
C04699,24,Female,Kolkata,09-03-2023,Budget,
C04700,40,Male,Vijayawada,06-02-2024,Regular,
C04701,19,Female,Hyderabad,19-01-2024,Regular,
C04702,41,Female,Pune,24-07-2024,Regular,
C04703,28,Female,Guntur,17-10-2023,Regular,
C04704,60,Female,Pune,21-05-2024,Regular,
C04705,30,Female,Chennai,13-04-2024,Premium,
C04706,27,Female,Ahmedabad,24-12-2023,Regular,
C04707,18,Female,,01-02-2025,Regular,
C04708,24,Male,Chennai,01-12-2023,Premium,
C04709,28,Male,Pune,18-04-2025,Budget,
C04710,28,Female,Guntur,02-10-2023,Premium,
C04711,52,Female,Bengaluru,05-08-2025,Premium,
C04712,59,Male,Hyderabad,04-02-2024,Premium,
C04713,58,Male,Ahmedabad,14-02-2023,Budget,
C04714,62,Male,Ahmedabad,14-06-2023,Regular,
C04715,60,Female,Bengaluru,01-06-2025,Regular,
C04716,39,Female,Pune,12-08-2025,Budget,
C04717,36,Female,Ahmedabad,21-08-2023,Regular,
C04718,48,Male,Vijayawada,21-10-2024,Budget,
C04719,33,Female,Guntur,20-09-2024,Budget,
C04720,46,Male,Chennai,27-05-2023,Premium,
C04721,64,Male,Pune,09-05-2024,Premium,
C04722,27,Male,Ahmedabad,29-01-2025,Budget,
C04723,54,Female,Chennai,25-11-2025,Budget,
C04724,61,Female,Bengaluru,17-07-2025,Regular,
C04725,43,Male,Delhi,18-04-2023,Budget,
C04726,34,Male,Ahmedabad,18-09-2023,Regular,
C04727,29,Female,Pune,23-04-2024,Regular,
C04728,25,Male,Kolkata,14-06-2023,Regular,
C04729,33,Female,Kolkata,16-09-2024,Regular,
C04730,53,Male,Vijayawada,10-01-2023,Budget,
C04731,42,Male,Kolkata,05-05-2023,Budget,
C04732,28,Male,Bengaluru,21-02-2023,Regular,
C04733,43,Female,Delhi,20-11-2023,Budget,
C04734,56,Male,Bengaluru,14-04-2025,Budget,
C04735,18,Male,Ahmedabad,14-07-2023,Regular,
C04736,18,Female,Vijayawada,16-12-2025,Budget,
C04737,63,Male,Ahmedabad,23-10-2023,Regular,
C04738,53,Female,Chennai,19-02-2023,Regular,
C04739,45,Male,Kolkata,03-01-2024,Budget,
C04740,60,Female,Hyderabad,30-03-2025,Regular,
C04741,45,Male,Chennai,27-04-2023,Budget,
C04742,42,Female,Mumbai,20-03-2023,Regular,
C04743,27,Female,Delhi,19-07-2025,Regular,
C04744,56,Female,Mumbai,10-10-2024,Premium,
C04745,53,Female,Delhi,11-01-2024,Budget,
C04746,31,Male,Hyderabad,07-04-2025,Regular,
C04747,52,Male,Guntur,13-07-2025,Regular,
C04748,52,Female,Mumbai,29-01-2024,Regular,
C04749,22,Female,Guntur,06-09-2024,Regular,
C04750,25,Female,Hyderabad,12-01-2023,Budget,
C04751,45,Female,Guntur,02-12-2023,Regular,
C04752,47,Female,Kolkata,13-10-2024,Regular,
C04753,48,Female,Chennai,04-08-2023,Budget,
C04754,35,Female,Ahmedabad,21-12-2025,Regular,
C04755,57,Female,Ahmedabad,29-11-2025,Regular,
C04756,38,Male,Ahmedabad,10-10-2023,Regular,
C04757,27,Female,Guntur,10-03-2024,Premium,
C04758,23,Female,Vijayawada,27-07-2023,Regular,
C04759,59,Male,Bengaluru,05-07-2024,Regular,
C04760,51,Female,Chennai,16-05-2023,Regular,
C04761,39,Female,Hyderabad,04-03-2024,Regular,
C04762,27,Male,Hyderabad,31-08-2024,Regular,
C04763,22,Female,Bengaluru,31-10-2024,Budget,
C04764,25,Male,Kolkata,15-10-2024,Regular,
C04765,22,Male,Kolkata,31-08-2023,Regular,
C04766,42,Female,Hyderabad,17-05-2025,Regular,
C04767,27,Female,Delhi,27-01-2025,Budget,
C04768,24,Female,Bengaluru,04-04-2025,Budget,
C04769,31,Male,Bengaluru,27-05-2024,Regular,
C04770,50,Female,Hyderabad,04-09-2025,Budget,
C04771,41,Male,Pune,02-03-2024,Regular,
C04772,25,Female,Hyderabad,01-06-2025,Regular,
C04773,53,Male,Ahmedabad,11-08-2023,Budget,
C04774,41,Female,Vijayawada,28-09-2023,Premium,
C04775,26,Male,Guntur,30-07-2024,Regular,
C04776,50,Male,Guntur,31-08-2024,Budget,
C04777,64,Male,Ahmedabad,28-03-2025,Regular,
C04778,43,Female,Vijayawada,22-11-2023,Regular,
C04779,25,Female,Guntur,13-08-2025,Regular,
C04780,32,Female,Chennai,28-12-2023,Budget,
C04781,46,Male,Kolkata,07-08-2024,Regular,
C04782,64,Male,Mumbai,17-10-2025,Budget,
C04783,61,Female,Guntur,13-08-2024,Regular,
C04784,61,Male,Hyderabad,16-01-2025,Regular,
C04785,57,Female,Delhi,21-09-2025,Regular,
C04786,45,Female,Mumbai,03-12-2025,Regular,
C04787,48,Female,Guntur,30-06-2024,Budget,
C04788,52,Female,Chennai,01-04-2024,Budget,
C04789,51,Male,Guntur,04-08-2023,Premium,
C04790,48,Male,Delhi,11-08-2024,Regular,
C04791,24,Female,Kolkata,02-10-2025,Regular,
C04792,59,Male,Pune,17-06-2024,Budget,
C04793,18,Female,Delhi,17-01-2024,Premium,
C04794,38,Female,Mumbai,28-04-2023,Budget,
C04795,38,Male,Chennai,02-03-2024,Budget,
C04796,64,Female,Kolkata,17-09-2023,Regular,
C04797,22,Male,Mumbai,05-12-2025,Regular,
C04798,40,Female,Guntur,31-07-2024,Regular,
C04799,34,Male,Bengaluru,31-05-2023,Regular,
C04800,22,Female,Chennai,15-03-2023,Premium,
C04801,28,Male,Hyderabad,20-07-2025,Budget,
C04802,37,Male,Guntur,16-10-2025,Budget,
C04803,61,Male,Delhi,15-04-2025,Regular,
C04804,36,Male,Hyderabad,16-05-2023,Regular,
C04805,59,Female,Hyderabad,18-04-2023,Premium,
C04806,52,Male,Vijayawada,05-08-2023,Regular,
C04807,56,Male,Guntur,02-04-2025,Regular,
C04808,58,Male,Chennai,18-04-2025,Regular,
C04809,51,Male,Kolkata,06-07-2025,Budget,
C04810,52,Male,Chennai,17-04-2023,Budget,
C04811,25,Male,Guntur,17-06-2023,Budget,
C04812,51,Female,Ahmedabad,12-09-2025,Budget,
C04813,20,Female,Delhi,13-10-2025,Budget,
C04814,52,Female,Vijayawada,05-03-2025,Budget,
C04815,48,Male,Chennai,27-04-2023,Premium,
C04816,53,Female,Vijayawada,17-03-2023,Budget,
C04817,48,Female,Chennai,02-03-2023,Regular,
C04818,35,Female,Guntur,27-01-2025,Premium,
C04819,35,Male,Guntur,15-07-2025,Regular,
C04820,46,Male,Pune,22-11-2024,Regular,
C04821,40,Male,Bengaluru,15-10-2023,Budget,
C04822,34,Male,Ahmedabad,09-04-2025,Budget,
C04823,40,Female,Kolkata,06-03-2023,Regular,
C04824,43,Male,Guntur,25-06-2025,Regular,
C04825,29,Male,Chennai,03-09-2025,Regular,
C04826,47,Male,Chennai,25-02-2025,Premium,
C04827,32,Male,Mumbai,20-08-2025,Regular,
C04828,30,Male,Mumbai,03-10-2024,Regular,
C04829,37,Male,Hyderabad,27-05-2024,Budget,
C04830,22,Female,Bengaluru,20-12-2023,Premium,
C04831,46,Male,Delhi,06-10-2025,Premium,
C04832,52,Female,Vijayawada,02-02-2025,Regular,
C04833,62,Female,Bengaluru,28-07-2023,Regular,
C04834,31,Female,Chennai,13-11-2025,Regular,
C04835,43,Female,Guntur,06-03-2023,Budget,
C04836,41,Male,Hyderabad,05-10-2024,Premium,
C04837,52,Female,Hyderabad,28-07-2023,Regular,
C04838,47,Female,Guntur,28-12-2024,Regular,
C04839,55,Female,Chennai,27-03-2024,Regular,
C04840,57,Male,Mumbai,23-04-2024,Regular,
C04841,23,Female,Hyderabad,05-01-2025,Budget,
C04842,34,Male,Delhi,07-04-2025,Regular,
C04843,48,Female,Vijayawada,21-02-2024,Budget,
C04844,43,Male,Vijayawada,28-12-2025,Budget,
C04845,40,Male,Kolkata,29-06-2024,Budget,
C04846,26,Female,Kolkata,25-06-2023,Budget,
C04847,44,Female,Kolkata,08-01-2023,Premium,
C04848,52,Female,Kolkata,10-08-2023,Budget,
C04849,19,Female,Pune,26-01-2025,Regular,
C04850,45,Female,Chennai,13-08-2024,Regular,
C04851,60,Male,Guntur,05-01-2024,Premium,
C04852,44,Other,Guntur,11-06-2024,Regular,
C04853,62,Male,Bengaluru,06-07-2025,Premium,
C04854,34,Male,Hyderabad,17-09-2024,Regular,
C04855,18,Female,Ahmedabad,05-03-2023,Regular,
C04856,50,Male,Hyderabad,23-02-2023,Regular,
C04857,28,Female,Guntur,11-06-2024,Budget,
C04858,18,Male,Vijayawada,18-03-2024,Regular,
C04859,26,Male,Hyderabad,20-07-2025,Regular,
C04860,61,Male,Ahmedabad,30-09-2024,Regular,
C04861,54,Female,Bengaluru,08-04-2025,Regular,
C04862,30,Female,Chennai,02-10-2024,Regular,
C04863,46,Male,Pune,14-01-2024,Regular,
C04864,33,Male,Kolkata,20-12-2024,Budget,
C04865,26,Male,Hyderabad,11-11-2024,Budget,
C04866,64,Male,Bengaluru,27-02-2025,Regular,
C04867,56,Female,Chennai,27-07-2023,Budget,
C04868,35,Female,Kolkata,03-12-2024,Premium,
C04869,34,Male,Delhi,09-11-2023,Budget,
C04870,56,Male,Chennai,15-05-2025,Budget,
C04871,39,Female,Bengaluru,24-05-2025,Regular,
C04872,35,Male,Vijayawada,15-11-2024,Budget,
C04873,36,Male,Ahmedabad,02-11-2025,Regular,
C04874,39,Female,Vijayawada,11-08-2024,Budget,
C04875,42,Male,Delhi,28-01-2023,Budget,
C04876,19,Male,Guntur,25-10-2024,Regular,
C04877,40,Male,Kolkata,01-05-2025,Regular,
C04878,38,Female,Pune,21-04-2023,Regular,
C04879,30,Male,Delhi,25-04-2023,Budget,
C04880,34,Female,Pune,13-07-2025,Regular,
C04881,37,Male,Delhi,31-07-2024,Regular,
C04882,35,Male,Kolkata,05-12-2025,Budget,
C04883,60,Female,Delhi,13-08-2025,Regular,
C04884,42,Male,Vijayawada,30-08-2024,Regular,
C04885,41,Male,Guntur,13-01-2025,Premium,
C04886,30,Male,Delhi,29-12-2023,Regular,
C04887,61,Female,Mumbai,09-04-2023,Regular,
C04888,19,Male,Ahmedabad,12-03-2024,Budget,
C04889,43,Female,Kolkata,10-10-2024,Regular,
C04890,25,Male,Chennai,19-07-2023,Regular,
C04891,54,Male,Guntur,31-08-2023,Regular,
C04892,35,Male,Kolkata,17-01-2023,Regular,
C04893,31,Male,Kolkata,14-03-2025,Budget,
C04894,20,Female,Ahmedabad,11-09-2025,Regular,
C04895,55,Male,Chennai,25-06-2025,Regular,
C04896,36,Female,Ahmedabad,21-02-2024,Budget,
C04897,30,Male,Bengaluru,11-10-2024,Regular,
C04898,57,Female,Ahmedabad,18-11-2025,Regular,
C04899,18,Male,Pune,09-10-2024,Regular,
C04900,40,Female,Pune,20-11-2023,Premium,
C04901,25,Male,Ahmedabad,06-01-2024,Budget,
C04902,23,Female,Mumbai,07-03-2025,Budget,
C04903,19,Female,Ahmedabad,03-05-2024,Budget,
C04904,26,Female,Hyderabad,05-07-2025,Premium,
C04905,62,Male,Kolkata,04-08-2025,Budget,
C04906,38,Female,Ahmedabad,09-02-2023,Regular,
C04907,64,Male,Hyderabad,03-03-2025,Regular,
C04908,30,Male,Kolkata,10-02-2024,Regular,
C04909,53,Female,Ahmedabad,23-07-2024,Budget,
C04910,22,Female,Pune,17-10-2023,Budget,
C04911,23,Male,Kolkata,08-02-2024,Premium,
C04912,18,Female,Hyderabad,28-12-2023,Regular,
C04913,60,Female,Vijayawada,25-02-2023,Budget,
C04914,49,Male,Vijayawada,07-05-2025,Budget,
C04915,52,Male,Ahmedabad,06-06-2023,Regular,
C04916,61,Female,Hyderabad,16-02-2024,Premium,
C04917,33,Male,Delhi,31-07-2023,Regular,
C04918,51,Male,Guntur,25-06-2023,Regular,
C04919,41,Male,Kolkata,13-02-2024,Regular,
C04920,43,Female,Vijayawada,03-10-2025,Budget,
C04921,49,Male,Kolkata,30-10-2025,Premium,
C04922,40,Male,Ahmedabad,22-02-2024,Budget,
C04923,19,Male,Mumbai,07-07-2024,Budget,
C04924,21,Male,Guntur,15-12-2025,Budget,
C04925,41,Other,Pune,15-09-2023,Budget,
C04926,44,Female,Guntur,31-10-2025,Regular,
C04927,52,Female,Chennai,26-04-2023,Regular,
C04928,44,Female,Chennai,05-09-2023,Regular,
C04929,26,Male,Hyderabad,06-01-2024,Regular,
C04930,35,Female,Kolkata,10-02-2023,Budget,
C04931,38,Other,Ahmedabad,12-06-2025,Regular,
C04932,64,Female,Chennai,25-07-2025,Regular,
C04933,43,Female,Mumbai,24-02-2024,Regular,
C04934,47,Male,Pune,04-07-2025,Budget,
C04935,52,Female,Ahmedabad,25-04-2025,Regular,
C04936,35,Male,Mumbai,27-05-2025,Budget,
C04937,63,Female,Delhi,28-05-2025,Budget,
C04938,49,Male,Bengaluru,19-09-2024,Budget,
C04939,57,Female,Guntur,02-05-2023,Regular,
C04940,53,Female,Guntur,08-10-2025,Budget,
C04941,47,Female,Ahmedabad,28-10-2024,Budget,
C04942,19,Male,Guntur,13-09-2025,Regular,
C04943,45,Female,Ahmedabad,16-11-2025,Budget,
C04944,24,Female,Guntur,24-07-2023,Budget,
C04945,46,Female,Delhi,16-03-2024,Regular,
C04946,50,Female,Chennai,30-07-2023,Regular,
C04947,43,Female,Vijayawada,25-02-2023,Budget,
C04948,32,Female,Hyderabad,24-11-2025,Budget,
C04949,20,Male,Delhi,08-10-2025,Regular,
C04950,49,Male,Ahmedabad,17-10-2025,Premium,
C04951,50,Female,Ahmedabad,25-08-2025,Regular,
C04952,40,Female,Kolkata,11-12-2024,Budget,
C04953,51,Male,Delhi,25-07-2024,Premium,
C04954,54,Male,Vijayawada,21-12-2025,Regular,
C04955,42,Male,Chennai,27-08-2024,Regular,
C04956,20,Female,Bengaluru,04-12-2024,Premium,
C04957,58,Female,Kolkata,20-08-2023,Regular,
C04958,39,Female,Mumbai,28-03-2025,Regular,
C04959,49,Male,Delhi,16-06-2025,Regular,
C04960,60,Male,Delhi,12-01-2025,Premium,
C04961,35,Female,Chennai,29-06-2024,Budget,
C04962,47,Male,Vijayawada,05-08-2023,Budget,
C04963,18,Male,Mumbai,07-02-2023,Regular,
C04964,59,Male,Kolkata,17-11-2024,Premium,
C04965,20,Female,Bengaluru,17-01-2025,Budget,
C04966,43,Female,Vijayawada,26-04-2025,Budget,
C04967,34,Male,Vijayawada,06-11-2025,Regular,
C04968,19,Male,Hyderabad,28-06-2024,Budget,
C04969,39,Female,Kolkata,26-06-2025,Regular,
C04970,61,Male,Pune,23-02-2025,Regular,
C04971,25,Male,Bengaluru,31-10-2023,Regular,
C04972,31,Male,Ahmedabad,14-07-2025,Regular,
C04973,26,Male,Ahmedabad,28-02-2023,Regular,
C04974,23,Female,Guntur,17-10-2024,Regular,
C04975,28,Female,Kolkata,26-10-2025,Budget,
C04976,44,Male,Ahmedabad,22-12-2024,Regular,
C04977,54,Female,Ahmedabad,23-10-2025,Regular,
C04978,50,Male,Ahmedabad,03-03-2023,Budget,
C04979,54,Female,Pune,05-08-2024,Budget,
C04980,51,Male,Ahmedabad,04-05-2025,Regular,
C04981,35,Male,Hyderabad,04-12-2024,Regular,
C04982,60,Female,Kolkata,22-08-2025,Regular,
C04983,26,Female,Chennai,21-05-2024,Budget,
C04984,50,Female,Delhi,17-01-2025,Budget,
C04985,23,Female,Ahmedabad,04-04-2024,Premium,
C04986,53,Female,Bengaluru,12-08-2025,Budget,
C04987,22,Female,Ahmedabad,11-05-2023,Premium,
C04988,28,Male,Chennai,06-10-2023,Regular,
C04989,36,Male,Ahmedabad,16-04-2023,Regular,
C04990,50,Female,Ahmedabad,07-02-2025,Budget,
C04991,20,Female,Hyderabad,12-09-2023,Premium,
C04992,30,Female,Chennai,14-12-2023,Premium,
C04993,33,Male,Guntur,05-07-2025,Regular,
C04994,52,Male,Mumbai,30-01-2024,Regular,
C04995,63,Male,Delhi,09-06-2023,Regular,
C04996,46,Female,Hyderabad,23-01-2023,Budget,
C04997,41,Male,Kolkata,06-09-2023,Premium,
C04998,33,Female,Hyderabad,28-09-2025,Budget,
C04999,56,Male,Chennai,23-08-2024,Regular,
C05000,23,Male,Delhi,25-12-2025,Regular,
C05001,24,Female,Ahmedabad,24-08-2023,Regular,
C05002,27,Male,Delhi,20-01-2024,Regular,
C05003,30,Female,Vijayawada,28-06-2023,Regular,
C05004,39,Male,Pune,12-03-2024,Budget,
C05005,62,Female,Chennai,08-09-2024,Budget,
C05006,48,Female,Bengaluru,03-06-2025,Budget,
C05007,36,Female,Ahmedabad,08-02-2024,Premium,
C05008,27,Male,Delhi,24-04-2025,Budget,
C05009,48,Male,Kolkata,16-11-2024,Premium,
C05010,29,Female,Mumbai,16-11-2023,Budget,
C05011,63,Other,Chennai,25-09-2025,Premium,
C05012,40,Female,Pune,20-04-2024,Regular,
C05013,43,Female,Chennai,15-06-2023,Regular,
C05014,60,Female,Vijayawada,20-11-2025,Regular,
C05015,32,Female,Ahmedabad,27-09-2025,Regular,
C05016,40,Female,Guntur,24-02-2023,Regular,
C05017,43,Female,Chennai,15-09-2025,Budget,
C05018,30,Female,Hyderabad,03-11-2025,Premium,
C05019,20,Female,Hyderabad,26-06-2025,Regular,
C05020,31,Female,Guntur,07-10-2023,Budget,
C05021,23,Male,Guntur,22-11-2024,Budget,
C05022,49,Male,Kolkata,12-08-2024,Regular,
C05023,18,Other,Pune,10-11-2024,Premium,
C05024,32,Female,Chennai,06-11-2024,Regular,
C05025,59,Male,Ahmedabad,30-11-2024,Budget,
C05026,44,Female,Pune,16-07-2024,Regular,
C05027,49,Female,Kolkata,26-01-2025,Budget,
C05028,49,Female,Hyderabad,30-07-2024,Budget,
C05029,32,Female,Pune,19-01-2023,Regular,
C05030,47,Male,Kolkata,08-02-2023,Budget,
C05031,28,Male,Ahmedabad,15-11-2025,Regular,
C05032,47,Male,Bengaluru,22-09-2025,Budget,
C05033,50,Female,Hyderabad,03-10-2024,Budget,
C05034,59,Male,Guntur,11-07-2023,Budget,
C05035,61,Female,Mumbai,05-05-2025,Budget,
C05036,19,Female,Delhi,06-06-2023,Regular,
C05037,32,Female,Kolkata,18-02-2024,Premium,
C05038,43,Female,Delhi,28-12-2023,Budget,
C05039,33,Female,Vijayawada,14-01-2023,Premium,
C05040,47,Female,Guntur,02-06-2025,Regular,
C05041,58,Male,Mumbai,12-07-2024,Budget,
C05042,30,Male,Bengaluru,13-12-2023,Budget,
C05043,59,Female,Vijayawada,09-07-2024,Budget,
C05044,59,Male,Ahmedabad,01-01-2023,Regular,
C05045,60,Female,Ahmedabad,23-04-2024,Regular,
C05046,21,Male,Delhi,22-07-2024,Budget,
C05047,31,Female,Delhi,07-01-2024,Budget,
C05048,23,Male,Bengaluru,28-06-2025,Budget,
C05049,23,Female,Delhi,01-10-2023,Regular,
C05050,20,Male,Pune,31-05-2023,Budget,
C05051,38,Female,Bengaluru,31-07-2024,Regular,
C05052,22,Male,Kolkata,29-08-2025,Regular,
C05053,31,Female,Kolkata,15-02-2024,Regular,
C05054,64,Male,Guntur,21-02-2023,Budget,
C05055,59,Female,Hyderabad,28-11-2025,Regular,
C05056,62,Female,Chennai,01-05-2024,Regular,
C05057,19,Female,Delhi,09-07-2023,Regular,
C05058,49,Female,Guntur,05-11-2024,Regular,
C05059,47,Female,Chennai,23-10-2025,Regular,
C05060,24,Female,Vijayawada,18-11-2023,Budget,
C05061,60,Male,Vijayawada,25-08-2024,Regular,
C05062,37,Female,Hyderabad,17-08-2024,Regular,
C05063,63,Male,Mumbai,23-09-2023,Regular,
C05064,23,Female,Chennai,30-06-2024,Regular,
C05065,48,Male,Delhi,30-04-2023,Premium,
C05066,24,Male,Vijayawada,05-12-2024,Premium,
C05067,62,Female,Mumbai,10-04-2025,Budget,
C05068,46,Male,Kolkata,06-11-2025,Budget,
C05069,21,Male,Bengaluru,23-12-2023,Premium,
C05070,28,Male,Pune,09-11-2023,Regular,
C05071,34,Female,Mumbai,23-08-2024,Premium,
C05072,18,Male,Vijayawada,28-01-2025,Regular,
C05073,18,Male,Ahmedabad,22-12-2025,Premium,
C05074,61,Other,Chennai,28-01-2023,Budget,
C05075,64,Female,Kolkata,18-09-2023,Regular,
C05076,43,Male,Mumbai,15-10-2023,Regular,
C05077,60,Female,Delhi,07-10-2023,Budget,
C05078,48,Male,Delhi,22-05-2024,Budget,
C05079,19,Female,Guntur,13-08-2025,Budget,
C05080,51,Male,Chennai,03-02-2023,Budget,
C05081,18,Male,Hyderabad,12-06-2025,Premium,
C05082,56,Male,Bengaluru,07-11-2024,Premium,
C05083,35,Female,Guntur,04-11-2024,Premium,
C05084,24,Male,Chennai,12-01-2025,Premium,
C05085,30,Female,Hyderabad,07-05-2023,Regular,
C05086,50,Female,Delhi,28-03-2025,Premium,
C05087,57,Female,Guntur,29-09-2023,Budget,
C05088,44,Female,Guntur,19-07-2024,Budget,
C05089,25,Male,Vijayawada,11-01-2025,Premium,
C05090,60,Male,Kolkata,23-10-2024,Regular,
C05091,55,Male,Guntur,20-12-2023,Regular,
C05092,37,Female,Ahmedabad,09-03-2024,Regular,
C05093,44,Male,Hyderabad,05-06-2024,Budget,
C05094,63,Female,Delhi,15-02-2023,Budget,
C05095,35,Female,Pune,06-03-2025,Regular,
C05096,19,Female,Delhi,20-04-2023,Regular,
C05097,24,Female,Guntur,17-05-2024,Regular,
C05098,46,Male,Vijayawada,18-12-2024,Regular,
C05099,64,Male,Pune,30-03-2023,Regular,
C05100,52,Female,Hyderabad,26-12-2025,Regular,
C05101,47,Male,Mumbai,18-02-2024,Regular,
C05102,33,Female,Bengaluru,18-01-2023,Regular,
C05103,38,Female,Delhi,22-12-2024,Premium,
C05104,19,Male,Chennai,02-09-2024,Regular,
C05105,35,Male,Hyderabad,02-12-2024,Premium,
C05106,47,Male,Bengaluru,02-04-2025,Regular,
C05107,60,Male,Delhi,04-06-2024,Premium,
C05108,61,Female,Bengaluru,24-06-2025,Regular,
C05109,56,Other,Hyderabad,10-02-2024,Regular,
C05110,19,Male,Chennai,19-08-2024,Regular,
C05111,56,Female,Kolkata,23-06-2023,Regular,
C05112,28,Male,Kolkata,09-11-2024,Budget,
C05113,46,Other,Mumbai,14-10-2023,Budget,
C05114,62,Female,Kolkata,01-02-2025,Budget,
C05115,59,Male,Bengaluru,27-05-2025,Regular,
C05116,49,Female,Ahmedabad,29-07-2025,Budget,
C05117,32,Female,Hyderabad,14-10-2025,Regular,
C05118,42,Male,Bengaluru,14-05-2023,Budget,
C05119,51,Male,Vijayawada,01-06-2023,Budget,
C05120,42,Female,Delhi,11-10-2025,Regular,
C05121,37,Male,Pune,22-02-2024,Premium,
C05122,36,Male,Mumbai,29-01-2023,Regular,
C05123,46,Male,Kolkata,11-11-2023,Premium,
C05124,19,Female,Ahmedabad,04-07-2025,Budget,
C05125,64,Male,Ahmedabad,24-01-2024,Regular,
C05126,22,Female,Chennai,26-03-2023,Budget,
C05127,64,Male,Kolkata,01-03-2025,Budget,
C05128,19,Male,Ahmedabad,02-08-2023,Budget,
C05129,42,Female,Delhi,22-01-2024,Budget,
C05130,37,Male,Mumbai,05-01-2023,Regular,
C05131,44,Female,Kolkata,21-10-2024,Regular,
C05132,38,Male,Pune,02-05-2024,Budget,
C05133,60,Female,Chennai,07-08-2025,Premium,
C05134,18,Male,Vijayawada,02-01-2024,Regular,
C05135,64,Female,Pune,13-08-2023,Budget,
C05136,50,Male,Pune,01-07-2023,Regular,
C05137,54,Female,Chennai,08-08-2023,Budget,
C05138,24,Male,Kolkata,08-05-2024,Regular,
C05139,21,Male,Vijayawada,06-04-2023,Regular,
C05140,36,Female,Ahmedabad,16-03-2024,Budget,
C05141,33,Male,Pune,24-07-2025,Budget,
C05142,54,Male,Kolkata,20-04-2025,Budget,
C05143,60,Female,Chennai,28-11-2024,Regular,
C05144,38,Female,Hyderabad,04-09-2025,Regular,
C05145,54,Female,Kolkata,04-05-2025,Premium,
C05146,20,Other,Bengaluru,15-12-2024,Budget,
C05147,52,Male,Hyderabad,03-08-2025,Budget,
C05148,22,Male,Ahmedabad,17-05-2023,Budget,
C05149,49,Female,Delhi,14-06-2025,Regular,
C05150,35,Male,Guntur,20-11-2023,Regular,
C05151,37,Male,Guntur,13-03-2025,Premium,
C05152,30,Male,Bengaluru,27-09-2025,Regular,
C05153,36,Male,Ahmedabad,27-06-2024,Budget,
C05154,59,Male,Mumbai,08-04-2023,Premium,
C05155,56,Male,Ahmedabad,10-02-2024,Regular,
C05156,33,Female,Hyderabad,21-03-2024,Budget,
C05157,31,Female,Delhi,22-10-2025,Premium,
C05158,41,Female,Kolkata,29-10-2025,Regular,
C05159,50,Male,Delhi,14-09-2024,Regular,
C05160,26,Male,Pune,06-11-2025,Regular,
C05161,52,Female,Hyderabad,22-04-2024,Budget,
C05162,62,Male,Hyderabad,26-03-2024,Regular,
C05163,57,Male,Kolkata,04-07-2025,Regular,
C05164,43,Female,Delhi,31-12-2024,Premium,
C05165,33,Female,Pune,26-07-2024,Budget,
C05166,33,Male,Mumbai,15-05-2024,Regular,
C05167,52,Female,Hyderabad,11-02-2025,Regular,
C05168,39,Female,Ahmedabad,05-04-2025,Regular,
C05169,23,Female,Bengaluru,21-06-2024,Regular,
C05170,49,Male,Ahmedabad,04-02-2023,Regular,
C05171,24,Female,Hyderabad,22-04-2023,Regular,
C05172,64,Female,Vijayawada,07-06-2023,Regular,
C05173,37,Male,Chennai,20-05-2024,Budget,
C05174,34,Female,Guntur,03-11-2024,Regular,
C05175,20,Female,Hyderabad,30-05-2025,Regular,
C05176,25,Male,Delhi,12-09-2023,Regular,
C05177,62,Male,Delhi,11-05-2025,Regular,
C05178,43,Male,Bengaluru,30-12-2024,Regular,
C05179,60,Female,Delhi,26-02-2023,Budget,
C05180,62,Male,Chennai,20-01-2024,Budget,
C05181,20,Female,Delhi,28-11-2023,Budget,
C05182,35,Male,Mumbai,28-08-2025,Regular,
C05183,57,Female,Bengaluru,05-10-2025,Regular,
C05184,41,Female,Ahmedabad,16-06-2025,Premium,
C05185,41,Female,Pune,01-08-2024,Regular,
C05186,44,Female,Guntur,23-06-2024,Regular,
C05187,50,Male,Guntur,08-12-2023,Regular,
C05188,62,Male,Chennai,26-04-2025,Regular,
C05189,59,Female,Chennai,05-04-2023,Regular,
C05190,47,Male,Vijayawada,24-10-2023,Regular,
C05191,45,Female,Mumbai,29-05-2023,Regular,
C05192,34,Female,Hyderabad,25-06-2024,Premium,
C05193,23,Female,Pune,25-11-2023,Regular,
C05194,51,Male,Vijayawada,05-08-2023,Budget,
C05195,18,Female,Chennai,17-02-2024,Regular,
C05196,50,Male,Kolkata,31-07-2025,Premium,
C05197,41,Female,Mumbai,03-09-2024,Budget,
C05198,54,Female,Mumbai,20-06-2025,Premium,
C05199,62,Female,Delhi,27-09-2025,Premium,
C05200,43,Female,Bengaluru,14-09-2025,Regular,
C05201,44,Male,Mumbai,20-01-2024,Budget,
C05202,40,Female,Chennai,18-08-2025,Budget,
C05203,35,Female,Guntur,22-09-2025,Budget,
C05204,22,Male,Chennai,16-11-2025,Regular,
C05205,19,Female,Guntur,20-01-2024,Regular,
C05206,51,Female,Hyderabad,08-09-2023,Premium,
C05207,61,Other,Delhi,01-10-2024,Budget,
C05208,20,Female,Chennai,17-10-2025,Regular,
C05209,33,Male,Delhi,13-09-2025,Regular,
C05210,46,Female,Ahmedabad,17-09-2024,Regular,
C05211,51,Male,Vijayawada,13-06-2023,Regular,
C05212,52,Female,Ahmedabad,07-04-2024,Premium,
C05213,50,Male,Pune,20-02-2025,Regular,
C05214,21,Female,Pune,05-09-2024,Budget,
C05215,29,Male,Vijayawada,14-01-2024,Regular,
C05216,40,Male,Vijayawada,11-01-2024,Budget,
C05217,20,Male,Ahmedabad,07-03-2023,Premium,
C05218,34,Female,Bengaluru,12-11-2023,Premium,
C05219,36,Male,Chennai,02-01-2025,Budget,
C05220,63,Male,Chennai,22-09-2023,Regular,
C05221,32,Male,Chennai,23-12-2025,Regular,
C05222,63,Male,Vijayawada,01-04-2023,Regular,
C05223,50,Female,Bengaluru,06-10-2024,Regular,
C05224,50,Female,Guntur,27-06-2024,Premium,
C05225,56,Male,Guntur,01-07-2025,Budget,
C05226,57,Male,Pune,30-08-2025,Regular,
C05227,28,Male,Mumbai,18-08-2024,Budget,
C05228,37,Male,Chennai,21-11-2024,Budget,
C05229,42,Male,Kolkata,04-02-2025,Premium,
C05230,63,Male,Kolkata,24-07-2024,Regular,
C05231,19,Male,Pune,22-07-2023,Regular,
C05232,40,Male,Pune,14-04-2024,Budget,
C05233,28,Female,Guntur,22-09-2023,Premium,
C05234,27,Male,Ahmedabad,23-05-2024,Budget,
C05235,53,Female,Ahmedabad,04-11-2024,Regular,
C05236,27,Female,Chennai,18-08-2023,Budget,
C05237,55,Female,Hyderabad,01-10-2023,Regular,
C05238,64,Male,Delhi,20-06-2025,Regular,
C05239,54,Female,Mumbai,18-02-2024,Budget,
C05240,25,Female,Mumbai,06-08-2023,Regular,
C05241,24,Other,Pune,19-02-2025,Regular,
C05242,38,Female,Vijayawada,23-02-2025,Regular,
C05243,43,Male,Guntur,23-06-2025,Regular,
C05244,54,Female,Kolkata,12-04-2025,Premium,
C05245,37,Female,Ahmedabad,22-12-2025,Budget,
C05246,25,Male,Delhi,21-09-2024,Budget,
C05247,64,Male,Pune,11-11-2023,Budget,
C05248,60,Female,Delhi,02-08-2025,Budget,
C05249,48,Male,Guntur,17-10-2023,Regular,
C05250,50,Female,Vijayawada,15-11-2023,Budget,
C05251,61,Male,Delhi,26-06-2025,Budget,
C05252,40,Female,Ahmedabad,23-08-2025,Budget,
C05253,24,Male,Hyderabad,07-01-2024,Regular,
C05254,46,Female,Delhi,09-03-2025,Regular,
C05255,39,Female,Guntur,07-10-2025,Regular,
C05256,55,Female,Kolkata,24-05-2025,Premium,
C05257,54,Male,Pune,06-01-2023,Budget,
C05258,40,Male,Chennai,28-12-2024,Regular,
C05259,35,Male,Guntur,06-07-2023,Budget,
C05260,37,Male,Vijayawada,15-07-2025,Regular,
C05261,47,Other,Mumbai,15-03-2023,Budget,
C05262,47,Male,Guntur,23-12-2025,Premium,
C05263,42,Male,Pune,14-07-2023,Regular,
C05264,42,Female,Mumbai,05-04-2024,Regular,
C05265,64,Male,Mumbai,14-09-2023,Regular,
C05266,29,Male,Pune,10-06-2025,Regular,
C05267,26,Female,Delhi,06-03-2024,Budget,
C05268,55,Male,Kolkata,26-03-2025,Premium,
C05269,61,Female,Bengaluru,15-03-2023,Regular,
C05270,46,Female,Delhi,10-05-2024,Budget,
C05271,36,Male,Ahmedabad,24-09-2025,Budget,
C05272,34,Female,Guntur,12-10-2025,Budget,
C05273,39,Female,Chennai,17-08-2023,Regular,
C05274,20,Male,Kolkata,07-03-2024,Regular,
C05275,42,Female,Mumbai,23-03-2024,Regular,
C05276,30,Male,Ahmedabad,11-09-2024,Budget,
C05277,30,Female,Mumbai,11-08-2024,Premium,
C05278,44,Female,Kolkata,27-04-2023,Budget,
C05279,63,Male,Delhi,15-04-2025,Budget,
C05280,27,Male,Chennai,05-09-2023,Premium,
C05281,60,Male,Pune,11-12-2023,Regular,
C05282,42,Female,Kolkata,09-07-2025,Regular,
C05283,63,Female,Kolkata,25-01-2025,Premium,
C05284,35,Male,Ahmedabad,10-03-2024,Budget,
C05285,64,Male,Kolkata,26-09-2025,Budget,
C05286,49,Female,Guntur,07-03-2024,Budget,
C05287,49,Male,Delhi,11-09-2024,Budget,
C05288,44,Male,Pune,27-09-2023,Regular,
C05289,39,Male,Delhi,20-07-2023,Regular,
C05290,42,Female,Pune,22-06-2024,Regular,
C05291,57,Male,Bengaluru,08-09-2024,Regular,
C05292,55,Female,Guntur,01-06-2025,Budget,
C05293,19,Female,Pune,04-03-2024,Budget,
C05294,50,Male,Pune,07-09-2025,Regular,
C05295,57,Female,Guntur,27-10-2024,Regular,
C05296,52,Male,Delhi,18-03-2023,Regular,
C05297,41,Male,Delhi,20-03-2025,Premium,
C05298,33,Female,Pune,21-09-2024,Premium,
C05299,49,Male,Vijayawada,02-03-2024,Regular,
C05300,49,Female,Chennai,26-05-2024,Regular,
C05301,35,Female,Bengaluru,27-11-2023,Regular,
C05302,37,Male,Bengaluru,03-11-2024,Premium,
C05303,35,Other,Ahmedabad,12-09-2024,Regular,
C05304,20,Female,Hyderabad,04-05-2024,Regular,
C05305,19,Male,Ahmedabad,09-11-2023,Budget,
C05306,21,Female,Guntur,12-03-2024,Regular,
C05307,37,Female,Kolkata,29-06-2024,Regular,
C05308,41,Male,Bengaluru,31-05-2024,Regular,
C05309,37,Male,Kolkata,05-12-2023,Premium,
C05310,62,Male,Delhi,29-09-2024,Regular,
C05311,28,Male,Hyderabad,06-09-2023,Budget,
C05312,36,Male,Bengaluru,02-07-2024,Budget,
C05313,29,Female,Ahmedabad,14-05-2023,Regular,
C05314,32,Female,Pune,31-05-2024,Regular,
C05315,45,Female,Delhi,08-05-2025,Budget,
C05316,32,Male,Ahmedabad,14-06-2025,Regular,
C05317,32,Male,Pune,30-01-2025,Regular,
C05318,49,Male,Vijayawada,27-03-2025,Budget,
C05319,57,Male,Hyderabad,14-03-2023,Budget,
C05320,27,Female,Chennai,09-01-2024,Budget,
C05321,23,Male,Bengaluru,17-12-2024,Regular,
C05322,29,Female,Delhi,26-05-2025,Budget,
C05323,45,Male,Vijayawada,30-09-2024,Budget,
C05324,63,Female,Delhi,23-07-2025,Regular,
C05325,25,Female,Mumbai,27-10-2023,Regular,
C05326,20,Female,Hyderabad,18-06-2023,Regular,
C05327,42,Female,Mumbai,05-04-2023,Regular,
C05328,64,Female,Chennai,30-09-2024,Regular,
C05329,43,Female,Bengaluru,29-12-2024,Regular,
C05330,61,Male,Bengaluru,09-11-2023,Premium,
C05331,48,Male,Kolkata,08-05-2025,Regular,
C05332,19,Female,Ahmedabad,20-03-2025,Regular,
C05333,38,Male,Ahmedabad,30-01-2024,Budget,
C05334,54,Female,Hyderabad,19-09-2023,Regular,
C05335,41,Male,Vijayawada,23-03-2025,Premium,
C05336,27,Female,Pune,05-01-2025,Budget,
C05337,26,Male,Pune,07-07-2023,Budget,
C05338,49,Female,Guntur,07-10-2023,Regular,
C05339,39,Male,Chennai,16-06-2024,Premium,
C05340,44,Male,Pune,13-07-2024,Budget,
C05341,35,Female,Hyderabad,01-07-2023,Premium,
C05342,33,Male,Delhi,04-11-2025,Budget,
C05343,49,Male,Chennai,01-03-2024,Premium,
C05344,18,Female,Bengaluru,22-02-2024,Premium,
C05345,38,Female,Kolkata,08-03-2023,Regular,
C05346,35,Male,Bengaluru,16-08-2025,Premium,
C05347,54,Female,Vijayawada,15-09-2023,Premium,
C05348,52,Male,Chennai,16-12-2025,Premium,
C05349,38,Male,Hyderabad,15-08-2025,Regular,
C05350,30,Female,Delhi,16-07-2023,Regular,
C05351,29,Male,Mumbai,01-07-2023,Budget,
C05352,27,Male,Kolkata,27-05-2025,Budget,
C05353,30,Male,Kolkata,16-06-2025,Regular,
C05354,53,Female,Pune,17-08-2024,Budget,
C05355,20,Female,Pune,05-02-2023,Premium,
C05356,19,Male,Ahmedabad,30-10-2025,Budget,
C05357,43,Female,Kolkata,06-03-2024,Budget,
C05358,28,Female,Bengaluru,21-10-2025,Budget,
C05359,57,Male,Delhi,11-08-2025,Budget,
C05360,53,Other,Kolkata,21-07-2025,Budget,
C05361,54,Male,Chennai,24-01-2025,Regular,
C05362,39,Male,Guntur,07-01-2025,Budget,
C05363,38,Male,Delhi,06-08-2024,Regular,
C05364,38,Male,Mumbai,28-01-2023,Regular,
C05365,27,Female,Mumbai,29-02-2024,Regular,
C05366,44,Female,Kolkata,10-03-2025,Regular,
C05367,58,Female,Ahmedabad,08-06-2025,Budget,
C05368,30,Male,Chennai,04-09-2024,Budget,
C05369,20,Male,Bengaluru,15-02-2025,Regular,
C05370,44,Male,Hyderabad,24-01-2023,Regular,
C05371,36,Male,Delhi,27-05-2024,Budget,
C05372,55,Female,Vijayawada,09-07-2024,Regular,
C05373,58,Female,Vijayawada,04-09-2025,Budget,
C05374,62,Female,Pune,07-12-2023,Budget,
C05375,36,Female,Pune,09-09-2023,Budget,
C05376,60,Male,Pune,21-01-2024,Regular,
C05377,23,Male,Chennai,06-07-2023,Regular,
C05378,35,Male,Delhi,03-09-2024,Regular,
C05379,30,Female,Vijayawada,04-12-2024,Budget,
C05380,61,Male,Kolkata,27-05-2025,Budget,
C05381,46,Male,Chennai,30-11-2025,Budget,
C05382,35,Female,Hyderabad,22-03-2023,Regular,
C05383,25,Male,Ahmedabad,28-09-2023,Regular,
C05384,54,Female,Vijayawada,26-11-2023,Regular,
C05385,48,Male,Bengaluru,01-10-2023,Budget,
C05386,58,Female,Mumbai,24-06-2025,Budget,
C05387,38,Male,Guntur,02-06-2023,Budget,
C05388,25,Female,Chennai,02-02-2023,Premium,
C05389,33,Female,Bengaluru,31-07-2025,Regular,
C05390,47,Male,Mumbai,18-11-2025,Regular,
C05391,29,Female,Mumbai,05-09-2023,Regular,
C05392,21,Female,Delhi,31-12-2023,Regular,
C05393,56,Female,Vijayawada,04-07-2024,Regular,
C05394,42,Female,Vijayawada,29-07-2024,Regular,
C05395,36,Female,Pune,21-12-2025,Regular,
C05396,43,Male,Hyderabad,18-03-2024,Budget,
C05397,52,Male,Chennai,14-01-2023,Regular,
C05398,18,Male,Bengaluru,07-04-2024,Premium,
C05399,38,Female,Hyderabad,01-09-2024,Budget,
C05400,29,Female,Mumbai,19-07-2024,Regular,
C05401,22,Female,Hyderabad,14-07-2024,Premium,
C05402,19,Male,Pune,07-10-2025,Regular,
C05403,38,Female,Chennai,03-06-2025,Regular,
C05404,43,Female,Ahmedabad,03-10-2023,Budget,
C05405,41,Male,Pune,25-01-2024,Regular,
C05406,54,Female,Vijayawada,01-01-2025,Premium,
C05407,39,Male,Delhi,25-03-2024,Premium,
C05408,45,Female,Bengaluru,14-04-2024,Budget,
C05409,56,Male,Vijayawada,03-07-2023,Premium,
C05410,48,Female,Mumbai,06-10-2023,Regular,
C05411,60,Male,Ahmedabad,22-03-2025,Regular,
C05412,28,Male,Ahmedabad,12-07-2025,Budget,
C05413,54,Female,Vijayawada,09-05-2025,Budget,
C05414,50,Female,Kolkata,04-12-2023,Regular,
C05415,45,Male,Pune,30-05-2023,Regular,
C05416,18,Male,Mumbai,24-06-2023,Premium,
C05417,43,Female,Delhi,06-03-2024,Budget,
C05418,58,Female,Ahmedabad,20-07-2024,Premium,
C05419,48,Male,Pune,04-09-2025,Regular,
C05420,18,Male,Hyderabad,11-09-2025,Budget,
C05421,31,Male,Mumbai,03-01-2023,Budget,
C05422,44,Female,Vijayawada,13-02-2025,Regular,
C05423,56,Female,Chennai,24-11-2023,Regular,
C05424,38,Female,Delhi,05-08-2023,Budget,
C05425,58,Male,Guntur,30-08-2024,Regular,
C05426,55,Female,Chennai,07-02-2023,Regular,
C05427,30,Male,Kolkata,01-01-2024,Regular,
C05428,27,Female,Ahmedabad,27-08-2024,Regular,
C05429,60,Male,Mumbai,25-10-2023,Regular,
C05430,45,Male,Guntur,11-10-2024,Budget,
C05431,57,Male,Delhi,18-05-2024,Budget,
C05432,61,Male,Chennai,25-05-2025,Budget,
C05433,37,Male,Chennai,18-07-2023,Premium,
C05434,20,Female,Chennai,04-03-2023,Regular,
C05435,60,Female,Pune,02-08-2024,Budget,
C05436,45,Female,Chennai,09-10-2023,Regular,
C05437,23,Female,Mumbai,12-02-2025,Regular,
C05438,42,Male,Ahmedabad,13-04-2023,Regular,
C05439,19,Female,Guntur,21-09-2024,Budget,
C05440,31,Male,Kolkata,19-12-2025,Regular,
C05441,34,Male,Pune,12-04-2023,Regular,
C05442,39,Male,Kolkata,27-11-2023,Budget,
C05443,44,Male,Delhi,13-07-2025,Budget,
C05444,57,Female,Chennai,07-08-2024,Budget,
C05445,34,Male,Ahmedabad,11-07-2023,Regular,
C05446,52,Male,Bengaluru,22-08-2023,Budget,
C05447,62,Female,Vijayawada,17-04-2025,Budget,
C05448,53,Male,Delhi,31-07-2025,Regular,
C05449,29,Female,Guntur,30-01-2024,Premium,
C05450,49,Male,Hyderabad,02-06-2024,Regular,
C05451,31,Female,Delhi,07-05-2025,Regular,
C05452,40,Female,Delhi,13-07-2023,Regular,
C05453,47,Male,Mumbai,14-08-2023,Regular,
C05454,31,Female,Pune,28-04-2025,Premium,
C05455,18,Male,Kolkata,24-07-2023,Premium,
C05456,57,Male,Vijayawada,24-04-2025,Regular,
C05457,52,Female,Guntur,28-06-2024,Regular,
C05458,23,Female,Chennai,20-12-2025,Budget,
C05459,35,Male,Vijayawada,06-02-2023,Regular,
C05460,30,Male,Delhi,01-11-2025,Regular,
C05461,63,Male,Delhi,04-09-2023,Regular,
C05462,62,Female,Hyderabad,08-02-2023,Regular,
C05463,50,Female,Kolkata,03-03-2025,Budget,
C05464,38,Male,Guntur,06-08-2024,Regular,
C05465,20,Other,Chennai,05-07-2025,Budget,
C05466,29,Male,Guntur,29-04-2023,Budget,
C05467,22,Female,Hyderabad,30-03-2023,Budget,
C05468,55,Female,Vijayawada,13-09-2024,Budget,
C05469,22,Female,Chennai,23-08-2025,Budget,
C05470,49,Male,Delhi,20-03-2024,Regular,
C05471,62,Male,Hyderabad,23-05-2025,Regular,
C05472,32,Male,Guntur,19-09-2025,Regular,
C05473,50,Female,Pune,10-08-2025,Regular,
C05474,59,Other,Vijayawada,10-07-2024,Premium,
C05475,38,Male,Mumbai,03-02-2025,Premium,
C05476,39,Male,Hyderabad,29-07-2024,Regular,
C05477,27,Male,Kolkata,08-01-2025,Regular,
C05478,38,Female,Bengaluru,12-09-2024,Regular,
C05479,59,Female,Kolkata,28-07-2024,Regular,
C05480,49,Male,Hyderabad,23-04-2024,Budget,
C05481,27,Female,Bengaluru,15-12-2024,Regular,
C05482,42,Male,Kolkata,02-04-2025,Budget,
C05483,51,Female,Kolkata,03-10-2025,Regular,
C05484,21,Male,Bengaluru,02-11-2024,Regular,
C05485,53,Male,Bengaluru,21-04-2023,Premium,
C05486,27,Female,Guntur,05-10-2024,Budget,
C05487,31,Female,Hyderabad,12-12-2023,Regular,
C05488,37,Male,Chennai,30-01-2023,Regular,
C05489,41,Female,Vijayawada,21-03-2023,Premium,
C05490,61,Female,Pune,09-10-2024,Premium,
C05491,28,Male,Hyderabad,31-10-2025,Budget,
C05492,30,Female,Guntur,07-07-2024,Premium,
C05493,35,Female,Mumbai,02-05-2024,Premium,
C05494,58,Male,Ahmedabad,08-04-2023,Premium,
C05495,63,Female,Kolkata,09-01-2025,Regular,
C05496,39,Female,Mumbai,02-03-2023,Regular,
C05497,50,Male,Mumbai,10-07-2025,Budget,
C05498,61,Female,Pune,12-06-2025,Budget,
C05499,57,Male,Mumbai,21-12-2025,Budget,
C05500,50,Female,Bengaluru,08-11-2023,Regular,
C05501,43,Female,Ahmedabad,27-06-2023,Premium,
C05502,64,Male,Kolkata,24-11-2023,Regular,
C05503,29,Female,Kolkata,25-05-2025,Regular,
C05504,35,Male,Ahmedabad,28-08-2023,Regular,
C05505,51,Female,Pune,29-08-2025,Regular,
C05506,18,Female,Vijayawada,18-06-2023,Regular,
C05507,41,Male,Guntur,23-02-2023,Regular,
C05508,58,Female,Vijayawada,29-08-2023,Regular,
C05509,26,Male,Bengaluru,05-04-2025,Regular,
C05510,55,Female,Bengaluru,21-10-2024,Regular,
C05511,37,Female,Delhi,24-01-2024,Regular,
C05512,58,Female,Kolkata,19-12-2024,Regular,
C05513,47,Male,Chennai,11-12-2024,Regular,
C05514,25,Female,Bengaluru,30-08-2024,Premium,
C05515,52,Female,Hyderabad,16-07-2024,Regular,
C05516,20,Female,Pune,22-04-2023,Regular,
C05517,29,Female,Vijayawada,12-10-2023,Regular,
C05518,59,Female,Delhi,31-07-2024,Budget,
C05519,59,Male,Ahmedabad,29-05-2023,Regular,
C05520,20,Male,Hyderabad,05-06-2024,Budget,
C05521,35,Other,Chennai,09-05-2023,Budget,
C05522,22,Male,Kolkata,12-05-2025,Budget,
C05523,30,Female,Delhi,24-04-2023,Regular,
C05524,63,Female,Hyderabad,12-04-2023,Regular,
C05525,27,Female,Chennai,29-11-2024,Regular,
C05526,48,Female,Ahmedabad,30-08-2023,Regular,
C05527,55,Female,Kolkata,20-01-2024,Regular,
C05528,59,Female,Guntur,11-12-2023,Premium,
C05529,34,Female,Mumbai,26-08-2023,Premium,
C05530,50,Male,Vijayawada,14-04-2025,Regular,
C05531,40,Male,Vijayawada,27-01-2025,Budget,
C05532,23,Male,Mumbai,19-09-2023,Premium,
C05533,28,Female,Chennai,22-01-2025,Regular,
C05534,53,Male,Vijayawada,20-02-2025,Budget,
C05535,50,Female,Mumbai,13-08-2024,Budget,
C05536,42,Female,Delhi,25-09-2024,Budget,
C05537,54,Male,Vijayawada,20-10-2025,Regular,
C05538,50,Other,Chennai,11-05-2024,Regular,
C05539,33,Male,Guntur,27-02-2024,Budget,
C05540,31,Female,Bengaluru,13-08-2024,Budget,
C05541,62,Male,Chennai,04-07-2025,Regular,
C05542,63,Male,Mumbai,15-02-2025,Regular,
C05543,19,Male,Delhi,24-03-2023,Regular,
C05544,55,Female,Chennai,17-05-2024,Budget,
C05545,24,Male,Guntur,21-03-2025,Regular,
C05546,58,Female,Kolkata,03-09-2023,Premium,
C05547,45,Female,Kolkata,18-12-2025,Budget,
C05548,50,Male,Ahmedabad,03-06-2025,Regular,
C05549,50,Male,Kolkata,16-07-2025,Regular,
C05550,46,Male,Kolkata,31-03-2023,Budget,
C05551,29,Female,Kolkata,26-09-2024,Premium,
C05552,55,Female,Ahmedabad,31-07-2024,Premium,
C05553,44,Male,Vijayawada,17-11-2024,Regular,
C05554,43,Female,Bengaluru,20-07-2025,Budget,
C05555,32,Female,Pune,22-01-2024,Budget,
C05556,18,Female,Bengaluru,07-08-2024,Regular,
C05557,44,Male,Bengaluru,14-01-2025,Budget,
C05558,34,Male,Vijayawada,04-04-2025,Regular,
C05559,48,Male,Delhi,23-04-2025,Budget,
C05560,35,Female,Ahmedabad,04-01-2024,Regular,
C05561,63,Female,Ahmedabad,29-12-2025,Premium,
C05562,50,Male,Hyderabad,11-01-2023,Budget,
C05563,39,Male,Delhi,23-06-2024,Regular,
C05564,51,Female,Bengaluru,28-10-2024,Regular,
C05565,48,Male,Mumbai,09-03-2023,Budget,
C05566,47,Female,Bengaluru,09-05-2024,Premium,
C05567,45,Male,Kolkata,14-10-2024,Regular,
C05568,61,Male,Bengaluru,27-10-2024,Regular,
C05569,32,Female,Delhi,11-05-2023,Regular,
C05570,38,Male,Mumbai,31-10-2023,Budget,
C05571,29,Female,Vijayawada,26-09-2023,Budget,
C05572,44,Male,Ahmedabad,01-12-2024,Regular,
C05573,64,Male,Mumbai,27-12-2023,Regular,
C05574,46,Female,Chennai,17-09-2024,Premium,
C05575,27,Male,Ahmedabad,11-03-2025,Regular,
C05576,61,Female,Kolkata,23-05-2025,Budget,
C05577,55,Female,Pune,21-07-2023,Budget,
C05578,38,Female,Hyderabad,16-09-2025,Premium,
C05579,24,Male,Hyderabad,01-07-2023,Budget,
C05580,36,Male,Kolkata,24-01-2023,Premium,
C05581,55,Male,Delhi,19-02-2023,Budget,
C05582,45,Female,Guntur,09-08-2023,Budget,
C05583,26,Male,Hyderabad,14-08-2025,Budget,
C05584,25,Male,Bengaluru,16-08-2023,Regular,
C05585,63,Female,Ahmedabad,29-01-2025,Budget,
C05586,39,Male,Vijayawada,03-04-2024,Premium,
C05587,50,Female,Ahmedabad,13-02-2023,Regular,
C05588,34,Male,Hyderabad,01-05-2024,Budget,
C05589,22,Female,Hyderabad,31-01-2023,Regular,
C05590,37,Female,Guntur,05-06-2024,Regular,
C05591,50,Male,Delhi,03-09-2024,Regular,
C05592,33,Female,Delhi,24-07-2024,Regular,
C05593,46,Female,Vijayawada,06-11-2023,Premium,
C05594,38,Male,Chennai,19-04-2025,Regular,
C05595,33,Female,Chennai,15-10-2024,Regular,
C05596,29,Female,Kolkata,06-10-2023,Regular,
C05597,30,Female,Vijayawada,20-04-2024,Regular,
C05598,30,Female,Mumbai,29-04-2023,Regular,
C05599,51,Male,Bengaluru,08-10-2025,Budget,
C05600,33,Male,Hyderabad,04-04-2025,Budget,
C05601,52,Male,Hyderabad,12-11-2023,Premium,
C05602,32,Male,Mumbai,09-01-2025,Premium,
C05603,33,Male,Pune,29-10-2024,Budget,
C05604,61,Male,Delhi,01-03-2023,Premium,
C05605,59,Male,Chennai,19-08-2025,Regular,
C05606,36,Female,Kolkata,12-11-2025,Budget,
C05607,30,Male,Guntur,02-12-2025,Premium,
C05608,51,Female,Chennai,09-12-2025,Premium,
C05609,21,Female,Kolkata,14-10-2025,Regular,
C05610,39,Female,Pune,20-03-2025,Regular,
C05611,46,Male,Kolkata,04-03-2023,Budget,
C05612,49,Female,Hyderabad,24-05-2024,Regular,
C05613,23,Female,Kolkata,26-09-2023,Regular,
C05614,18,Female,Ahmedabad,29-08-2023,Regular,
C05615,31,Male,Kolkata,28-06-2025,Budget,
C05616,23,Male,Guntur,08-06-2025,Regular,
C05617,41,Female,Ahmedabad,25-07-2024,Regular,
C05618,61,Male,Vijayawada,17-03-2025,Regular,
C05619,31,Female,Kolkata,22-05-2023,Budget,
C05620,39,Female,Delhi,01-09-2023,Regular,
C05621,28,Female,Guntur,31-07-2025,Budget,
C05622,20,Other,Kolkata,09-05-2024,Regular,
C05623,51,Female,Pune,21-08-2024,Budget,
C05624,30,Female,Pune,21-05-2024,Premium,
C05625,43,Female,Mumbai,10-08-2023,Regular,
C05626,50,Male,Kolkata,23-06-2025,Regular,
C05627,57,Female,Delhi,10-04-2025,Regular,
C05628,26,Female,Bengaluru,18-01-2025,Budget,
C05629,45,Other,Delhi,22-01-2024,Budget,
C05630,60,Male,Vijayawada,05-12-2024,Budget,
C05631,40,Male,Mumbai,09-11-2025,Regular,
C05632,19,Female,Kolkata,12-12-2024,Premium,
C05633,30,Male,Delhi,25-06-2024,Budget,
C05634,55,Female,Chennai,24-10-2023,Regular,
C05635,55,Female,Mumbai,26-07-2024,Budget,
C05636,32,Male,Vijayawada,12-02-2024,Regular,
C05637,27,Male,Bengaluru,31-10-2024,Regular,
C05638,31,Female,Kolkata,20-02-2023,Regular,
C05639,29,Male,Guntur,11-05-2025,Premium,
C05640,52,Female,Bengaluru,21-02-2024,Regular,
C05641,57,Female,Ahmedabad,19-04-2024,Regular,
C05642,20,Female,Kolkata,18-08-2024,Budget,
C05643,52,Male,Mumbai,24-04-2024,Budget,
C05644,53,Male,Bengaluru,10-04-2025,Premium,
C05645,46,Female,Vijayawada,26-09-2023,Regular,
C05646,58,Male,Bengaluru,10-04-2025,Budget,
C05647,19,Male,Vijayawada,18-08-2023,Budget,
C05648,50,Female,Kolkata,10-02-2024,Budget,
C05649,23,Male,Guntur,05-10-2024,Regular,
C05650,60,Male,Chennai,28-08-2025,Regular,
C05651,41,Other,Hyderabad,12-09-2023,Premium,
C05652,22,Male,Kolkata,05-10-2024,Regular,
C05653,53,Male,Mumbai,12-03-2023,Regular,
C05654,53,Male,Pune,24-03-2023,Budget,
C05655,39,Female,Delhi,20-04-2025,Budget,
C05656,32,Female,Mumbai,26-02-2025,Budget,
C05657,18,Female,Ahmedabad,17-02-2024,Budget,
C05658,60,Other,Pune,13-11-2024,Premium,
C05659,26,Male,Kolkata,21-02-2024,Regular,
C05660,57,Female,Kolkata,31-10-2023,Budget,
C05661,45,Male,Kolkata,17-04-2024,Regular,
C05662,50,Female,Mumbai,08-12-2023,Regular,
C05663,50,Female,Ahmedabad,11-06-2025,Regular,
C05664,58,Male,Chennai,26-03-2024,Budget,
C05665,19,Female,Vijayawada,18-12-2023,Budget,
C05666,64,Female,Guntur,10-08-2024,Budget,
C05667,20,Male,Pune,10-04-2025,Premium,
C05668,64,Female,Bengaluru,27-10-2023,Regular,
C05669,30,Other,Vijayawada,25-10-2025,Regular,
C05670,57,Male,Pune,22-05-2024,Premium,
C05671,21,Male,Guntur,24-12-2024,Budget,
C05672,39,Other,Hyderabad,14-11-2025,Budget,
C05673,43,Male,Mumbai,17-04-2024,Budget,
C05674,62,Male,Chennai,07-08-2023,Regular,
C05675,23,Female,Guntur,29-03-2025,Regular,
C05676,19,Female,Delhi,08-01-2023,Budget,
C05677,48,Male,Bengaluru,16-05-2024,Budget,
C05678,20,Male,Kolkata,09-12-2025,Regular,
C05679,54,Female,Bengaluru,29-03-2024,Regular,
C05680,19,Female,Delhi,19-01-2025,Budget,
C05681,63,Female,Vijayawada,29-07-2024,Regular,
C05682,43,Female,Delhi,24-08-2023,Budget,
C05683,62,Male,Delhi,14-12-2023,Budget,
C05684,23,Female,Hyderabad,27-07-2024,Budget,
C05685,30,Female,Delhi,25-04-2023,Regular,
C05686,39,Female,Vijayawada,30-03-2024,Regular,
C05687,19,Male,Vijayawada,30-03-2024,Regular,
C05688,22,Male,Vijayawada,03-07-2025,Budget,
C05689,33,Female,Mumbai,16-05-2023,Regular,
C05690,52,Female,Hyderabad,11-07-2025,Regular,
C05691,51,Other,Chennai,25-03-2024,Regular,
C05692,22,Male,Chennai,14-12-2024,Regular,
C05693,20,Female,Hyderabad,01-09-2024,Regular,
C05694,48,Male,Ahmedabad,25-11-2023,Budget,
C05695,34,Female,Pune,16-10-2025,Budget,
C05696,55,Female,Ahmedabad,03-09-2023,Budget,
C05697,32,Female,Bengaluru,09-02-2023,Regular,
C05698,35,Male,Kolkata,01-04-2025,Regular,
C05699,28,Other,Hyderabad,11-11-2024,Regular,
C05700,30,Male,Ahmedabad,02-09-2025,Budget,
C05701,51,Female,Guntur,16-05-2024,Budget,
C05702,40,Female,Chennai,19-01-2023,Budget,
C05703,48,Female,Mumbai,23-01-2023,Budget,
C05704,21,Female,Delhi,19-04-2024,Regular,
C05705,43,Female,Pune,01-10-2023,Budget,
C05706,39,Male,Pune,06-10-2025,Budget,
C05707,60,Male,Bengaluru,10-05-2023,Regular,
C05708,37,Female,Mumbai,22-08-2025,Budget,
C05709,22,Female,Pune,26-08-2023,Premium,
C05710,50,Female,Kolkata,11-05-2023,Premium,
C05711,25,Male,Kolkata,28-10-2023,Regular,
C05712,60,Male,Kolkata,07-06-2023,Budget,
C05713,36,Female,Delhi,15-03-2024,Regular,
C05714,54,Female,Pune,28-12-2023,Regular,
C05715,48,Female,Mumbai,02-08-2024,Regular,
C05716,39,Male,Chennai,11-08-2024,Budget,
C05717,45,Male,Mumbai,02-01-2023,Budget,
C05718,26,Male,Delhi,17-05-2023,Budget,
C05719,21,Male,Bengaluru,27-06-2023,Regular,
C05720,54,Female,Chennai,02-08-2023,Regular,
C05721,63,Male,Bengaluru,13-04-2023,Premium,
C05722,58,Male,Delhi,11-12-2023,Budget,
C05723,32,Other,Delhi,24-08-2024,Regular,
C05724,34,Male,Bengaluru,05-12-2023,Budget,
C05725,34,Female,Bengaluru,27-12-2023,Budget,
C05726,51,Male,Pune,29-05-2024,Regular,
C05727,47,Male,Chennai,29-12-2023,Budget,
C05728,55,Male,Guntur,31-08-2023,Premium,
C05729,62,Female,Bengaluru,24-03-2024,Premium,
C05730,36,Male,Delhi,27-01-2023,Budget,
C05731,49,Female,Guntur,23-06-2024,Budget,
C05732,41,Female,Bengaluru,27-10-2025,Budget,
C05733,62,Male,Delhi,11-03-2024,Premium,
C05734,34,Female,Delhi,29-04-2023,Budget,
C05735,26,Male,Pune,13-02-2025,Regular,
C05736,35,Male,Guntur,19-05-2023,Budget,
C05737,47,Female,Pune,01-08-2023,Regular,
C05738,62,Male,Mumbai,10-06-2023,Budget,
C05739,56,Other,Mumbai,25-08-2025,Regular,
C05740,18,Female,Kolkata,10-12-2025,Regular,
C05741,41,Male,Chennai,15-09-2024,Budget,
C05742,25,Male,Kolkata,07-11-2024,Budget,
C05743,35,Female,Mumbai,07-12-2024,Regular,
C05744,62,Female,Hyderabad,30-10-2024,Regular,
C05745,64,Male,Pune,18-08-2024,Regular,
C05746,25,Female,Chennai,16-12-2025,Regular,
C05747,24,Male,Mumbai,13-03-2025,Premium,
C05748,50,Other,Mumbai,07-04-2023,Budget,
C05749,37,Male,Bengaluru,05-03-2024,Premium,
C05750,38,Female,Chennai,03-12-2025,Premium,
C05751,59,Female,Vijayawada,18-03-2024,Regular,
C05752,61,Female,Mumbai,12-08-2023,Premium,
C05753,60,Female,Ahmedabad,08-08-2025,Regular,
C05754,54,Female,Delhi,13-11-2024,Regular,
C05755,64,Male,Hyderabad,08-09-2024,Budget,
C05756,51,Male,Guntur,04-04-2024,Budget,
C05757,59,Female,Vijayawada,17-05-2023,Regular,
C05758,43,Male,Chennai,25-02-2024,Premium,
C05759,20,Female,Bengaluru,24-04-2024,Premium,
C05760,56,Male,Vijayawada,16-10-2025,Regular,
C05761,61,Female,Hyderabad,03-12-2023,Premium,
C05762,32,Female,Guntur,13-06-2023,Regular,
C05763,38,Female,Bengaluru,13-04-2024,Regular,
C05764,44,Male,Guntur,27-12-2025,Budget,
C05765,48,Other,Vijayawada,12-06-2024,Regular,
C05766,49,Female,Chennai,20-02-2024,Regular,
C05767,36,Female,Chennai,31-12-2024,Regular,
C05768,58,Female,Bengaluru,11-12-2024,Regular,
C05769,56,Male,Ahmedabad,24-11-2023,Regular,
C05770,62,Male,Mumbai,25-11-2025,Premium,
C05771,45,Male,Kolkata,11-10-2024,Regular,
C05772,21,Female,Kolkata,05-03-2023,Regular,
C05773,57,Female,Pune,22-03-2024,Regular,
C05774,21,Male,Chennai,07-10-2025,Regular,
C05775,27,Other,Mumbai,06-03-2024,Regular,
C05776,31,Male,Pune,13-09-2024,Premium,
C05777,26,Female,Hyderabad,01-11-2024,Regular,
C05778,52,Female,Delhi,10-02-2025,Regular,
C05779,38,Male,Ahmedabad,13-08-2025,Budget,
C05780,28,Male,Delhi,13-06-2023,Regular,
C05781,18,Female,Mumbai,19-07-2024,Premium,
C05782,28,Female,Guntur,07-08-2024,Premium,
C05783,50,Male,Pune,16-06-2023,Premium,
C05784,55,Female,Ahmedabad,07-01-2025,Regular,
C05785,31,Female,Hyderabad,10-05-2023,Regular,
C05786,21,Male,Vijayawada,14-05-2024,Budget,
C05787,44,Female,Ahmedabad,28-12-2023,Regular,
C05788,54,Male,Guntur,19-06-2023,Budget,
C05789,21,Female,Kolkata,19-06-2025,Premium,
C05790,55,Female,Pune,25-09-2023,Budget,
C05791,26,Male,Pune,07-10-2023,Premium,
C05792,30,Female,Kolkata,24-07-2025,Regular,
C05793,47,Male,Delhi,18-08-2025,Budget,
C05794,20,Female,Ahmedabad,07-02-2023,Regular,
C05795,32,Female,Mumbai,01-11-2023,Regular,
C05796,24,Male,Ahmedabad,15-02-2025,Regular,
C05797,28,Female,Mumbai,02-05-2025,Regular,
C05798,54,Male,Delhi,30-12-2025,Regular,
C05799,28,Female,Hyderabad,30-08-2024,Budget,
C05800,20,Female,Vijayawada,09-01-2023,Premium,
C05801,28,Female,Kolkata,14-08-2025,Premium,
C05802,22,Female,Chennai,26-06-2023,Regular,
C05803,47,Female,Hyderabad,13-05-2023,Budget,
C05804,63,Male,Guntur,08-01-2025,Regular,
C05805,25,Male,Hyderabad,23-10-2024,Budget,
C05806,52,Female,Delhi,07-03-2023,Premium,
C05807,35,Male,Hyderabad,05-07-2023,Budget,
C05808,21,Male,Kolkata,07-10-2024,Budget,
C05809,50,Male,Chennai,07-10-2023,Budget,
C05810,27,Other,Delhi,18-01-2025,Regular,
C05811,42,Female,Pune,26-03-2024,Regular,
C05812,41,Male,Mumbai,06-10-2024,Regular,
C05813,46,Male,Kolkata,04-06-2024,Regular,
C05814,24,Female,Pune,04-02-2024,Premium,
C05815,29,Male,Delhi,10-01-2024,Regular,
C05816,52,Other,Mumbai,02-02-2025,Budget,
C05817,61,Female,Delhi,17-07-2024,Regular,
C05818,18,Female,Mumbai,12-10-2024,Regular,
C05819,37,Male,Pune,24-09-2024,Regular,
C05820,59,Female,Ahmedabad,16-08-2023,Regular,
C05821,31,Other,Pune,26-09-2025,Regular,
C05822,39,Male,Hyderabad,08-09-2024,Budget,
C05823,60,Female,Guntur,25-02-2025,Regular,
C05824,63,Male,Ahmedabad,23-08-2025,Regular,
C05825,48,Other,Guntur,09-10-2025,Regular,
C05826,50,Female,Hyderabad,31-12-2024,Budget,
C05827,46,Male,Guntur,11-05-2025,Budget,
C05828,31,Male,Delhi,31-05-2024,Budget,
C05829,59,Male,Guntur,18-03-2025,Regular,
C05830,19,Male,Ahmedabad,19-12-2023,Budget,
C05831,20,Female,Guntur,18-02-2025,Regular,
C05832,46,Male,Bengaluru,05-04-2023,Budget,
C05833,57,Female,Pune,28-09-2025,Regular,
C05834,56,Male,Ahmedabad,25-09-2023,Regular,
C05835,49,Female,Pune,19-12-2024,Regular,
C05836,35,Other,Guntur,13-01-2023,Regular,
C05837,34,Female,Ahmedabad,20-06-2023,Regular,
C05838,38,Female,Hyderabad,16-12-2025,Regular,
C05839,30,Other,Bengaluru,01-07-2025,Regular,
C05840,37,Female,Kolkata,01-09-2023,Regular,
C05841,22,Female,Mumbai,24-05-2023,Budget,
C05842,33,Male,Mumbai,11-06-2025,Regular,
C05843,62,Male,Vijayawada,20-12-2025,Premium,
C05844,51,Male,Hyderabad,04-07-2023,Budget,
C05845,24,Female,Pune,28-12-2024,Budget,
C05846,31,Female,Mumbai,07-11-2023,Regular,
C05847,30,Female,Hyderabad,26-03-2025,Regular,
C05848,31,Female,Mumbai,03-04-2024,Premium,
C05849,50,Male,Delhi,18-05-2023,Budget,
C05850,60,Female,Delhi,22-12-2023,Premium,
C05851,51,Male,Bengaluru,12-08-2024,Regular,
C05852,40,Male,Ahmedabad,24-05-2025,Regular,
C05853,25,Female,Mumbai,24-01-2023,Regular,
C05854,24,Male,Pune,14-11-2025,Budget,
C05855,56,Female,Pune,12-12-2024,Budget,
C05856,49,Female,Pune,16-08-2025,Regular,
C05857,41,Female,Pune,15-10-2025,Budget,
C05858,45,Male,Mumbai,18-06-2023,Budget,
C05859,57,Male,Delhi,13-04-2023,Budget,
C05860,56,Male,Pune,30-04-2025,Premium,
C05861,22,Female,Hyderabad,25-07-2023,Budget,
C05862,36,Male,Ahmedabad,12-06-2023,Regular,
C05863,20,Male,Delhi,28-05-2024,Regular,
C05864,36,Female,Chennai,27-09-2025,Premium,
C05865,47,Female,Hyderabad,21-05-2025,Regular,
C05866,27,Female,Mumbai,21-07-2024,Regular,
C05867,25,Male,Delhi,04-08-2023,Budget,
C05868,41,Female,Guntur,04-01-2024,Budget,
C05869,42,Male,Kolkata,23-01-2025,Budget,
C05870,51,Male,Delhi,21-06-2023,Regular,
C05871,18,Male,Bengaluru,28-07-2024,Regular,
C05872,29,Female,Chennai,13-01-2023,Regular,
C05873,54,Female,Vijayawada,22-12-2023,Regular,
C05874,50,Male,Bengaluru,29-09-2023,Regular,
C05875,60,Female,Kolkata,15-01-2025,Budget,
C05876,56,Female,Pune,27-09-2025,Premium,
C05877,57,Male,Chennai,10-06-2023,Regular,
C05878,42,Female,Guntur,23-05-2025,Budget,
C05879,63,Male,Mumbai,19-12-2024,Regular,
C05880,37,Male,Kolkata,27-11-2025,Premium,
C05881,60,Female,Hyderabad,25-09-2025,Premium,
C05882,36,Male,Vijayawada,21-04-2023,Regular,
C05883,38,Female,Hyderabad,24-03-2025,Budget,
C05884,50,Male,Mumbai,10-10-2024,Premium,
C05885,36,Female,Vijayawada,04-05-2023,Regular,
C05886,24,Female,Kolkata,09-10-2023,Regular,
C05887,60,Female,Kolkata,12-10-2025,Budget,
C05888,39,Female,Mumbai,17-08-2024,Regular,
C05889,61,Female,Ahmedabad,06-01-2024,Regular,
C05890,36,Male,Vijayawada,17-12-2023,Regular,
C05891,63,Male,Kolkata,06-07-2025,Regular,
C05892,46,Female,,07-11-2023,Regular,
C05893,54,Female,Vijayawada,23-06-2023,Regular,
C05894,53,Male,Hyderabad,20-09-2024,Regular,
C05895,27,Female,Guntur,22-12-2025,Regular,
C05896,56,Male,Hyderabad,20-07-2023,Premium,
C05897,62,Male,Hyderabad,07-10-2023,Regular,
C05898,49,Female,Hyderabad,28-05-2024,Budget,
C05899,62,Female,Bengaluru,07-08-2023,Budget,
C05900,57,Female,Ahmedabad,13-12-2024,Regular,
C05901,49,Male,Mumbai,05-10-2023,Budget,
C05902,40,Male,Hyderabad,21-05-2023,Regular,
C05903,58,Female,Mumbai,14-10-2023,Regular,
C05904,26,Male,Vijayawada,16-10-2025,Regular,
C05905,44,Female,,20-10-2025,Budget,
C05906,56,Male,Ahmedabad,07-07-2024,Regular,
C05907,62,Male,Chennai,14-03-2024,Budget,
C05908,30,Male,Pune,16-06-2025,Regular,
C05909,22,Male,Ahmedabad,01-08-2023,Budget,
C05910,33,Male,Kolkata,17-12-2024,Premium,
C05911,58,Female,Hyderabad,14-01-2025,Regular,
C05912,42,Female,Kolkata,16-02-2025,Regular,
C05913,20,Male,Ahmedabad,27-08-2023,Premium,
C05914,23,Female,Bengaluru,23-02-2025,Premium,
C05915,33,Male,Mumbai,01-11-2024,Premium,
C05916,34,Male,Kolkata,16-08-2025,Budget,
C05917,24,Female,Hyderabad,10-07-2023,Budget,
C05918,41,Female,Ahmedabad,02-11-2024,Regular,
C05919,40,Female,Guntur,27-06-2025,Regular,
C05920,27,Male,Pune,01-11-2023,Regular,
C05921,28,Male,Delhi,25-03-2025,Regular,
C05922,49,Female,Hyderabad,19-04-2023,Budget,
C05923,62,Female,Ahmedabad,25-02-2025,Budget,
C05924,64,Female,Vijayawada,25-10-2024,Regular,
C05925,44,Other,Guntur,30-07-2023,Regular,
C05926,19,Male,Pune,14-03-2023,Regular,
C05927,60,Female,Hyderabad,27-03-2025,Regular,
C05928,62,Female,Chennai,22-09-2023,Budget,
C05929,31,Male,Chennai,28-06-2024,Budget,
C05930,36,Male,Hyderabad,08-03-2023,Regular,
C05931,19,Female,Bengaluru,21-11-2025,Regular,
C05932,55,Male,Pune,24-08-2024,Regular,
C05933,54,Female,Hyderabad,17-10-2025,Regular,
C05934,18,Female,Hyderabad,25-06-2023,Premium,
C05935,51,Male,Vijayawada,14-08-2023,Regular,
C05936,37,Female,Kolkata,30-10-2024,Budget,
C05937,43,Female,Guntur,15-05-2025,Regular,
C05938,28,Male,Chennai,13-10-2025,Budget,
C05939,56,Female,Mumbai,18-06-2025,Budget,
C05940,37,Male,Kolkata,03-06-2023,Regular,
C05941,57,Other,Kolkata,05-12-2023,Regular,
C05942,24,Male,Mumbai,27-09-2025,Budget,
C05943,45,Male,Vijayawada,24-08-2024,Regular,
C05944,32,Female,Ahmedabad,07-08-2025,Regular,
C05945,63,Male,Chennai,08-09-2024,Budget,
C05946,44,Male,Hyderabad,01-06-2024,Regular,
C05947,51,Male,Hyderabad,22-06-2025,Budget,
C05948,22,Female,Guntur,18-12-2024,Regular,
C05949,49,Female,Guntur,26-05-2023,Regular,
C05950,22,Male,Delhi,19-08-2023,Regular,
C05951,34,Male,Ahmedabad,24-07-2025,Regular,
C05952,28,Male,Guntur,08-12-2025,Regular,
C05953,18,Other,Bengaluru,04-04-2025,Budget,
C05954,45,Male,Vijayawada,18-04-2023,Regular,
C05955,29,Female,Delhi,09-11-2024,Budget,
C05956,42,Female,Delhi,26-06-2025,Budget,
C05957,53,Female,Bengaluru,02-12-2024,Regular,
C05958,26,Female,Kolkata,12-10-2024,Budget,
C05959,51,Male,Kolkata,26-05-2024,Regular,
C05960,31,Female,Hyderabad,26-09-2023,Regular,
C05961,33,Male,Kolkata,04-11-2023,Regular,
C05962,45,Female,Bengaluru,27-03-2025,Premium,
C05963,47,Male,Chennai,18-03-2023,Regular,
C05964,48,Male,Kolkata,03-04-2023,Premium,
C05965,27,Male,Ahmedabad,10-03-2024,Regular,
C05966,45,Male,Bengaluru,27-04-2025,Regular,
C05967,30,Female,Delhi,20-12-2024,Regular,
C05968,31,Female,Chennai,08-10-2024,Regular,
C05969,62,Male,Ahmedabad,07-08-2024,Regular,
C05970,22,Female,Guntur,02-05-2023,Premium,
C05971,37,Female,Kolkata,30-12-2023,Regular,
C05972,38,Male,Ahmedabad,29-03-2023,Premium,
C05973,29,Male,Delhi,10-04-2025,Regular,
C05974,54,Female,Pune,02-04-2025,Budget,
C05975,40,Male,Chennai,10-10-2023,Budget,
C05976,51,Female,Vijayawada,17-11-2023,Regular,
C05977,36,Male,Chennai,14-12-2023,Budget,
C05978,60,Male,Vijayawada,31-08-2025,Budget,
C05979,52,Female,Ahmedabad,18-06-2024,Regular,
C05980,33,Female,Vijayawada,14-04-2025,Regular,
C05981,63,Other,Kolkata,06-05-2024,Budget,
C05982,58,Male,Mumbai,03-02-2025,Regular,
C05983,45,Female,Chennai,01-08-2024,Regular,
C05984,18,Female,Bengaluru,02-11-2023,Regular,
C05985,45,Female,Vijayawada,17-08-2025,Regular,
C05986,50,Other,Bengaluru,15-02-2025,Budget,
C05987,35,Other,Guntur,22-04-2025,Premium,
C05988,24,Female,Kolkata,04-11-2025,Premium,
C05989,44,Other,Bengaluru,30-09-2023,Regular,
C05990,55,Female,Vijayawada,11-04-2023,Budget,
C05991,33,Female,Bengaluru,29-09-2024,Regular,
C05992,39,Female,Bengaluru,24-12-2023,Premium,
C05993,18,Female,Pune,22-04-2024,Regular,
C05994,51,Male,Bengaluru,14-09-2023,Premium,
C05995,58,Male,Bengaluru,12-03-2024,Premium,
C05996,54,Male,Kolkata,06-03-2024,Regular,
C05997,38,Female,Vijayawada,19-01-2024,Budget,
C05998,20,Male,Hyderabad,23-03-2025,Budget,
C05999,41,Male,Kolkata,10-10-2024,Budget,
C06000,62,Female,Kolkata,03-06-2024,Budget,
C06001,21,Male,Hyderabad,04-05-2023,Budget,
C06002,28,Other,Bengaluru,16-09-2024,Regular,
C06003,57,Female,Delhi,11-07-2023,Regular,
C06004,44,Male,Kolkata,10-12-2023,Budget,
C06005,26,Male,Chennai,30-03-2024,Regular,
C06006,19,Female,Delhi,04-06-2023,Premium,
C06007,37,Female,Delhi,02-03-2024,Budget,
C06008,45,Male,Ahmedabad,20-10-2023,Budget,
C06009,57,Male,Chennai,19-07-2025,Regular,
C06010,59,Female,Kolkata,30-07-2025,Premium,
C06011,39,Female,Guntur,06-01-2023,Regular,
C06012,37,Female,Pune,21-10-2024,Budget,
C06013,61,Male,Ahmedabad,02-12-2024,Regular,
C06014,54,Other,Bengaluru,18-02-2024,Regular,
C06015,27,Female,Vijayawada,28-05-2024,Budget,
C06016,50,Male,Mumbai,14-05-2025,Regular,
C06017,51,Other,Bengaluru,18-02-2024,Regular,
C06018,28,Female,Pune,12-03-2023,Budget,
C06019,63,Female,Mumbai,12-02-2024,Premium,
C06020,31,Female,Delhi,06-10-2023,Budget,
C06021,43,Male,Guntur,24-02-2024,Regular,
C06022,41,Female,Pune,09-09-2023,Regular,
C06023,50,Male,Mumbai,14-06-2023,Budget,
C06024,60,Female,Guntur,14-12-2025,Regular,
C06025,36,Male,Mumbai,22-05-2023,Budget,
C06026,36,Male,Vijayawada,12-02-2025,Budget,
C06027,53,Female,Vijayawada,24-02-2025,Budget,
C06028,62,Male,Delhi,07-11-2024,Premium,
C06029,60,Female,Ahmedabad,25-09-2025,Premium,
C06030,53,Male,Ahmedabad,06-01-2023,Budget,
C06031,51,Male,Guntur,27-11-2023,Regular,
C06032,54,Male,Delhi,21-07-2023,Premium,
C06033,61,Male,Delhi,23-09-2024,Regular,
C06034,18,Male,Chennai,26-11-2024,Budget,
C06035,45,Male,Pune,10-09-2025,Regular,
C06036,19,Female,Kolkata,20-02-2024,Regular,
C06037,45,Female,Delhi,16-09-2023,Budget,
C06038,36,Male,Mumbai,09-10-2025,Regular,
C06039,32,Male,Delhi,06-01-2025,Regular,
C06040,59,Male,Pune,17-04-2025,Regular,
C06041,51,Male,Bengaluru,02-05-2024,Regular,
C06042,44,Male,Kolkata,04-05-2024,Regular,
C06043,59,Female,Guntur,02-03-2024,Regular,
C06044,22,Female,Mumbai,31-03-2025,Regular,
C06045,48,Female,Mumbai,19-08-2023,Budget,
C06046,25,Female,Hyderabad,04-12-2025,Regular,
C06047,28,Female,Pune,12-07-2023,Regular,
C06048,26,Male,Delhi,19-05-2024,Regular,
C06049,43,Male,Guntur,11-12-2023,Regular,
C06050,47,Female,Vijayawada,04-12-2024,Regular,
C06051,53,Male,Ahmedabad,15-01-2025,Regular,
C06052,38,Male,Chennai,02-10-2025,Regular,
C06053,62,Other,Bengaluru,14-05-2025,Regular,
C06054,35,Male,Delhi,30-09-2023,Regular,
C06055,25,Male,Kolkata,15-08-2023,Regular,
C06056,19,Female,Hyderabad,28-08-2025,Premium,
C06057,23,Male,Delhi,18-06-2024,Regular,
C06058,38,Male,Hyderabad,17-04-2023,Budget,
C06059,37,Male,Chennai,22-06-2025,Regular,
C06060,58,Male,Mumbai,11-12-2024,Budget,
C06061,23,Other,Hyderabad,29-01-2023,Regular,
C06062,30,Female,Chennai,07-05-2025,Premium,
C06063,64,Male,Kolkata,27-10-2024,Budget,
C06064,19,Male,Vijayawada,03-11-2024,Budget,
C06065,37,Male,Ahmedabad,05-08-2025,Budget,
C06066,27,Female,Mumbai,26-06-2024,Premium,
C06067,43,Male,Vijayawada,20-05-2024,Regular,
C06068,63,Male,Delhi,06-11-2024,Regular,
C06069,28,Female,Mumbai,05-08-2023,Budget,
C06070,35,Female,Guntur,16-06-2023,Budget,
C06071,39,Female,Mumbai,12-07-2025,Budget,
C06072,55,Female,Ahmedabad,25-08-2023,Regular,
C06073,64,Female,Bengaluru,06-07-2024,Budget,
C06074,22,Female,Mumbai,23-10-2023,Premium,
C06075,40,Female,Vijayawada,10-09-2023,Regular,
C06076,53,Male,Chennai,16-10-2024,Premium,
C06077,18,Male,Guntur,28-05-2025,Regular,
C06078,55,Male,,28-04-2024,Regular,
C06079,29,Other,Vijayawada,01-06-2023,Budget,
C06080,42,Female,Delhi,25-09-2023,Regular,
C06081,63,Female,Delhi,30-06-2023,Regular,
C06082,47,Male,Mumbai,24-08-2025,Budget,
C06083,64,Female,Chennai,16-12-2023,Premium,
C06084,46,Male,Guntur,14-02-2024,Budget,
C06085,27,Male,Pune,19-03-2023,Budget,
C06086,50,Female,Pune,03-05-2024,Regular,
C06087,46,Female,Mumbai,27-09-2025,Regular,
C06088,32,Female,Ahmedabad,24-03-2024,Budget,
C06089,21,Male,Mumbai,14-12-2024,Premium,
C06090,48,Male,Chennai,19-07-2023,Budget,
C06091,45,Male,Hyderabad,06-06-2023,Regular,
C06092,54,Male,Guntur,12-03-2025,Budget,
C06093,23,Female,Hyderabad,13-03-2023,Budget,
C06094,43,Male,Guntur,06-05-2024,Regular,
C06095,56,Male,Mumbai,13-12-2023,Regular,
C06096,59,Male,Hyderabad,18-01-2023,Regular,
C06097,62,Female,Vijayawada,04-08-2024,Budget,
C06098,27,Female,Ahmedabad,21-11-2025,Budget,
C06099,26,Male,Ahmedabad,17-03-2023,Premium,
C06100,45,Male,Pune,12-06-2025,Budget,
C06101,39,Female,Ahmedabad,13-08-2024,Regular,
C06102,29,Female,Bengaluru,03-03-2025,Budget,
C06103,22,Male,Chennai,16-04-2023,Budget,
C06104,24,Male,Pune,09-08-2025,Budget,
C06105,33,Other,Ahmedabad,13-01-2023,Budget,
C06106,52,Female,Pune,19-09-2025,Regular,
C06107,21,Male,Delhi,21-12-2024,Regular,
C06108,22,Male,Kolkata,05-01-2024,Regular,
C06109,30,Male,Hyderabad,08-01-2023,Budget,
C06110,59,Male,Pune,30-10-2024,Regular,
C06111,64,Male,Mumbai,06-04-2023,Regular,
C06112,38,Male,Delhi,28-10-2024,Budget,
C06113,20,Male,Bengaluru,26-04-2025,Budget,
C06114,18,Male,Vijayawada,20-10-2023,Budget,
C06115,58,Female,Guntur,19-09-2023,Budget,
C06116,38,Male,Vijayawada,01-09-2023,Regular,
C06117,21,Female,Guntur,04-09-2023,Budget,
C06118,57,Male,Kolkata,05-05-2023,Regular,
C06119,42,Female,Chennai,01-10-2023,Regular,
C06120,34,Female,Bengaluru,22-12-2024,Regular,
C06121,39,Female,Kolkata,28-11-2023,Budget,
C06122,28,Male,Vijayawada,05-05-2025,Regular,
C06123,61,Male,Mumbai,16-06-2025,Regular,
C06124,55,Female,Vijayawada,13-04-2025,Premium,
C06125,27,Male,Bengaluru,13-08-2024,Budget,
C06126,52,Male,Chennai,13-12-2023,Budget,
C06127,26,Male,Kolkata,15-10-2025,Regular,
C06128,39,Female,Delhi,13-08-2023,Budget,
C06129,53,Female,Ahmedabad,23-05-2024,Budget,
C06130,19,Male,Mumbai,11-05-2024,Premium,
C06131,52,Female,Ahmedabad,27-03-2025,Regular,
C06132,28,Female,Mumbai,21-08-2024,Regular,
C06133,50,Male,Bengaluru,25-05-2025,Budget,
C06134,41,Male,Pune,03-10-2025,Budget,
C06135,19,Male,Pune,03-03-2024,Budget,
C06136,53,Female,Pune,15-08-2025,Regular,
C06137,30,Female,Hyderabad,05-07-2023,Regular,
C06138,62,Female,Delhi,30-09-2025,Regular,
C06139,57,Female,Hyderabad,14-07-2023,Premium,
C06140,27,Male,Guntur,20-07-2025,Premium,
C06141,46,Female,Hyderabad,03-03-2024,Budget,
C06142,35,Female,Vijayawada,22-11-2025,Regular,
C06143,46,Female,Hyderabad,22-05-2023,Regular,
C06144,44,Male,Kolkata,24-05-2024,Regular,
C06145,31,Male,Mumbai,14-09-2025,Premium,
C06146,48,Male,Bengaluru,21-02-2023,Regular,
C06147,30,Male,Mumbai,18-10-2023,Regular,
C06148,60,Female,Hyderabad,02-04-2023,Budget,
C06149,62,Female,Kolkata,18-12-2023,Regular,
C06150,25,Female,Guntur,03-03-2024,Regular,
C06151,52,Male,Mumbai,08-11-2024,Regular,
C06152,61,Male,Delhi,10-10-2023,Regular,
C06153,23,Male,Bengaluru,23-06-2023,Regular,
C06154,52,Other,Delhi,06-07-2023,Regular,
C06155,62,Female,Vijayawada,24-10-2025,Premium,
C06156,28,Female,Pune,09-11-2025,Budget,
C06157,45,Female,Guntur,31-08-2023,Regular,
C06158,55,Female,Ahmedabad,02-08-2023,Regular,
C06159,33,Male,Bengaluru,01-03-2023,Regular,
C06160,29,Male,Hyderabad,16-11-2025,Regular,
C06161,36,Male,Mumbai,12-02-2025,Regular,
C06162,33,Male,Vijayawada,13-04-2025,Regular,
C06163,52,Female,Bengaluru,15-11-2023,Budget,
C06164,35,Male,Hyderabad,02-12-2024,Premium,
C06165,35,Female,Vijayawada,07-03-2023,Regular,
C06166,62,Female,Bengaluru,10-01-2025,Budget,
C06167,45,Female,Mumbai,26-09-2024,Budget,
C06168,61,Female,Ahmedabad,29-12-2023,Budget,
C06169,51,Male,Hyderabad,16-02-2025,Budget,
C06170,59,Female,Bengaluru,08-12-2024,Budget,
C06171,27,Male,Ahmedabad,24-07-2023,Budget,
C06172,62,Female,Hyderabad,26-01-2023,Premium,
C06173,62,Female,Ahmedabad,23-10-2025,Regular,
C06174,19,Male,Pune,05-11-2023,Regular,
C06175,34,Male,Chennai,27-11-2023,Regular,
C06176,37,Female,Kolkata,15-01-2025,Regular,
C06177,37,Female,Mumbai,07-10-2023,Premium,
C06178,54,Female,Vijayawada,16-02-2024,Budget,
C06179,50,Male,Delhi,13-10-2024,Regular,
C06180,28,Female,Ahmedabad,19-12-2024,Premium,
C06181,46,Female,Chennai,06-01-2023,Premium,
C06182,63,Male,Guntur,09-05-2024,Regular,
C06183,38,Female,Chennai,04-06-2024,Premium,
C06184,61,Female,Pune,23-11-2024,Regular,
C06185,48,Female,Guntur,15-06-2023,Budget,
C06186,61,Male,Vijayawada,24-06-2023,Budget,
C06187,60,Male,Ahmedabad,14-04-2025,Regular,
C06188,18,Other,Kolkata,07-01-2025,Budget,
C06189,55,Female,Kolkata,07-06-2025,Budget,
C06190,26,Male,Delhi,24-10-2023,Budget,
C06191,56,Female,Kolkata,28-12-2025,Regular,
C06192,55,Male,Pune,26-10-2023,Premium,
C06193,30,Female,Pune,13-12-2024,Premium,
C06194,21,Male,Mumbai,27-06-2023,Regular,
C06195,37,Male,Mumbai,02-10-2025,Premium,
C06196,32,Other,Bengaluru,30-12-2023,Regular,
C06197,44,Male,Ahmedabad,28-05-2025,Regular,
C06198,21,Female,Hyderabad,29-12-2023,Regular,
C06199,20,Female,Bengaluru,15-05-2025,Budget,
C06200,38,Male,Chennai,12-05-2024,Regular,
C06201,54,Female,Bengaluru,10-03-2023,Regular,
C06202,32,Female,Ahmedabad,28-07-2023,Premium,
C06203,33,Female,Bengaluru,18-01-2025,Budget,
C06204,25,Female,Delhi,31-07-2023,Budget,
C06205,31,Male,Ahmedabad,29-10-2023,Regular,
C06206,32,Male,Pune,16-08-2024,Budget,
C06207,30,Male,Pune,05-10-2023,Premium,
C06208,34,Female,Mumbai,22-05-2023,Regular,
C06209,31,Male,Delhi,14-11-2024,Regular,
C06210,49,Male,Ahmedabad,24-01-2025,Regular,
C06211,33,Female,Delhi,13-03-2025,Regular,
C06212,53,Male,Kolkata,30-10-2025,Budget,
C06213,46,Female,Guntur,17-05-2023,Regular,
C06214,48,Male,Chennai,12-04-2024,Budget,
C06215,45,Male,Bengaluru,14-09-2023,Regular,
C06216,61,Male,Delhi,13-09-2025,Regular,
C06217,30,Male,Mumbai,14-08-2024,Budget,
C06218,64,Female,Bengaluru,18-04-2023,Regular,
C06219,27,Male,Ahmedabad,27-01-2025,Regular,
C06220,24,Female,Kolkata,17-02-2023,Regular,
C06221,56,Female,Kolkata,28-10-2023,Regular,
C06222,60,Male,Ahmedabad,28-02-2025,Regular,
C06223,22,Female,Delhi,08-07-2024,Regular,
C06224,46,Female,Pune,13-04-2025,Regular,
C06225,42,Male,Chennai,17-09-2024,Budget,
C06226,28,Female,Ahmedabad,12-07-2025,Regular,
C06227,42,Male,Vijayawada,08-09-2024,Regular,
C06228,50,Female,Guntur,04-03-2023,Regular,
C06229,44,Male,Delhi,20-03-2023,Premium,
C06230,42,Female,Hyderabad,30-04-2025,Budget,
C06231,59,Female,Guntur,12-02-2023,Regular,
C06232,28,Other,Pune,17-02-2024,Regular,
C06233,47,Other,Ahmedabad,18-01-2023,Regular,
C06234,32,Male,Mumbai,29-11-2023,Premium,
C06235,63,Female,Guntur,13-10-2024,Budget,
C06236,29,Male,Guntur,09-07-2023,Regular,
C06237,58,Male,Hyderabad,25-05-2024,Regular,
C06238,47,Male,Pune,26-12-2025,Regular,
C06239,28,Female,Delhi,19-03-2023,Regular,
C06240,53,Female,Kolkata,11-03-2023,Regular,
C06241,29,Male,Chennai,25-10-2023,Budget,
C06242,30,Other,Hyderabad,24-06-2025,Regular,
C06243,34,Female,Chennai,20-03-2024,Regular,
C06244,50,Male,Pune,01-12-2024,Regular,
C06245,36,Male,Chennai,07-02-2023,Budget,
C06246,44,Female,Delhi,15-03-2025,Premium,
C06247,43,Female,Mumbai,15-03-2023,Regular,
C06248,27,Male,Kolkata,18-02-2025,Budget,
C06249,28,Female,Delhi,11-06-2023,Budget,
C06250,32,Male,Bengaluru,28-07-2025,Regular,
C06251,28,Female,Kolkata,21-11-2023,Premium,
C06252,61,Male,Chennai,21-07-2023,Regular,
C06253,35,Male,Mumbai,04-01-2024,Premium,
C06254,37,Male,Ahmedabad,01-01-2023,Regular,
C06255,49,Female,Chennai,30-06-2023,Regular,
C06256,55,Male,Hyderabad,17-10-2024,Regular,
C06257,50,Male,Mumbai,26-11-2023,Budget,
C06258,43,Male,Mumbai,23-01-2024,Budget,
C06259,63,Other,Kolkata,02-06-2025,Regular,
C06260,60,Male,Ahmedabad,16-05-2023,Budget,
C06261,27,Male,Hyderabad,09-03-2024,Budget,
C06262,25,Male,Ahmedabad,23-07-2023,Budget,
C06263,36,Female,Ahmedabad,12-06-2024,Budget,
C06264,57,Male,Bengaluru,30-12-2023,Budget,
C06265,63,Male,Mumbai,20-02-2023,Budget,
C06266,51,Female,Ahmedabad,18-03-2023,Premium,
C06267,50,Female,Pune,22-07-2025,Regular,
C06268,28,Female,Mumbai,04-03-2023,Regular,
C06269,45,Male,Ahmedabad,07-05-2025,Budget,
C06270,26,Female,Kolkata,30-09-2025,Budget,
C06271,43,Female,Pune,25-05-2024,Premium,
C06272,27,Female,Hyderabad,08-12-2023,Regular,
C06273,21,Female,Kolkata,30-04-2025,Regular,
C06274,63,Female,Bengaluru,11-12-2025,Regular,
C06275,59,Other,Vijayawada,12-05-2023,Regular,
C06276,50,Male,Bengaluru,21-11-2025,Regular,
C06277,47,Other,Hyderabad,30-10-2025,Budget,
C06278,29,Female,Mumbai,06-06-2023,Regular,
C06279,44,Female,Mumbai,01-03-2023,Budget,
C06280,53,Male,Mumbai,21-02-2025,Regular,
C06281,43,Male,Vijayawada,27-03-2023,Budget,
C06282,31,Female,Chennai,19-10-2024,Regular,
C06283,36,Female,Guntur,12-03-2023,Regular,
C06284,57,Male,Bengaluru,26-01-2025,Regular,
C06285,29,Female,Kolkata,11-09-2023,Premium,
C06286,63,Male,Bengaluru,16-04-2023,Budget,
C06287,53,Female,Chennai,14-03-2023,Premium,
C06288,59,Female,Bengaluru,26-07-2023,Regular,
C06289,41,Female,Mumbai,15-08-2024,Premium,
C06290,28,Male,Delhi,25-03-2023,Regular,
C06291,19,Male,Guntur,28-05-2025,Regular,
C06292,43,Male,Ahmedabad,23-10-2024,Regular,
C06293,36,Female,Kolkata,16-12-2025,Regular,
C06294,23,Female,Delhi,22-12-2024,Regular,
C06295,61,Female,Chennai,05-01-2025,Regular,
C06296,63,Female,Chennai,10-07-2023,Regular,
C06297,35,Male,Bengaluru,17-02-2025,Regular,
C06298,49,Male,Kolkata,04-09-2024,Budget,
C06299,37,Female,Ahmedabad,14-12-2025,Budget,
C06300,41,Female,Pune,07-06-2024,Regular,
C06301,47,Male,Pune,12-01-2025,Regular,
C06302,37,Female,Mumbai,09-01-2024,Regular,
C06303,55,Female,Vijayawada,13-02-2023,Regular,
C06304,26,Male,Guntur,21-05-2023,Budget,
C06305,49,Male,Delhi,07-08-2025,Budget,
C06306,64,Female,Ahmedabad,19-03-2025,Budget,
C06307,57,Male,Mumbai,04-02-2024,Budget,
C06308,20,Male,Bengaluru,03-02-2025,Regular,
C06309,23,Female,Chennai,05-01-2023,Regular,
C06310,47,Other,Guntur,10-02-2023,Premium,
C06311,61,Male,Delhi,09-07-2024,Budget,
C06312,57,Male,Guntur,15-11-2024,Regular,
C06313,60,Female,Mumbai,23-10-2025,Regular,
C06314,25,Male,Delhi,11-04-2025,Budget,
C06315,42,Female,Hyderabad,09-10-2023,Regular,
C06316,52,Female,Ahmedabad,11-06-2025,Premium,
C06317,47,Male,Mumbai,22-06-2024,Regular,
C06318,54,Female,Hyderabad,23-06-2025,Regular,
C06319,28,Male,Chennai,10-07-2023,Budget,
C06320,39,Female,Kolkata,29-01-2023,Budget,
C06321,39,Female,Guntur,05-03-2023,Budget,
C06322,62,Male,Vijayawada,30-03-2023,Budget,
C06323,27,Male,Chennai,25-10-2025,Regular,
C06324,33,Female,Pune,07-03-2025,Budget,
C06325,19,Male,Delhi,09-06-2023,Regular,
C06326,25,Male,Ahmedabad,04-08-2025,Premium,
C06327,64,Male,Kolkata,07-06-2023,Regular,
C06328,57,Male,Hyderabad,06-06-2023,Budget,
C06329,30,Female,Bengaluru,22-09-2024,Budget,
C06330,50,Male,Pune,12-11-2023,Regular,
C06331,45,Male,Pune,15-11-2023,Budget,
C06332,60,Male,Guntur,02-08-2023,Regular,
C06333,32,Female,Guntur,27-10-2024,Regular,
C06334,64,Female,Hyderabad,30-01-2023,Regular,
C06335,35,Female,Pune,26-09-2023,Budget,
C06336,51,Female,Delhi,29-08-2024,Budget,
C06337,36,Female,Delhi,16-06-2024,Premium,
C06338,49,Male,Hyderabad,05-02-2025,Premium,
C06339,33,Male,Guntur,25-08-2023,Regular,
C06340,57,Male,Bengaluru,10-12-2024,Regular,
C06341,47,Male,Vijayawada,12-04-2025,Regular,
C06342,31,Other,Vijayawada,29-02-2024,Budget,
C06343,63,Male,Guntur,09-10-2023,Premium,
C06344,51,Female,Bengaluru,30-08-2024,Budget,
C06345,38,Male,Delhi,25-09-2024,Regular,
C06346,24,Male,Hyderabad,14-04-2023,Budget,
C06347,63,Male,Kolkata,10-09-2024,Regular,
C06348,53,Male,Guntur,18-06-2023,Regular,
C06349,49,Male,Pune,14-09-2024,Regular,
C06350,57,Female,Hyderabad,17-10-2025,Regular,
C06351,46,Female,Mumbai,11-08-2024,Regular,
C06352,28,Female,Bengaluru,13-04-2025,Regular,
C06353,29,Female,Delhi,06-12-2023,Regular,
C06354,21,Female,Mumbai,07-10-2025,Regular,
C06355,20,Other,Guntur,08-06-2025,Regular,
C06356,52,Male,Chennai,30-09-2025,Regular,
C06357,58,Male,Mumbai,23-03-2025,Budget,
C06358,25,Male,Chennai,12-12-2024,Regular,
C06359,44,Female,Guntur,28-07-2024,Budget,
C06360,23,Female,Chennai,13-10-2025,Regular,
C06361,37,Female,Vijayawada,17-07-2025,Regular,
C06362,55,Female,Kolkata,01-04-2024,Regular,
C06363,56,Male,Mumbai,04-04-2023,Budget,
C06364,62,Female,Pune,04-01-2023,Regular,
C06365,32,Female,Bengaluru,13-09-2023,Budget,
C06366,62,Female,Vijayawada,10-03-2023,Premium,
C06367,54,Male,Vijayawada,20-08-2023,Budget,
C06368,33,Male,Chennai,30-04-2023,Regular,
C06369,33,Male,Bengaluru,10-12-2025,Budget,
C06370,23,Female,Delhi,15-04-2023,Regular,
C06371,61,Male,Ahmedabad,17-11-2024,Budget,
C06372,27,Male,Kolkata,21-01-2024,Regular,
C06373,30,Female,Hyderabad,10-07-2023,Budget,
C06374,37,Female,Hyderabad,06-02-2025,Regular,
C06375,24,Female,Chennai,28-11-2025,Budget,
C06376,55,Female,Ahmedabad,15-05-2025,Regular,
C06377,50,Female,Chennai,03-12-2025,Budget,
C06378,25,Male,Guntur,08-10-2024,Premium,
C06379,25,Female,Chennai,07-01-2025,Regular,
C06380,19,Male,Guntur,10-06-2023,Regular,
C06381,62,Male,Vijayawada,22-07-2025,Budget,
C06382,38,Other,Ahmedabad,29-03-2025,Budget,
C06383,48,Female,Bengaluru,06-10-2023,Regular,
C06384,25,Female,Hyderabad,24-01-2024,Regular,
C06385,28,Female,Bengaluru,30-10-2024,Regular,
C06386,43,Female,Kolkata,15-01-2023,Regular,
C06387,27,Male,Kolkata,14-06-2025,Budget,
C06388,46,Male,Vijayawada,04-11-2023,Premium,
C06389,61,Male,Vijayawada,24-03-2023,Regular,
C06390,32,Male,Mumbai,29-12-2023,Premium,
C06391,46,Male,Mumbai,04-07-2025,Regular,
C06392,61,Female,Ahmedabad,28-10-2023,Budget,
C06393,60,Male,Ahmedabad,13-08-2024,Regular,
C06394,18,Female,Mumbai,07-06-2025,Premium,
C06395,23,Female,Hyderabad,06-02-2023,Budget,
C06396,64,Male,Hyderabad,12-04-2025,Regular,
C06397,61,Female,Guntur,13-11-2023,Regular,
C06398,33,Male,Mumbai,31-01-2025,Budget,
C06399,42,Female,Ahmedabad,25-07-2023,Budget,
C06400,44,Female,Guntur,02-06-2023,Regular,
C06401,49,Male,Guntur,13-05-2025,Premium,
C06402,53,Male,Delhi,03-06-2025,Regular,
C06403,35,Female,Kolkata,10-12-2025,Premium,
C06404,59,Male,Bengaluru,11-01-2025,Budget,
C06405,20,Female,Vijayawada,25-05-2024,Budget,
C06406,19,Male,Guntur,02-08-2023,Budget,
C06407,63,Female,Mumbai,20-11-2023,Regular,
C06408,26,Male,Mumbai,10-12-2024,Regular,
C06409,64,Male,Ahmedabad,14-01-2024,Budget,
C06410,31,Male,Delhi,13-06-2024,Regular,
C06411,35,Male,Ahmedabad,04-07-2023,Regular,
C06412,19,Female,Hyderabad,26-04-2024,Regular,
C06413,62,Female,Chennai,18-09-2023,Regular,
C06414,34,Male,Ahmedabad,03-05-2023,Regular,
C06415,25,Male,Vijayawada,25-05-2023,Premium,
C06416,40,Male,Hyderabad,21-07-2024,Regular,
C06417,25,Female,Ahmedabad,06-02-2024,Premium,
C06418,55,Female,Hyderabad,20-04-2023,Premium,
C06419,21,Female,Guntur,17-07-2024,Premium,
C06420,41,Female,Chennai,29-06-2023,Budget,
C06421,36,Male,Mumbai,17-01-2023,Regular,
C06422,19,Male,Ahmedabad,26-05-2023,Regular,
C06423,20,Female,Guntur,06-05-2024,Budget,
C06424,42,Male,Delhi,10-11-2025,Regular,
C06425,36,Male,Mumbai,22-09-2023,Budget,
C06426,24,Male,Vijayawada,08-11-2023,Regular,
C06427,24,Female,Vijayawada,23-09-2023,Regular,
C06428,55,Female,Pune,24-01-2024,Regular,
C06429,52,Other,Hyderabad,24-02-2025,Premium,
C06430,46,Male,Vijayawada,19-12-2023,Regular,
C06431,57,Male,Kolkata,21-12-2024,Regular,
C06432,21,Male,Pune,10-09-2025,Budget,
C06433,50,Female,Bengaluru,02-11-2025,Premium,
C06434,53,Male,Vijayawada,08-09-2024,Budget,
C06435,27,Female,Ahmedabad,19-02-2025,Regular,
C06436,43,Female,Chennai,03-10-2025,Budget,
C06437,54,Female,Mumbai,11-05-2025,Budget,
C06438,46,Female,Mumbai,25-11-2023,Budget,
C06439,29,Male,Guntur,25-05-2023,Regular,
C06440,49,Female,Delhi,06-05-2023,Premium,
C06441,53,Male,Guntur,23-08-2025,Regular,
C06442,18,Female,Kolkata,01-09-2024,Regular,
C06443,44,Female,Mumbai,21-11-2023,Budget,
C06444,41,Female,Delhi,14-01-2024,Premium,
C06445,35,Male,Guntur,05-11-2023,Regular,
C06446,20,Other,Delhi,28-05-2025,Premium,
C06447,21,Female,Kolkata,01-11-2024,Regular,
C06448,53,Female,Bengaluru,20-08-2025,Regular,
C06449,56,Other,Delhi,27-11-2023,Budget,
C06450,37,Female,Pune,01-06-2024,Regular,
C06451,62,Male,Mumbai,14-05-2023,Premium,
C06452,61,Male,Guntur,29-11-2025,Regular,
C06453,49,Male,Chennai,14-07-2024,Premium,
C06454,45,Female,Guntur,28-08-2024,Premium,
C06455,63,Female,Hyderabad,28-03-2024,Budget,
C06456,46,Male,Delhi,24-10-2023,Regular,
C06457,61,Male,Pune,04-11-2025,Regular,
C06458,64,Female,Chennai,19-06-2024,Budget,
C06459,27,Female,Pune,08-01-2025,Regular,
C06460,49,Other,Vijayawada,10-02-2023,Budget,
C06461,52,Male,Delhi,30-10-2023,Regular,
C06462,56,Female,Pune,30-05-2025,Regular,
C06463,34,Male,Vijayawada,07-04-2023,Regular,
C06464,58,Male,Vijayawada,22-04-2023,Regular,
C06465,40,Female,Hyderabad,05-06-2025,Regular,
C06466,36,Male,Ahmedabad,05-12-2023,Budget,
C06467,25,Female,Guntur,27-10-2023,Regular,
C06468,33,Male,Vijayawada,11-09-2024,Regular,
C06469,63,Male,Guntur,02-08-2023,Regular,
C06470,51,Female,Hyderabad,17-02-2023,Regular,
C06471,52,Male,Ahmedabad,05-01-2023,Regular,
C06472,60,Male,Guntur,28-03-2023,Budget,
C06473,30,Male,Pune,23-06-2023,Budget,
C06474,49,Male,Hyderabad,01-02-2025,Regular,
C06475,35,Female,Bengaluru,23-11-2023,Budget,
C06476,57,Male,Chennai,20-03-2023,Budget,
C06477,37,Female,Guntur,16-01-2023,Budget,
C06478,58,Female,Bengaluru,06-06-2024,Regular,
C06479,53,Female,Ahmedabad,08-07-2025,Regular,
C06480,54,Female,Bengaluru,06-01-2024,Regular,
C06481,61,Female,Guntur,11-03-2023,Regular,
C06482,55,Female,Hyderabad,07-09-2023,Regular,
C06483,33,Male,Chennai,30-06-2024,Regular,
C06484,42,Female,Bengaluru,26-07-2023,Premium,
C06485,40,Male,Pune,07-12-2025,Regular,
C06486,21,Female,Ahmedabad,15-04-2025,Regular,
C06487,45,Female,Delhi,13-01-2024,Regular,
C06488,38,Male,Pune,07-11-2025,Regular,
C06489,36,Male,Kolkata,22-12-2023,Regular,
C06490,23,Male,Delhi,03-06-2023,Budget,
C06491,41,Male,Ahmedabad,24-10-2025,Premium,
C06492,45,Female,Chennai,16-11-2025,Regular,
C06493,22,Male,Bengaluru,09-12-2023,Budget,
C06494,47,Female,Bengaluru,13-10-2024,Regular,
C06495,25,Female,Bengaluru,09-07-2023,Regular,
C06496,24,Male,Hyderabad,03-12-2024,Budget,
C06497,36,Male,Hyderabad,25-01-2025,Budget,
C06498,36,Male,Hyderabad,16-02-2025,Premium,
C06499,61,Female,Bengaluru,14-09-2024,Regular,
C06500,21,Male,Kolkata,10-02-2025,Budget,
C06501,34,Male,Chennai,30-08-2024,Budget,
C06502,52,Other,Pune,16-06-2025,Regular,
C06503,29,Female,Hyderabad,16-07-2023,Regular,
C06504,64,Male,Guntur,13-06-2024,Regular,
C06505,52,Female,Mumbai,31-03-2024,Premium,
C06506,62,Female,Delhi,07-08-2024,Budget,
C06507,62,Female,Kolkata,05-06-2023,Budget,
C06508,23,Male,Vijayawada,21-12-2023,Budget,
C06509,39,Female,Ahmedabad,10-11-2025,Regular,
C06510,52,Male,Delhi,26-04-2023,Budget,
C06511,18,Male,Mumbai,26-11-2024,Regular,
C06512,39,Male,Mumbai,28-12-2024,Regular,
C06513,50,Female,Hyderabad,03-06-2024,Budget,
C06514,55,Female,Mumbai,06-02-2023,Premium,
C06515,37,Other,Ahmedabad,07-02-2023,Premium,
C06516,58,Female,Chennai,29-10-2023,Regular,
C06517,49,Male,Mumbai,23-04-2023,Premium,
C06518,20,Male,Hyderabad,14-04-2023,Regular,
C06519,31,Female,Chennai,25-06-2023,Regular,
C06520,62,Male,Hyderabad,28-07-2023,Regular,
C06521,18,Male,Delhi,07-07-2025,Budget,
C06522,23,Female,Chennai,30-11-2024,Regular,
C06523,34,Male,Vijayawada,03-02-2023,Regular,
C06524,64,Male,Pune,19-11-2024,Regular,
C06525,51,Female,Mumbai,30-05-2023,Regular,
C06526,24,Other,Pune,06-04-2024,Regular,
C06527,36,Female,Vijayawada,11-02-2023,Premium,
C06528,62,Male,Bengaluru,09-04-2023,Budget,
C06529,28,Female,Chennai,26-05-2023,Budget,
C06530,45,Female,Pune,19-04-2024,Budget,
C06531,39,Male,Bengaluru,22-05-2024,Premium,
C06532,53,Female,Pune,22-01-2024,Regular,
C06533,53,Female,Bengaluru,10-11-2024,Budget,
C06534,57,Female,Guntur,27-02-2025,Regular,
C06535,23,Male,Ahmedabad,08-03-2025,Regular,
C06536,39,Female,Hyderabad,26-09-2024,Budget,
C06537,50,Male,Pune,20-08-2024,Premium,
C06538,37,Male,Chennai,22-06-2024,Regular,
C06539,49,Male,Pune,18-09-2023,Budget,
C06540,47,Male,Pune,17-06-2024,Premium,
C06541,35,Male,Vijayawada,12-01-2023,Budget,
C06542,22,Female,Bengaluru,24-11-2025,Budget,
C06543,63,Female,Pune,10-02-2024,Regular,
C06544,56,Male,Vijayawada,08-04-2025,Budget,
C06545,60,Female,Bengaluru,13-11-2025,Regular,
C06546,32,Other,Chennai,28-06-2024,Budget,
C06547,32,Male,Ahmedabad,01-08-2025,Budget,
C06548,33,Female,Bengaluru,08-06-2024,Premium,
C06549,19,Other,Chennai,25-05-2023,Budget,
C06550,25,Female,Vijayawada,29-01-2023,Regular,
C06551,32,Female,Pune,29-05-2023,Budget,
C06552,64,Female,Hyderabad,29-10-2025,Regular,
C06553,27,Female,Guntur,04-06-2024,Budget,
C06554,41,Male,Pune,16-12-2023,Budget,
C06555,43,Male,Delhi,03-05-2024,Premium,
C06556,34,Female,Vijayawada,08-10-2023,Budget,
C06557,61,Male,Mumbai,11-08-2025,Premium,
C06558,22,Male,Mumbai,30-12-2025,Regular,
C06559,58,Male,Pune,03-04-2023,Regular,
C06560,52,Female,Chennai,25-02-2025,Budget,
C06561,32,Female,Bengaluru,03-01-2024,Premium,
C06562,54,Male,Bengaluru,21-02-2023,Budget,
C06563,38,Male,Mumbai,06-10-2025,Budget,
C06564,63,Male,Hyderabad,09-03-2023,Regular,
C06565,19,Male,Pune,14-08-2023,Budget,
C06566,19,Female,Vijayawada,28-01-2023,Regular,
C06567,43,Male,Chennai,31-05-2024,Regular,
C06568,61,Other,Hyderabad,18-10-2024,Budget,
C06569,20,Male,Hyderabad,18-12-2023,Budget,
C06570,54,Male,Bengaluru,20-03-2023,Regular,
C06571,62,Female,Pune,08-05-2023,Regular,
C06572,40,Male,Delhi,19-10-2025,Regular,
C06573,58,Male,Delhi,01-06-2025,Regular,
C06574,53,Male,Ahmedabad,22-10-2025,Regular,
C06575,28,Female,Mumbai,04-08-2024,Regular,
C06576,58,Male,Kolkata,20-08-2024,Budget,
C06577,50,Female,Vijayawada,10-05-2025,Budget,
C06578,18,Female,Bengaluru,22-04-2024,Budget,
C06579,44,Female,Bengaluru,16-11-2023,Regular,
C06580,48,Female,Chennai,15-06-2024,Budget,
C06581,55,Female,Bengaluru,12-03-2023,Regular,
C06582,54,Female,Guntur,30-07-2023,Budget,
C06583,40,Male,Guntur,18-03-2025,Budget,
C06584,32,Female,Pune,08-08-2025,Budget,
C06585,27,Female,Bengaluru,22-04-2023,Regular,
C06586,22,Male,Guntur,17-04-2023,Regular,
C06587,48,Female,Vijayawada,04-04-2023,Regular,
C06588,63,Male,Delhi,16-05-2025,Premium,
C06589,21,Female,Kolkata,07-12-2023,Regular,
C06590,51,Male,Kolkata,24-12-2023,Budget,
C06591,45,Male,Pune,14-01-2023,Premium,
C06592,26,Male,Mumbai,30-11-2025,Regular,
C06593,27,Male,Chennai,20-04-2024,Budget,
C06594,31,Male,Chennai,23-05-2025,Budget,
C06595,50,Male,Mumbai,13-02-2025,Regular,
C06596,32,Female,Ahmedabad,05-06-2023,Budget,
C06597,56,Male,Guntur,27-05-2025,Regular,
C06598,35,Other,Bengaluru,25-08-2024,Budget,
C06599,23,Female,Hyderabad,23-10-2024,Premium,
C06600,22,Male,Delhi,08-08-2023,Regular,
C06601,36,Male,Ahmedabad,16-07-2025,Regular,
C06602,37,Male,Pune,17-10-2025,Budget,
C06603,52,Male,Guntur,21-03-2024,Regular,
C06604,40,Female,Ahmedabad,12-04-2023,Premium,
C06605,25,Female,Ahmedabad,18-07-2025,Budget,
C06606,28,Female,Pune,29-08-2025,Regular,
C06607,44,Male,Hyderabad,08-07-2024,Budget,
C06608,33,Female,Bengaluru,26-09-2024,Regular,
C06609,49,Male,Ahmedabad,02-09-2023,Regular,
C06610,61,Female,Mumbai,15-03-2023,Regular,
C06611,34,Other,Ahmedabad,30-10-2025,Regular,
C06612,43,Male,Mumbai,12-06-2024,Budget,
C06613,57,Female,Hyderabad,29-10-2023,Regular,
C06614,27,Female,Kolkata,29-01-2025,Regular,
C06615,42,Female,Guntur,29-03-2023,Budget,
C06616,32,Male,Delhi,23-09-2023,Premium,
C06617,47,Female,Bengaluru,08-05-2024,Budget,
C06618,52,Male,Delhi,06-02-2024,Budget,
C06619,24,Male,Vijayawada,25-07-2023,Regular,
C06620,26,Female,Mumbai,20-01-2024,Budget,
C06621,19,Male,Hyderabad,01-01-2024,Budget,
C06622,18,Male,Ahmedabad,28-07-2024,Budget,
C06623,20,Other,Chennai,08-09-2024,Premium,
C06624,51,Male,Hyderabad,25-08-2025,Budget,
C06625,60,Female,Kolkata,02-06-2025,Regular,
C06626,37,Female,Mumbai,17-11-2023,Budget,
C06627,59,Male,Bengaluru,15-09-2025,Budget,
C06628,52,Female,Hyderabad,24-07-2024,Budget,
C06629,55,Female,Bengaluru,25-07-2023,Premium,
C06630,52,Female,Bengaluru,08-01-2024,Regular,
C06631,27,Female,Hyderabad,23-03-2025,Premium,
C06632,42,Female,,18-06-2025,Regular,
C06633,42,Female,Guntur,14-02-2024,Budget,
C06634,48,Male,Mumbai,22-06-2023,Budget,
C06635,55,Male,Hyderabad,30-07-2023,Regular,
C06636,23,Female,Guntur,24-04-2023,Regular,
C06637,49,Female,Kolkata,04-02-2025,Regular,
C06638,57,Female,Vijayawada,04-07-2024,Budget,
C06639,23,Male,Pune,09-05-2024,Regular,
C06640,37,Female,Delhi,05-01-2025,Budget,
C06641,60,Male,Pune,26-06-2025,Regular,
C06642,19,Male,Hyderabad,21-05-2025,Premium,
C06643,25,Female,Mumbai,31-05-2023,Budget,
C06644,55,Male,Delhi,07-10-2024,Budget,
C06645,26,Female,Chennai,24-08-2025,Budget,
C06646,50,Male,Guntur,27-04-2025,Regular,
C06647,60,Female,Vijayawada,27-12-2023,Regular,
C06648,41,Female,Delhi,06-03-2024,Premium,
C06649,40,Male,Ahmedabad,01-09-2025,Premium,
C06650,38,Female,Chennai,05-02-2023,Regular,
C06651,35,Female,Vijayawada,29-07-2024,Regular,
C06652,35,Male,Ahmedabad,08-05-2023,Budget,
C06653,44,Female,Ahmedabad,06-09-2025,Premium,
C06654,60,Female,Pune,12-02-2023,Regular,
C06655,64,Male,Guntur,26-01-2023,Budget,
C06656,58,Female,Pune,27-12-2023,Premium,
C06657,23,Male,Vijayawada,08-08-2023,Regular,
C06658,32,Male,Kolkata,26-06-2024,Budget,
C06659,53,Male,Delhi,25-11-2023,Regular,
C06660,43,Female,Chennai,26-01-2024,Budget,
C06661,33,Female,Vijayawada,10-09-2024,Budget,
C06662,32,Male,Hyderabad,05-09-2024,Budget,
C06663,23,Male,Hyderabad,20-10-2025,Regular,
C06664,33,Male,Hyderabad,10-06-2024,Budget,
C06665,37,Female,Bengaluru,09-09-2024,Budget,
C06666,37,Male,Chennai,12-01-2025,Regular,
C06667,43,Male,Delhi,10-07-2023,Budget,
C06668,30,Male,Chennai,31-12-2024,Regular,
C06669,27,Male,Delhi,01-08-2025,Regular,
C06670,59,Female,Delhi,15-12-2023,Budget,
C06671,37,Female,Delhi,15-07-2023,Budget,
C06672,29,Male,Hyderabad,15-01-2024,Budget,
C06673,47,Female,Pune,29-10-2023,Regular,
C06674,43,Male,Chennai,02-10-2024,Regular,
C06675,45,Female,Pune,03-08-2025,Budget,
C06676,28,Male,Hyderabad,15-10-2024,Budget,
C06677,51,Male,Guntur,18-05-2023,Budget,
C06678,27,Female,Ahmedabad,11-12-2023,Regular,
C06679,57,Male,Mumbai,24-01-2025,Budget,
C06680,37,Female,Mumbai,28-12-2023,Regular,
C06681,37,Male,Mumbai,04-10-2024,Regular,
C06682,36,Male,Vijayawada,29-01-2025,Budget,
C06683,37,Female,Ahmedabad,27-12-2023,Regular,
C06684,49,Male,Delhi,09-12-2024,Premium,
C06685,41,Male,Kolkata,11-03-2024,Budget,
C06686,23,Female,Hyderabad,28-05-2023,Regular,
C06687,44,Male,Guntur,12-02-2024,Regular,
C06688,30,Female,Pune,27-04-2024,Budget,
C06689,23,Male,Mumbai,03-01-2023,Regular,
C06690,57,Female,Kolkata,04-09-2025,Budget,
C06691,32,Female,Hyderabad,01-08-2024,Budget,
C06692,45,Male,Delhi,09-02-2023,Regular,
C06693,26,Female,Vijayawada,08-08-2025,Premium,
C06694,33,Female,Ahmedabad,25-07-2025,Budget,
C06695,36,Female,Hyderabad,14-01-2023,Regular,
C06696,24,Male,Pune,28-06-2023,Budget,
C06697,63,Female,Kolkata,03-02-2024,Regular,
C06698,32,Female,Pune,09-07-2024,Regular,
C06699,45,Other,Mumbai,05-03-2025,Regular,
C06700,44,Female,Kolkata,09-04-2024,Premium,
C06701,38,Female,Delhi,31-10-2024,Regular,
C06702,45,Female,Vijayawada,12-01-2023,Budget,
C06703,44,Female,Guntur,22-12-2024,Premium,
C06704,21,Female,Vijayawada,29-09-2025,Budget,
C06705,49,Female,Delhi,30-07-2024,Regular,
C06706,23,Male,Kolkata,13-05-2024,Regular,
C06707,38,Female,Bengaluru,22-11-2023,Regular,
C06708,35,Male,Ahmedabad,10-11-2025,Regular,
C06709,39,Female,Ahmedabad,06-02-2023,Regular,
C06710,21,Female,Ahmedabad,10-11-2023,Regular,
C06711,50,Female,Hyderabad,01-06-2023,Regular,
C06712,37,Male,Delhi,06-08-2025,Premium,
C06713,20,Female,Chennai,12-06-2024,Budget,
C06714,18,Male,Vijayawada,07-10-2025,Budget,
C06715,43,Female,Pune,29-12-2024,Regular,
C06716,49,Female,Kolkata,01-09-2024,Budget,
C06717,43,Female,Delhi,20-07-2024,Regular,
C06718,51,Male,Bengaluru,10-08-2023,Budget,
C06719,53,Female,Kolkata,07-09-2024,Regular,
C06720,58,Male,Kolkata,20-01-2025,Regular,
C06721,64,Female,Mumbai,23-11-2025,Premium,
C06722,59,Female,Kolkata,24-08-2024,Regular,
C06723,55,Female,Mumbai,25-10-2025,Budget,
C06724,38,Male,Kolkata,31-10-2025,Budget,
C06725,41,Male,Mumbai,26-07-2024,Regular,
C06726,46,Female,Ahmedabad,26-04-2024,Premium,
C06727,25,Other,Guntur,06-06-2023,Regular,
C06728,49,Male,Delhi,22-10-2023,Regular,
C06729,45,Female,Hyderabad,20-08-2025,Regular,
C06730,42,Male,Kolkata,01-06-2023,Regular,
C06731,57,Male,Vijayawada,10-03-2024,Regular,
C06732,50,Other,Ahmedabad,04-02-2025,Budget,
C06733,61,Female,Mumbai,21-09-2023,Budget,
C06734,63,Other,Pune,02-12-2025,Regular,
C06735,56,Male,Mumbai,12-12-2024,Regular,
C06736,32,Female,Ahmedabad,01-02-2023,Budget,
C06737,26,Female,Ahmedabad,28-09-2023,Premium,
C06738,32,Female,Kolkata,21-03-2025,Budget,
C06739,51,Male,Mumbai,03-08-2025,Regular,
C06740,58,Female,Bengaluru,11-10-2025,Regular,
C06741,59,Male,Kolkata,21-07-2025,Regular,
C06742,50,Female,Mumbai,23-03-2023,Regular,
C06743,50,Female,Vijayawada,10-03-2025,Regular,
C06744,62,Male,Hyderabad,01-05-2023,Regular,
C06745,50,Male,Guntur,25-03-2023,Regular,
C06746,24,Female,Ahmedabad,27-01-2025,Premium,
C06747,41,Female,Pune,07-06-2024,Regular,
C06748,34,Male,Vijayawada,10-12-2024,Regular,
C06749,47,Male,Ahmedabad,21-07-2025,Budget,
C06750,47,Female,Hyderabad,17-03-2023,Regular,
C06751,31,Male,Mumbai,31-07-2024,Budget,
C06752,32,Female,Guntur,02-07-2025,Regular,
C06753,22,Female,Ahmedabad,27-04-2024,Regular,
C06754,31,Male,Bengaluru,27-07-2024,Budget,
C06755,56,Female,Bengaluru,29-06-2024,Regular,
C06756,48,Female,Vijayawada,20-09-2025,Regular,
C06757,62,Female,Hyderabad,24-02-2023,Premium,
C06758,61,Female,Vijayawada,19-08-2025,Budget,
C06759,58,Male,Pune,12-06-2025,Budget,
C06760,26,Male,Guntur,08-06-2025,Regular,
C06761,33,Female,Chennai,27-03-2024,Regular,
C06762,20,Male,Mumbai,18-07-2024,Budget,
C06763,22,Male,Ahmedabad,09-02-2024,Regular,
C06764,28,Male,Bengaluru,03-10-2023,Premium,
C06765,31,Female,Bengaluru,16-08-2025,Budget,
C06766,18,Male,Kolkata,08-07-2024,Regular,
C06767,57,Female,Hyderabad,03-03-2025,Budget,
C06768,42,Female,Vijayawada,21-04-2023,Premium,
C06769,48,Male,Kolkata,13-05-2025,Regular,
C06770,48,Female,Ahmedabad,22-12-2024,Regular,
C06771,63,Male,Pune,28-12-2025,Premium,
C06772,24,Female,Kolkata,27-05-2023,Budget,
C06773,34,Female,Vijayawada,14-08-2024,Regular,
C06774,32,Female,Hyderabad,13-07-2024,Regular,
C06775,43,Female,Chennai,12-08-2024,Regular,
C06776,42,Female,Kolkata,01-03-2023,Regular,
C06777,55,Female,Bengaluru,02-06-2024,Budget,
C06778,44,Female,Chennai,24-11-2023,Budget,
C06779,28,Male,Hyderabad,07-11-2024,Budget,
C06780,44,Female,Hyderabad,12-09-2023,Premium,
C06781,63,Female,Delhi,21-04-2024,Regular,
C06782,45,Male,Kolkata,09-11-2024,Regular,
C06783,45,Other,Bengaluru,11-05-2025,Budget,
C06784,26,Female,Vijayawada,22-02-2025,Regular,
C06785,18,Female,Ahmedabad,04-03-2023,Regular,
C06786,27,Male,Kolkata,12-03-2023,Regular,
C06787,19,Female,Hyderabad,20-07-2025,Regular,
C06788,39,Female,Pune,07-11-2023,Budget,
C06789,59,Male,Vijayawada,31-07-2025,Budget,
C06790,38,Female,Chennai,30-06-2024,Premium,
C06791,48,Female,Pune,10-01-2024,Regular,
C06792,58,Male,Pune,27-10-2023,Regular,
C06793,53,Female,Kolkata,22-12-2024,Premium,
C06794,48,Male,Vijayawada,01-05-2023,Regular,
C06795,54,Female,Bengaluru,16-03-2024,Regular,
C06796,31,Female,Hyderabad,14-01-2024,Regular,
C06797,37,Female,Hyderabad,18-06-2023,Budget,
C06798,36,Female,Chennai,22-01-2024,Budget,
C06799,55,Male,Mumbai,01-08-2024,Premium,
C06800,37,Male,Guntur,11-01-2025,Regular,
C06801,62,Female,Pune,05-04-2023,Budget,
C06802,26,Male,Ahmedabad,13-08-2025,Regular,
C06803,26,Male,Pune,19-08-2025,Budget,
C06804,51,Male,Vijayawada,27-01-2025,Regular,
C06805,53,Female,Mumbai,09-10-2025,Regular,
C06806,49,Female,Kolkata,13-04-2024,Budget,
C06807,32,Male,Chennai,18-06-2025,Budget,
C06808,18,Male,Chennai,07-03-2025,Regular,
C06809,33,Male,Vijayawada,07-09-2024,Regular,
C06810,39,Male,Hyderabad,16-07-2023,Premium,
C06811,37,Male,Chennai,02-09-2024,Regular,
C06812,61,Female,Mumbai,13-09-2025,Budget,
C06813,58,Female,Bengaluru,14-12-2025,Budget,
C06814,54,Male,Ahmedabad,05-05-2024,Regular,
C06815,19,Female,Mumbai,29-09-2023,Regular,
C06816,23,Female,Delhi,25-03-2023,Budget,
C06817,38,Male,Mumbai,15-06-2023,Budget,
C06818,47,Male,Guntur,07-09-2024,Budget,
C06819,49,Female,Delhi,20-12-2025,Budget,
C06820,31,Male,Ahmedabad,27-12-2023,Regular,
C06821,23,Female,Kolkata,30-04-2024,Premium,
C06822,33,Female,Vijayawada,19-12-2023,Budget,
C06823,55,Female,Kolkata,27-04-2024,Regular,
C06824,64,Male,Vijayawada,08-01-2023,Regular,
C06825,62,Male,Kolkata,13-10-2024,Regular,
C06826,45,Female,Hyderabad,14-10-2024,Budget,
C06827,22,Male,Bengaluru,12-12-2023,Budget,
C06828,63,Male,Ahmedabad,17-10-2023,Budget,
C06829,25,Female,Hyderabad,13-04-2025,Regular,
C06830,30,Male,Bengaluru,25-07-2023,Regular,
C06831,63,Female,Ahmedabad,21-02-2023,Regular,
C06832,41,Female,Mumbai,14-02-2023,Regular,
C06833,27,Female,Chennai,23-08-2025,Budget,
C06834,41,Male,Bengaluru,22-04-2023,Budget,
C06835,21,Other,Mumbai,20-08-2025,Budget,
C06836,32,Female,Guntur,12-06-2023,Budget,
C06837,62,Male,Delhi,04-01-2024,Budget,
C06838,32,Female,Vijayawada,23-01-2023,Premium,
C06839,59,Male,Ahmedabad,13-01-2025,Premium,
C06840,43,Male,Chennai,04-02-2025,Regular,
C06841,48,Female,Bengaluru,08-04-2025,Regular,
C06842,51,Male,Vijayawada,16-10-2023,Regular,
C06843,43,Male,Vijayawada,26-12-2023,Regular,
C06844,19,Female,Bengaluru,24-10-2025,Regular,
C06845,61,Male,Mumbai,18-06-2025,Budget,
C06846,40,Female,Ahmedabad,10-02-2023,Premium,
C06847,48,Male,Vijayawada,27-01-2025,Regular,
C06848,44,Female,Vijayawada,08-06-2025,Budget,
C06849,48,Female,Chennai,04-09-2024,Regular,
C06850,34,Male,Guntur,01-12-2024,Regular,
C06851,57,Female,Ahmedabad,02-01-2023,Premium,
C06852,28,Male,Delhi,02-02-2023,Regular,
C06853,48,Male,Mumbai,08-02-2023,Regular,
C06854,45,Male,Guntur,24-06-2023,Budget,
C06855,41,Male,Guntur,20-12-2025,Regular,
C06856,19,Male,Vijayawada,25-11-2024,Budget,
C06857,36,Female,Delhi,06-05-2025,Budget,
C06858,20,Female,Chennai,20-11-2023,Regular,
C06859,41,Other,Guntur,23-10-2025,Regular,
C06860,50,Female,Mumbai,06-08-2023,Regular,
C06861,42,Male,Ahmedabad,15-09-2025,Regular,
C06862,53,Male,Pune,03-02-2023,Budget,
C06863,34,Male,Pune,23-01-2023,Regular,
C06864,32,Female,Chennai,28-03-2023,Regular,
C06865,39,Female,Chennai,17-05-2025,Regular,
C06866,28,Male,Kolkata,09-10-2023,Regular,
C06867,55,Male,Chennai,09-05-2024,Budget,
C06868,56,Male,Kolkata,31-05-2024,Budget,
C06869,37,Female,Vijayawada,14-05-2025,Premium,
C06870,55,Male,Hyderabad,17-01-2024,Budget,
C06871,19,Female,Vijayawada,08-01-2023,Budget,
C06872,25,Male,Bengaluru,28-02-2024,Budget,
C06873,31,Male,Bengaluru,12-11-2023,Regular,
C06874,36,Male,Guntur,11-03-2025,Regular,
C06875,28,Female,Chennai,02-04-2025,Regular,
C06876,42,Female,Kolkata,11-04-2023,Premium,
C06877,55,Male,Bengaluru,18-05-2025,Budget,
C06878,39,Male,Hyderabad,19-03-2023,Budget,
C06879,39,Male,Chennai,09-11-2024,Premium,
C06880,20,Male,Pune,02-03-2024,Regular,
C06881,31,Male,Chennai,26-11-2023,Regular,
C06882,55,Male,Chennai,13-06-2024,Regular,
C06883,56,Female,Guntur,06-12-2023,Budget,
C06884,22,Female,Bengaluru,19-05-2025,Premium,
C06885,18,Female,Hyderabad,24-11-2025,Budget,
C06886,57,Female,Bengaluru,12-06-2025,Regular,
C06887,26,Other,Guntur,25-04-2024,Budget,
C06888,45,Other,Delhi,05-07-2024,Regular,
C06889,56,Male,Vijayawada,04-05-2024,Regular,
C06890,55,Male,Guntur,18-05-2025,Budget,
C06891,43,Male,Chennai,27-08-2024,Premium,
C06892,35,Female,Ahmedabad,27-05-2024,Budget,
C06893,54,Male,Delhi,24-03-2024,Regular,
C06894,50,Male,Pune,15-02-2024,Budget,
C06895,57,Female,Pune,28-08-2024,Regular,
C06896,42,Female,Ahmedabad,24-01-2025,Regular,
C06897,62,Female,Chennai,18-04-2024,Regular,
C06898,54,Female,Hyderabad,02-06-2025,Regular,
C06899,20,Female,Ahmedabad,24-06-2025,Regular,
C06900,31,Female,Vijayawada,14-04-2024,Premium,
C06901,55,Male,Pune,22-09-2025,Premium,
C06902,23,Female,Bengaluru,09-07-2023,Budget,
C06903,51,Female,Bengaluru,17-10-2025,Regular,
C06904,34,Male,Pune,19-11-2023,Budget,
C06905,27,Other,Guntur,09-09-2024,Budget,
C06906,43,Female,Kolkata,07-11-2023,Regular,
C06907,61,Female,Mumbai,29-04-2024,Regular,
C06908,60,Female,Kolkata,08-01-2024,Regular,
C06909,36,Male,Bengaluru,11-02-2025,Regular,
C06910,18,Male,Delhi,30-03-2023,Regular,
C06911,59,Male,Vijayawada,06-07-2025,Premium,
C06912,60,Female,Kolkata,16-09-2025,Budget,
C06913,46,Female,Bengaluru,08-09-2024,Regular,
C06914,47,Other,Chennai,22-08-2024,Budget,
C06915,42,Female,Hyderabad,05-02-2025,Budget,
C06916,18,Female,Delhi,06-08-2023,Premium,
C06917,25,Male,Chennai,31-03-2025,Budget,
C06918,24,Male,Vijayawada,28-08-2023,Budget,
C06919,60,Male,Mumbai,10-01-2025,Regular,
C06920,20,Female,Hyderabad,01-12-2023,Budget,
C06921,44,Male,Delhi,28-03-2025,Regular,
C06922,35,Female,Ahmedabad,16-05-2025,Premium,
C06923,18,Female,Kolkata,17-08-2023,Regular,
C06924,61,Male,Vijayawada,07-11-2024,Regular,
C06925,18,Female,Mumbai,29-06-2024,Regular,
C06926,58,Female,Pune,18-11-2023,Premium,
C06927,54,Female,Pune,06-10-2024,Budget,
C06928,55,Male,Hyderabad,22-12-2025,Regular,
C06929,25,Male,Hyderabad,03-01-2023,Regular,
C06930,59,Male,Ahmedabad,13-11-2025,Regular,
C06931,46,Female,Mumbai,26-07-2025,Budget,
C06932,36,Female,Kolkata,02-08-2024,Regular,
C06933,50,Other,Vijayawada,29-10-2024,Regular,
C06934,34,Female,Chennai,09-02-2024,Regular,
C06935,31,Male,Ahmedabad,22-05-2023,Budget,
C06936,31,Other,Chennai,17-09-2024,Budget,
C06937,44,Male,Ahmedabad,12-06-2025,Regular,
C06938,46,Male,Bengaluru,11-09-2023,Regular,
C06939,29,Female,Mumbai,24-02-2025,Premium,
C06940,29,Female,Delhi,30-03-2025,Regular,
C06941,62,Female,Delhi,10-04-2025,Budget,
C06942,42,Female,Hyderabad,08-01-2024,Regular,
C06943,58,Male,Guntur,05-03-2024,Regular,
C06944,33,Male,Hyderabad,31-03-2024,Regular,
C06945,31,Male,Guntur,24-07-2025,Regular,
C06946,31,Female,Chennai,12-09-2025,Budget,
C06947,42,Female,Ahmedabad,29-03-2024,Budget,
C06948,54,Male,Ahmedabad,28-11-2025,Budget,
C06949,41,Male,Delhi,16-09-2024,Budget,
C06950,31,Female,Pune,26-02-2024,Regular,
C06951,63,Female,Hyderabad,01-01-2023,Budget,
C06952,44,Male,Vijayawada,31-10-2024,Premium,
C06953,36,Male,Bengaluru,07-12-2024,Budget,
C06954,18,Female,Kolkata,26-11-2025,Regular,
C06955,44,Female,Hyderabad,25-02-2025,Regular,
C06956,47,Male,Ahmedabad,02-02-2023,Budget,
C06957,61,Male,Mumbai,12-09-2024,Regular,
C06958,28,Female,Delhi,24-03-2025,Premium,
C06959,25,Female,Hyderabad,27-06-2024,Premium,
C06960,64,Male,Chennai,15-04-2024,Budget,
C06961,43,Female,Delhi,05-06-2025,Regular,
C06962,19,Female,Ahmedabad,31-10-2024,Budget,
C06963,22,Male,Pune,16-01-2025,Regular,
C06964,40,Male,Chennai,23-05-2024,Budget,
C06965,47,Female,Pune,01-11-2023,Premium,
C06966,29,Female,Chennai,22-07-2024,Regular,
C06967,35,Male,Pune,16-11-2025,Budget,
C06968,52,Female,Pune,21-10-2024,Premium,
C06969,63,Male,Chennai,13-02-2025,Regular,
C06970,41,Female,Chennai,16-05-2023,Budget,
C06971,37,Male,Pune,17-12-2025,Regular,
C06972,34,Male,Pune,25-09-2023,Regular,
C06973,24,Male,Vijayawada,29-11-2025,Regular,
C06974,20,Other,Delhi,03-05-2024,Budget,
C06975,57,Female,Delhi,03-10-2025,Budget,
C06976,19,Female,Delhi,03-09-2025,Budget,
C06977,56,Male,Guntur,07-04-2025,Regular,
C06978,29,Female,Mumbai,30-09-2025,Budget,
C06979,50,Female,Mumbai,29-10-2024,Regular,
C06980,62,Female,Mumbai,18-07-2025,Premium,
C06981,53,Male,Kolkata,08-07-2023,Premium,
C06982,52,Female,Kolkata,18-03-2023,Regular,
C06983,30,Male,Delhi,17-08-2024,Regular,
C06984,46,Male,Chennai,05-06-2025,Premium,
C06985,48,Female,Kolkata,18-04-2025,Regular,
C06986,37,Male,Chennai,01-08-2024,Regular,
C06987,19,Male,Guntur,24-07-2024,Budget,
C06988,60,Female,Kolkata,29-10-2024,Budget,
C06989,27,Male,Delhi,08-08-2025,Regular,
C06990,63,Female,Chennai,10-07-2025,Budget,
C06991,61,Female,Ahmedabad,01-05-2023,Budget,
C06992,18,Female,Kolkata,14-10-2024,Budget,
C06993,52,Male,Guntur,22-02-2024,Regular,
C06994,47,Female,Ahmedabad,25-05-2025,Regular,
C06995,28,Female,Ahmedabad,08-07-2024,Budget,
C06996,56,Male,Hyderabad,21-12-2025,Regular,
C06997,23,Female,Hyderabad,18-04-2024,Budget,
C06998,29,Other,Kolkata,13-01-2025,Regular,
C06999,62,Male,Hyderabad,29-04-2023,Budget,
C07000,52,Male,Guntur,17-10-2025,Regular,
C07001,23,Female,Guntur,18-06-2023,Premium,
C07002,24,Male,Pune,19-02-2024,Budget,
C07003,30,Female,Ahmedabad,06-07-2025,Regular,
C07004,21,Male,Delhi,25-11-2025,Premium,
C07005,26,Male,Vijayawada,14-06-2024,Premium,
C07006,44,Female,Hyderabad,14-06-2024,Regular,
C07007,18,Other,Chennai,23-02-2023,Regular,
C07008,31,Male,Kolkata,07-12-2025,Budget,
C07009,32,Female,Ahmedabad,29-01-2023,Budget,
C07010,63,Male,Chennai,02-06-2024,Budget,
C07011,63,Male,Guntur,04-01-2023,Regular,
C07012,57,Female,Delhi,29-06-2023,Premium,
C07013,34,Male,Guntur,18-11-2024,Budget,
C07014,42,Female,Chennai,11-02-2025,Regular,
C07015,41,Male,Kolkata,23-11-2023,Premium,
C07016,58,Female,Chennai,20-05-2025,Budget,
C07017,53,Male,Bengaluru,27-10-2024,Budget,
C07018,60,Female,Ahmedabad,07-09-2023,Budget,
C07019,43,Female,Kolkata,19-02-2025,Budget,
C07020,61,Male,Chennai,10-10-2024,Regular,
C07021,52,Male,Kolkata,08-06-2025,Regular,
C07022,52,Other,Vijayawada,19-06-2023,Regular,
C07023,49,Male,Mumbai,10-09-2023,Budget,
C07024,33,Female,Pune,29-11-2023,Regular,
C07025,46,Female,Chennai,09-01-2024,Budget,
C07026,34,Female,Pune,31-08-2025,Regular,
C07027,48,Male,Guntur,13-03-2025,Budget,
C07028,29,Male,Kolkata,18-08-2024,Regular,
C07029,55,Male,Bengaluru,14-08-2024,Regular,
C07030,44,Male,Ahmedabad,28-08-2025,Budget,
C07031,51,Male,Delhi,04-05-2024,Regular,
C07032,28,Other,Hyderabad,04-09-2023,Regular,
C07033,55,Male,Kolkata,28-12-2023,Regular,
C07034,55,Male,Chennai,16-12-2024,Premium,
C07035,24,Male,Vijayawada,30-05-2024,Budget,
C07036,34,Male,Vijayawada,06-04-2024,Regular,
C07037,49,Female,Kolkata,09-06-2024,Budget,
C07038,59,Male,Kolkata,03-12-2025,Regular,
C07039,52,Female,Mumbai,28-12-2025,Budget,
C07040,40,Female,Hyderabad,26-06-2023,Regular,
C07041,32,Male,Hyderabad,06-05-2023,Premium,
C07042,60,Female,Delhi,25-09-2023,Regular,
C07043,59,Male,Mumbai,21-07-2025,Regular,
C07044,60,Male,Vijayawada,18-05-2024,Budget,
C07045,32,Female,Chennai,03-08-2025,Premium,
C07046,38,Female,Chennai,09-12-2024,Regular,
C07047,29,Male,Guntur,28-08-2024,Regular,
C07048,62,Female,Guntur,05-11-2023,Budget,
C07049,58,Male,Mumbai,12-01-2024,Regular,
C07050,26,Female,Hyderabad,11-06-2023,Regular,
C07051,29,Female,Hyderabad,22-07-2024,Budget,
C07052,43,Male,Pune,04-11-2023,Premium,
C07053,37,Female,Guntur,17-11-2023,Regular,
C07054,39,Female,Mumbai,13-02-2023,Premium,
C07055,35,Male,Hyderabad,25-05-2025,Budget,
C07056,49,Female,Mumbai,25-10-2025,Regular,
C07057,60,Female,Hyderabad,29-06-2024,Budget,
C07058,61,Male,Delhi,09-08-2024,Budget,
C07059,39,Female,Delhi,10-10-2025,Budget,
C07060,56,Female,Ahmedabad,14-07-2024,Budget,
C07061,50,Other,Hyderabad,12-11-2024,Regular,
C07062,27,Male,Delhi,13-04-2024,Budget,
C07063,55,Female,Bengaluru,17-07-2024,Budget,
C07064,34,Female,Delhi,25-07-2024,Regular,
C07065,47,Other,Vijayawada,17-02-2025,Regular,
C07066,51,Male,Ahmedabad,23-10-2024,Regular,
C07067,62,Female,Guntur,05-07-2024,Regular,
C07068,62,Female,Hyderabad,25-03-2023,Budget,
C07069,55,Male,Ahmedabad,17-09-2025,Regular,
C07070,41,Male,Guntur,30-08-2025,Regular,
C07071,36,Female,Kolkata,21-07-2023,Budget,
C07072,38,Female,Ahmedabad,18-11-2023,Budget,
C07073,62,Female,Hyderabad,01-12-2025,Premium,
C07074,27,Male,Ahmedabad,18-12-2023,Budget,
C07075,42,Female,Guntur,08-06-2025,Budget,
C07076,49,Male,Chennai,10-05-2025,Budget,
C07077,19,Female,Delhi,31-07-2025,Premium,
C07078,47,Male,Delhi,18-01-2023,Regular,
C07079,30,Male,Hyderabad,12-06-2024,Premium,
C07080,31,Other,Bengaluru,11-09-2024,Regular,
C07081,47,Female,Mumbai,05-07-2025,Regular,
C07082,18,Male,Bengaluru,03-09-2023,Budget,
C07083,25,Male,Pune,02-12-2023,Budget,
C07084,39,Female,Hyderabad,16-07-2023,Regular,
C07085,45,Other,Hyderabad,14-04-2025,Premium,
C07086,23,Male,Kolkata,29-12-2025,Premium,
C07087,34,Female,Chennai,03-06-2023,Premium,
C07088,32,Male,Mumbai,13-09-2023,Regular,
C07089,43,Female,Mumbai,03-12-2023,Regular,
C07090,32,Male,Delhi,31-08-2025,Regular,
C07091,18,Male,Delhi,03-05-2024,Regular,
C07092,42,Female,Bengaluru,05-11-2023,Budget,
C07093,57,Male,Hyderabad,19-12-2023,Budget,
C07094,45,Female,Delhi,16-10-2024,Budget,
C07095,35,Male,Pune,28-02-2024,Budget,
C07096,40,Male,Ahmedabad,03-06-2023,Budget,
C07097,24,Female,Bengaluru,17-06-2025,Regular,
C07098,29,Female,Hyderabad,07-04-2024,Regular,
C07099,38,Male,Pune,09-10-2023,Regular,
C07100,45,Female,Vijayawada,08-03-2025,Regular,
C07101,40,Male,Chennai,27-03-2025,Regular,
C07102,63,Female,Hyderabad,19-06-2023,Regular,
C07103,47,Male,Delhi,22-03-2023,Regular,
C07104,19,Female,Pune,19-02-2023,Budget,
C07105,42,Male,Kolkata,18-04-2025,Regular,
C07106,45,Female,Bengaluru,16-11-2024,Regular,
C07107,20,Female,Kolkata,17-05-2025,Budget,
C07108,36,Female,Mumbai,16-11-2024,Premium,
C07109,58,Male,Hyderabad,15-03-2024,Budget,
C07110,34,Male,Vijayawada,07-10-2024,Regular,
C07111,39,Male,Pune,02-03-2025,Premium,
C07112,28,Female,Mumbai,12-03-2024,Regular,
C07113,21,Male,Guntur,29-09-2025,Regular,
C07114,32,Female,Ahmedabad,12-09-2025,Regular,
C07115,54,Male,Chennai,26-05-2025,Budget,
C07116,64,Other,Vijayawada,22-12-2025,Regular,
C07117,49,Female,Pune,03-03-2024,Regular,
C07118,57,Female,Chennai,05-05-2023,Budget,
C07119,48,Female,Delhi,14-06-2024,Budget,
C07120,48,Other,Bengaluru,27-03-2025,Premium,
C07121,38,Female,Guntur,03-05-2025,Budget,
C07122,20,Female,Chennai,01-03-2024,Premium,
C07123,37,Female,Delhi,17-11-2023,Budget,
C07124,58,Male,Hyderabad,02-05-2024,Regular,
C07125,43,Male,Vijayawada,30-05-2025,Regular,
C07126,53,Female,Mumbai,08-03-2023,Regular,
C07127,20,Female,Kolkata,26-12-2023,Regular,
C07128,27,Male,Mumbai,09-09-2023,Budget,
C07129,32,Male,Pune,01-06-2025,Regular,
C07130,34,Female,Pune,29-05-2024,Regular,
C07131,64,Male,Chennai,06-04-2023,Regular,
C07132,39,Female,Delhi,14-10-2023,Regular,
C07133,49,Female,Pune,18-02-2023,Regular,
C07134,48,Male,Chennai,04-06-2024,Budget,
C07135,37,Male,Bengaluru,28-12-2025,Budget,
C07136,63,Male,Bengaluru,13-09-2024,Budget,
C07137,28,Male,Delhi,10-08-2025,Regular,
C07138,19,Female,Chennai,24-03-2025,Premium,
C07139,53,Female,Chennai,24-08-2025,Budget,
C07140,48,Female,Kolkata,07-12-2023,Budget,
C07141,30,Male,Kolkata,07-11-2025,Premium,
C07142,58,Female,Vijayawada,19-09-2023,Budget,
C07143,25,Male,Ahmedabad,24-04-2024,Regular,
C07144,29,Female,Delhi,15-01-2025,Regular,
C07145,25,Male,Vijayawada,11-11-2023,Regular,
C07146,26,Female,Vijayawada,17-10-2023,Regular,
C07147,52,Female,Chennai,23-05-2023,Premium,
C07148,51,Male,Bengaluru,05-01-2023,Regular,
C07149,48,Other,Guntur,02-07-2024,Regular,
C07150,58,Male,Guntur,16-12-2025,Budget,
C07151,21,Male,Guntur,29-08-2023,Budget,
C07152,47,Female,Delhi,26-04-2024,Premium,
C07153,23,Female,Guntur,21-10-2025,Premium,
C07154,62,Male,Ahmedabad,25-04-2025,Regular,
C07155,47,Male,Ahmedabad,05-01-2023,Budget,
C07156,53,Male,Kolkata,02-07-2024,Regular,
C07157,44,Female,Chennai,06-06-2023,Budget,
C07158,36,Female,Ahmedabad,28-09-2023,Regular,
C07159,50,Male,Guntur,27-09-2023,Regular,
C07160,57,Male,Guntur,01-11-2024,Regular,
C07161,26,Female,Pune,06-08-2023,Regular,
C07162,58,Female,Hyderabad,03-10-2023,Regular,
C07163,52,Male,Ahmedabad,05-09-2023,Premium,
C07164,22,Female,Chennai,26-01-2024,Budget,
C07165,61,Male,Chennai,19-12-2024,Budget,
C07166,26,Male,Hyderabad,13-03-2024,Regular,
C07167,46,Female,Bengaluru,25-12-2023,Budget,
C07168,24,Female,Delhi,20-07-2024,Budget,
C07169,27,Male,Chennai,04-11-2024,Budget,
C07170,48,Female,Mumbai,17-01-2023,Budget,
C07171,49,Female,Pune,01-09-2025,Regular,
C07172,50,Female,Pune,30-09-2025,Premium,
C07173,34,Female,Delhi,21-10-2024,Regular,
C07174,56,Female,Delhi,21-09-2024,Regular,
C07175,20,Female,Guntur,30-01-2025,Budget,
C07176,58,Male,Chennai,27-04-2024,Regular,
C07177,32,Female,Hyderabad,05-02-2024,Regular,
C07178,47,Male,Guntur,22-01-2024,Regular,
C07179,60,Female,Hyderabad,24-06-2023,Regular,
C07180,30,Male,Ahmedabad,10-07-2025,Regular,
C07181,37,Male,Mumbai,18-12-2023,Budget,
C07182,56,Female,Guntur,08-11-2023,Regular,
C07183,58,Male,Bengaluru,21-11-2025,Regular,
C07184,29,Male,Bengaluru,08-07-2024,Regular,
C07185,41,Male,Delhi,11-11-2024,Premium,
C07186,33,Female,Delhi,26-09-2023,Budget,
C07187,42,Male,Ahmedabad,31-10-2023,Budget,
C07188,35,Male,Kolkata,08-03-2025,Regular,
C07189,18,Female,Vijayawada,08-05-2024,Regular,
C07190,61,Female,Kolkata,11-06-2023,Budget,
C07191,47,Female,Chennai,03-07-2025,Budget,
C07192,39,Male,Hyderabad,17-03-2024,Budget,
C07193,23,Female,Chennai,01-01-2025,Budget,
C07194,21,Female,Vijayawada,09-01-2024,Regular,
C07195,40,Female,Ahmedabad,05-09-2024,Budget,
C07196,48,Female,Ahmedabad,29-04-2025,Regular,
C07197,30,Male,Chennai,27-08-2025,Regular,
C07198,52,Female,Delhi,16-08-2023,Regular,
C07199,36,Female,Ahmedabad,06-01-2025,Premium,
C07200,18,Male,Vijayawada,28-09-2025,Budget,
C07201,43,Male,Pune,04-12-2024,Budget,
C07202,26,Male,Hyderabad,06-06-2023,Budget,
C07203,18,Female,Guntur,27-07-2023,Budget,
C07204,24,Male,Vijayawada,11-08-2023,Regular,
C07205,31,Female,Hyderabad,27-04-2023,Budget,
C07206,42,Female,Mumbai,05-04-2025,Regular,
C07207,64,Male,Vijayawada,22-11-2025,Premium,
C07208,28,Male,Vijayawada,19-07-2024,Budget,
C07209,20,Male,Vijayawada,17-10-2024,Budget,
C07210,26,Male,Vijayawada,27-04-2025,Regular,
C07211,33,Female,Hyderabad,31-03-2024,Regular,
C07212,27,Female,Bengaluru,01-06-2024,Budget,
C07213,33,Female,Delhi,06-10-2024,Regular,
C07214,63,Other,Kolkata,30-11-2023,Budget,
C07215,35,Male,Delhi,13-09-2024,Regular,
C07216,47,Female,Chennai,19-06-2025,Regular,
C07217,50,Male,Chennai,22-03-2023,Budget,
C07218,24,Female,Kolkata,26-08-2023,Budget,
C07219,29,Male,Vijayawada,15-10-2023,Regular,
C07220,37,Male,Guntur,30-05-2025,Regular,
C07221,39,Female,Bengaluru,06-07-2024,Premium,
C07222,18,Female,Bengaluru,08-08-2024,Regular,
C07223,48,Male,Chennai,07-12-2024,Regular,
C07224,32,Male,Ahmedabad,30-10-2023,Regular,
C07225,33,Female,Hyderabad,20-02-2025,Regular,
C07226,46,Female,Ahmedabad,03-02-2023,Budget,
C07227,62,Female,Pune,05-05-2023,Budget,
C07228,58,Male,Kolkata,12-06-2025,Regular,
C07229,64,Male,Guntur,21-12-2024,Budget,
C07230,37,Female,Pune,13-07-2023,Budget,
C07231,23,Female,Kolkata,25-04-2024,Budget,
C07232,28,Male,Delhi,26-02-2023,Premium,
C07233,34,Male,Kolkata,05-01-2025,Regular,
C07234,32,Male,Mumbai,07-04-2025,Regular,
C07235,27,Female,Hyderabad,01-11-2023,Premium,
C07236,25,Male,Hyderabad,19-01-2024,Regular,
C07237,26,Female,Ahmedabad,17-09-2023,Regular,
C07238,48,Female,Kolkata,02-03-2024,Regular,
C07239,41,Male,Delhi,26-10-2023,Regular,
C07240,19,Male,Ahmedabad,28-09-2023,Premium,
C07241,44,Male,Delhi,16-04-2024,Regular,
C07242,57,Male,Chennai,29-07-2025,Regular,
C07243,38,Female,Pune,15-04-2025,Regular,
C07244,32,Other,Mumbai,22-11-2023,Regular,
C07245,30,Male,Vijayawada,29-10-2025,Regular,
C07246,35,Female,Ahmedabad,19-08-2023,Budget,
C07247,31,Male,Ahmedabad,24-09-2025,Budget,
C07248,61,Female,Kolkata,05-12-2023,Budget,
C07249,64,Female,Kolkata,14-08-2024,Regular,
C07250,34,Male,Ahmedabad,11-08-2023,Budget,
C07251,61,Female,Delhi,14-04-2025,Premium,
C07252,58,Female,Guntur,14-12-2023,Budget,
C07253,21,Male,Hyderabad,13-08-2025,Budget,
C07254,41,Other,Kolkata,01-04-2023,Regular,
C07255,48,Male,Pune,03-07-2024,Budget,
C07256,37,Male,Hyderabad,23-06-2023,Budget,
C07257,39,Female,Kolkata,31-08-2025,Budget,
C07258,41,Male,Hyderabad,01-04-2024,Regular,
C07259,50,Male,Ahmedabad,08-01-2025,Budget,
C07260,31,Male,Pune,21-08-2025,Regular,
C07261,46,Male,Kolkata,09-08-2024,Budget,
C07262,29,Male,Kolkata,04-03-2023,Budget,
C07263,59,Male,Mumbai,30-08-2023,Budget,
C07264,21,Female,Kolkata,21-08-2023,Budget,
C07265,21,Male,Chennai,28-09-2025,Regular,
C07266,19,Female,Ahmedabad,21-09-2025,Regular,
C07267,34,Female,Hyderabad,06-06-2024,Regular,
C07268,46,Male,Bengaluru,01-09-2025,Premium,
C07269,64,Female,Ahmedabad,27-09-2023,Budget,
C07270,39,Female,Hyderabad,13-01-2025,Premium,
C07271,26,Female,Vijayawada,05-03-2024,Regular,
C07272,35,Female,Hyderabad,21-09-2023,Regular,
C07273,23,Male,Pune,01-10-2023,Premium,
C07274,40,Male,Vijayawada,04-04-2024,Budget,
C07275,52,Female,Kolkata,07-01-2024,Regular,
C07276,19,Female,Kolkata,20-08-2023,Regular,
C07277,54,Female,Kolkata,01-01-2024,Regular,
C07278,28,Female,Ahmedabad,21-05-2023,Budget,
C07279,49,Male,Bengaluru,27-11-2025,Budget,
C07280,56,Male,Mumbai,21-02-2024,Premium,
C07281,54,Other,Bengaluru,28-04-2023,Regular,
C07282,49,Male,Chennai,22-09-2024,Budget,
C07283,50,Female,Chennai,25-08-2025,Budget,
C07284,26,Other,Kolkata,30-01-2024,Regular,
C07285,24,Male,Vijayawada,14-07-2025,Budget,
C07286,35,Male,Pune,30-10-2024,Budget,
C07287,46,Female,Hyderabad,20-03-2025,Premium,
C07288,47,Female,Kolkata,21-11-2023,Budget,
C07289,54,Female,Pune,10-02-2023,Budget,
C07290,32,Male,Ahmedabad,14-01-2024,Regular,
C07291,58,Male,Mumbai,09-10-2025,Budget,
C07292,39,Male,Delhi,15-05-2025,Budget,
C07293,29,Male,Kolkata,08-05-2025,Regular,
C07294,52,Male,Ahmedabad,19-08-2025,Regular,
C07295,23,Female,Chennai,13-02-2024,Regular,
C07296,37,Male,Pune,19-12-2023,Regular,
C07297,54,Female,Vijayawada,10-10-2025,Regular,
C07298,54,Female,Hyderabad,17-09-2024,Regular,
C07299,30,Female,Mumbai,23-11-2023,Regular,
C07300,25,Female,Pune,01-11-2023,Regular,
C07301,19,Male,Vijayawada,18-08-2025,Budget,
C07302,22,Female,Vijayawada,28-02-2023,Regular,
C07303,56,Male,Pune,09-03-2023,Budget,
C07304,54,Male,Pune,18-03-2025,Budget,
C07305,41,Female,Delhi,02-01-2023,Premium,
C07306,44,Male,Delhi,07-07-2023,Budget,
C07307,33,Male,Ahmedabad,20-12-2025,Budget,
C07308,27,Female,Pune,11-04-2024,Budget,
C07309,18,Male,Pune,07-03-2025,Regular,
C07310,49,Male,Guntur,17-06-2024,Regular,
C07311,19,Male,Bengaluru,10-04-2023,Regular,
C07312,22,Male,Vijayawada,21-07-2023,Regular,
C07313,55,Female,Ahmedabad,13-04-2025,Regular,
C07314,45,Female,Pune,14-04-2023,Premium,
C07315,41,Male,Pune,13-10-2024,Regular,
C07316,28,Female,Pune,17-01-2024,Budget,
C07317,25,Other,Pune,10-02-2024,Premium,
C07318,39,Female,Mumbai,08-11-2025,Budget,
C07319,34,Female,Ahmedabad,25-10-2024,Regular,
C07320,43,Female,Chennai,04-11-2024,Budget,
C07321,25,Female,Kolkata,19-01-2024,Regular,
C07322,28,Female,Pune,22-02-2024,Premium,
C07323,23,Male,Mumbai,20-01-2025,Regular,
C07324,37,Male,Guntur,12-02-2023,Regular,
C07325,30,Male,Mumbai,17-09-2023,Premium,
C07326,28,Female,Kolkata,19-10-2024,Regular,
C07327,43,Male,Chennai,13-11-2024,Budget,
C07328,41,Female,Chennai,12-04-2023,Regular,
C07329,27,Male,Pune,12-05-2025,Budget,
C07330,50,Female,Vijayawada,17-08-2024,Regular,
C07331,34,Male,Chennai,18-09-2023,Budget,
C07332,34,Male,Bengaluru,03-04-2025,Budget,
C07333,40,Male,Bengaluru,21-12-2025,Regular,
C07334,24,Female,Delhi,08-04-2024,Budget,
C07335,37,Female,Ahmedabad,07-11-2023,Budget,
C07336,45,Male,Ahmedabad,24-11-2023,Budget,
C07337,24,Female,Chennai,10-10-2024,Budget,
C07338,44,Female,,21-02-2023,Regular,
C07339,19,Female,Bengaluru,13-06-2024,Regular,
C07340,46,Female,Pune,28-01-2023,Budget,
C07341,19,Female,Guntur,12-02-2023,Budget,
C07342,26,Female,Guntur,15-04-2024,Budget,
C07343,34,Female,Ahmedabad,27-03-2025,Regular,
C07344,46,Female,Mumbai,25-08-2025,Regular,
C07345,51,Female,Ahmedabad,06-04-2023,Budget,
C07346,40,Male,Mumbai,25-09-2023,Premium,
C07347,24,Male,Mumbai,06-04-2024,Budget,
C07348,36,Female,Pune,20-09-2024,Regular,
C07349,54,Female,Kolkata,16-12-2025,Regular,
C07350,22,Female,Chennai,19-01-2025,Budget,
C07351,51,Other,Vijayawada,12-08-2024,Budget,
C07352,36,Female,Guntur,08-03-2023,Regular,
C07353,18,Male,Chennai,30-03-2023,Regular,
C07354,50,Female,Chennai,17-06-2023,Regular,
C07355,19,Male,Hyderabad,24-12-2024,Regular,
C07356,35,Female,Delhi,29-12-2023,Premium,
C07357,27,Female,Bengaluru,21-09-2023,Regular,
C07358,45,Male,Vijayawada,03-01-2025,Regular,
C07359,20,Female,Guntur,11-06-2025,Budget,
C07360,22,Female,Guntur,25-04-2024,Premium,
C07361,42,Male,Chennai,23-08-2025,Budget,
C07362,64,Female,Kolkata,14-03-2025,Budget,
C07363,19,Female,Delhi,23-02-2025,Regular,
C07364,39,Female,Chennai,08-08-2025,Premium,
C07365,55,Male,Pune,21-07-2023,Budget,
C07366,31,Male,Bengaluru,10-04-2025,Budget,
C07367,41,Female,Vijayawada,14-11-2025,Premium,
C07368,57,Male,Bengaluru,22-12-2025,Regular,
C07369,52,Male,Mumbai,24-09-2024,Regular,
C07370,31,Female,Chennai,06-04-2025,Regular,
C07371,53,Female,Pune,31-08-2025,Regular,
C07372,49,Female,Kolkata,22-07-2025,Premium,
C07373,41,Female,Vijayawada,10-09-2025,Budget,
C07374,38,Male,Mumbai,30-06-2025,Regular,
C07375,61,Male,Chennai,22-02-2024,Regular,
C07376,59,Female,Hyderabad,10-03-2025,Premium,
C07377,64,Male,Pune,25-03-2024,Regular,
C07378,49,Male,Vijayawada,27-05-2025,Budget,
C07379,34,Female,Hyderabad,06-06-2025,Regular,
C07380,23,Male,Vijayawada,20-10-2025,Premium,
C07381,23,Female,Chennai,06-10-2024,Premium,
C07382,62,Female,Vijayawada,04-06-2024,Budget,
C07383,35,Female,Hyderabad,01-07-2023,Budget,
C07384,23,Male,Guntur,29-11-2024,Regular,
C07385,28,Male,Mumbai,12-09-2024,Regular,
C07386,18,Female,Chennai,17-07-2024,Budget,
C07387,42,Female,Chennai,10-01-2025,Budget,
C07388,45,Female,Bengaluru,20-07-2025,Budget,
C07389,35,Male,Ahmedabad,12-06-2023,Budget,
C07390,52,Female,Hyderabad,17-04-2024,Budget,
C07391,40,Male,Delhi,01-03-2025,Premium,
C07392,63,Male,Vijayawada,16-06-2025,Regular,
C07393,53,Male,Delhi,02-05-2025,Budget,
C07394,21,Male,Guntur,25-05-2025,Regular,
C07395,30,Male,Kolkata,25-07-2025,Regular,
C07396,53,Male,Ahmedabad,19-11-2025,Regular,
C07397,43,Female,Vijayawada,27-10-2024,Premium,
C07398,53,Female,,30-09-2023,Budget,
C07399,33,Male,Mumbai,09-09-2024,Premium,
C07400,19,Male,Mumbai,16-02-2025,Budget,
C07401,54,Female,Hyderabad,21-04-2023,Regular,
C07402,54,Male,Bengaluru,08-04-2025,Premium,
C07403,48,Male,Bengaluru,18-08-2024,Regular,
C07404,37,Female,Vijayawada,22-10-2025,Budget,
C07405,18,Female,Guntur,20-08-2023,Budget,
C07406,52,Female,Pune,20-09-2025,Budget,
C07407,49,Male,Guntur,05-05-2024,Budget,
C07408,49,Male,Mumbai,20-09-2024,Budget,
C07409,25,Male,Delhi,23-12-2024,Budget,
C07410,52,Female,Guntur,26-09-2024,Regular,
C07411,52,Male,Bengaluru,16-09-2025,Budget,
C07412,58,Male,Bengaluru,03-07-2023,Regular,
C07413,44,Male,Pune,10-03-2025,Regular,
C07414,52,Female,Chennai,03-12-2025,Budget,
C07415,36,Male,Kolkata,30-08-2023,Regular,
C07416,50,Male,Kolkata,07-10-2023,Regular,
C07417,50,Female,Mumbai,04-06-2024,Regular,
C07418,54,Female,Bengaluru,04-03-2025,Regular,
C07419,58,Female,Hyderabad,16-11-2025,Regular,
C07420,18,Female,Delhi,21-05-2025,Regular,
C07421,54,Male,Mumbai,19-05-2025,Regular,
C07422,55,Female,Hyderabad,28-04-2024,Regular,
C07423,43,Male,Kolkata,07-12-2024,Regular,
C07424,42,Female,Vijayawada,20-08-2023,Regular,
C07425,51,Male,Vijayawada,22-05-2024,Regular,
C07426,39,Female,Bengaluru,26-07-2023,Regular,
C07427,37,Female,Bengaluru,30-01-2023,Regular,
C07428,55,Male,Delhi,26-07-2025,Regular,
C07429,55,Male,Vijayawada,31-05-2025,Budget,
C07430,27,Female,Pune,13-07-2024,Budget,
C07431,56,Male,Delhi,16-01-2023,Regular,
C07432,33,Other,Vijayawada,09-04-2023,Regular,
C07433,24,Male,Kolkata,03-05-2023,Budget,
C07434,59,Female,Vijayawada,24-02-2025,Premium,
C07435,29,Female,Guntur,11-08-2023,Regular,
C07436,27,Male,Vijayawada,01-10-2023,Regular,
C07437,30,Female,Pune,31-07-2025,Regular,
C07438,41,Female,Mumbai,17-08-2025,Budget,
C07439,25,Female,Hyderabad,15-04-2025,Budget,
C07440,25,Female,Ahmedabad,05-12-2023,Budget,
C07441,36,Female,Chennai,27-09-2024,Regular,
C07442,28,Male,Hyderabad,08-08-2023,Budget,
C07443,27,Male,Guntur,28-07-2025,Regular,
C07444,60,Male,Delhi,03-04-2023,Regular,
C07445,45,Female,Pune,26-03-2025,Budget,
C07446,18,Female,Ahmedabad,14-07-2024,Regular,
C07447,22,Male,Mumbai,09-04-2025,Regular,
C07448,56,Female,Guntur,08-05-2024,Regular,
C07449,30,Male,Pune,23-06-2023,Premium,
C07450,25,Female,Pune,02-04-2025,Budget,
C07451,49,Female,Chennai,22-11-2024,Budget,
C07452,57,Female,Ahmedabad,23-05-2024,Premium,
C07453,36,Female,Chennai,13-02-2024,Budget,
C07454,52,Female,Kolkata,12-01-2024,Regular,
C07455,37,Male,Guntur,10-06-2024,Budget,
C07456,23,Female,Bengaluru,14-10-2023,Regular,
C07457,55,Male,Delhi,06-11-2023,Regular,
C07458,61,Female,Kolkata,01-11-2023,Regular,
C07459,64,Female,Chennai,14-01-2023,Budget,
C07460,22,Male,Hyderabad,12-10-2025,Regular,
C07461,44,Male,Delhi,17-09-2023,Premium,
C07462,47,Male,Delhi,30-06-2023,Regular,
C07463,21,Other,Vijayawada,15-06-2023,Premium,
C07464,62,Male,Guntur,18-12-2025,Premium,
C07465,22,Female,Bengaluru,06-06-2024,Regular,
C07466,30,Male,Chennai,24-12-2023,Regular,
C07467,63,Female,Bengaluru,18-03-2024,Regular,
C07468,44,Female,Vijayawada,07-04-2023,Premium,
C07469,49,Male,Mumbai,10-12-2023,Regular,
C07470,41,Female,Guntur,30-09-2023,Budget,
C07471,53,Male,Hyderabad,29-05-2025,Budget,
C07472,21,Female,Pune,05-03-2023,Regular,
C07473,49,Male,Hyderabad,10-04-2024,Premium,
C07474,21,Female,Pune,15-05-2025,Budget,
C07475,26,Male,Hyderabad,01-07-2025,Premium,
C07476,41,Female,Bengaluru,15-07-2024,Budget,
C07477,39,Male,Bengaluru,01-09-2023,Regular,
C07478,25,Female,Ahmedabad,05-01-2024,Premium,
C07479,55,Male,Kolkata,01-09-2023,Premium,
C07480,32,Male,Pune,25-12-2024,Regular,
C07481,58,Female,Bengaluru,17-11-2023,Premium,
C07482,18,Male,Chennai,21-11-2024,Regular,
C07483,29,Female,Mumbai,18-12-2024,Premium,
C07484,31,Female,Vijayawada,26-10-2025,Premium,
C07485,46,Male,Ahmedabad,10-02-2024,Regular,
C07486,36,Female,Hyderabad,18-11-2025,Budget,
C07487,25,Male,Hyderabad,14-03-2024,Budget,
C07488,44,Female,Mumbai,15-01-2025,Budget,
C07489,63,Female,Chennai,25-12-2024,Budget,
C07490,24,Male,Delhi,14-06-2025,Budget,
C07491,29,Male,Vijayawada,28-05-2024,Budget,
C07492,40,Female,Bengaluru,17-05-2025,Regular,
C07493,52,Female,Pune,25-01-2024,Budget,
C07494,24,Male,Delhi,21-06-2024,Budget,
C07495,28,Male,Kolkata,01-07-2024,Budget,
C07496,29,Male,Pune,10-02-2025,Budget,
C07497,46,Female,Pune,08-11-2024,Regular,
C07498,21,Female,Chennai,27-03-2023,Premium,
C07499,48,Male,Vijayawada,04-06-2025,Regular,
C07500,37,Female,Chennai,10-04-2025,Regular,
C07501,33,Female,Bengaluru,25-04-2023,Premium,
C07502,58,Female,Hyderabad,19-11-2025,Regular,
C07503,56,Male,Hyderabad,24-12-2024,Budget,
C07504,55,Male,Mumbai,04-04-2023,Budget,
C07505,59,Male,Guntur,22-06-2024,Regular,
C07506,28,Female,Bengaluru,04-07-2025,Regular,
C07507,58,Male,Hyderabad,03-11-2023,Regular,
C07508,26,Male,Pune,18-10-2025,Budget,
C07509,33,Female,Pune,03-04-2024,Premium,
C07510,44,Female,Pune,05-09-2023,Regular,
C07511,52,Male,Hyderabad,26-01-2024,Premium,
C07512,45,Male,Chennai,28-07-2024,Regular,
C07513,44,Male,Mumbai,23-01-2025,Budget,
C07514,35,Male,Ahmedabad,13-10-2025,Regular,
C07515,45,Male,Kolkata,02-08-2023,Budget,
C07516,40,Male,Guntur,17-11-2025,Budget,
C07517,40,Male,Pune,31-07-2024,Premium,
C07518,45,Female,Delhi,21-05-2023,Regular,
C07519,46,Female,Pune,11-10-2025,Budget,
C07520,33,Male,Mumbai,18-01-2024,Regular,
C07521,24,Female,Bengaluru,10-11-2024,Regular,
C07522,32,Male,Pune,03-02-2025,Budget,
C07523,37,Female,Chennai,15-01-2023,Budget,
C07524,25,Female,Chennai,31-08-2023,Premium,
C07525,26,Female,Ahmedabad,21-01-2025,Budget,
C07526,62,Female,Hyderabad,22-12-2023,Premium,
C07527,31,Male,Hyderabad,11-01-2023,Budget,
C07528,52,Male,Mumbai,26-01-2023,Regular,
C07529,24,Female,Pune,23-06-2025,Regular,
C07530,63,Male,Guntur,18-06-2023,Budget,
C07531,27,Female,Pune,20-04-2023,Regular,
C07532,36,Male,Chennai,07-09-2024,Regular,
C07533,54,Male,Mumbai,11-05-2023,Regular,
C07534,27,Female,Mumbai,16-12-2024,Premium,
C07535,43,Female,Mumbai,18-08-2024,Premium,
C07536,54,Female,Kolkata,11-12-2024,Budget,
C07537,19,Female,Ahmedabad,22-06-2024,Regular,
C07538,19,Female,Ahmedabad,02-05-2025,Budget,
C07539,55,Male,Mumbai,07-12-2024,Budget,
C07540,30,Female,Chennai,30-03-2024,Budget,
C07541,60,Male,Hyderabad,17-01-2023,Regular,
C07542,61,Male,Ahmedabad,27-10-2023,Regular,
C07543,59,Other,Vijayawada,24-05-2023,Regular,
C07544,64,Male,Hyderabad,18-01-2023,Premium,
C07545,56,Male,Bengaluru,27-10-2023,Regular,
C07546,36,Male,Chennai,15-08-2023,Budget,
C07547,64,Other,Ahmedabad,26-03-2023,Budget,
C07548,34,Female,Chennai,09-12-2023,Regular,
C07549,45,Male,Hyderabad,08-07-2024,Budget,
C07550,18,Female,Mumbai,15-07-2023,Budget,
C07551,63,Male,Mumbai,27-10-2023,Budget,
C07552,45,Female,Mumbai,23-01-2023,Regular,
C07553,62,Female,Pune,25-02-2023,Regular,
C07554,34,Male,Chennai,22-06-2023,Regular,
C07555,32,Female,Hyderabad,10-05-2024,Regular,
C07556,42,Female,Bengaluru,30-12-2024,Premium,
C07557,58,Male,Ahmedabad,13-05-2025,Regular,
C07558,43,Male,Kolkata,20-11-2024,Regular,
C07559,55,Female,Chennai,06-11-2024,Regular,
C07560,28,Male,Vijayawada,21-10-2025,Budget,
C07561,54,Male,Pune,07-10-2023,Premium,
C07562,52,Female,Ahmedabad,23-05-2025,Regular,
C07563,60,Male,Ahmedabad,22-10-2025,Budget,
C07564,20,Male,Mumbai,13-09-2024,Regular,
C07565,36,Male,Pune,09-07-2025,Regular,
C07566,22,Male,Pune,31-05-2023,Premium,
C07567,36,Female,Delhi,20-08-2025,Budget,
C07568,53,Female,Kolkata,09-09-2024,Budget,
C07569,48,Male,Mumbai,31-08-2023,Premium,
C07570,53,Female,Hyderabad,09-03-2023,Regular,
C07571,52,Male,Hyderabad,27-02-2025,Budget,
C07572,64,Male,Delhi,16-04-2024,Regular,
C07573,59,Female,Vijayawada,06-12-2023,Regular,
C07574,45,Male,Chennai,03-03-2024,Budget,
C07575,59,Female,Pune,21-12-2025,Budget,
C07576,20,Male,Bengaluru,13-04-2024,Budget,
C07577,51,Female,Kolkata,28-03-2023,Budget,
C07578,42,Female,Bengaluru,03-11-2023,Regular,
C07579,62,Male,Delhi,09-06-2023,Budget,
C07580,41,Female,Guntur,20-01-2025,Regular,
C07581,26,Male,Mumbai,26-05-2025,Regular,
C07582,52,Male,Vijayawada,09-07-2025,Regular,
C07583,62,Male,Hyderabad,24-11-2024,Budget,
C07584,18,Female,Hyderabad,21-04-2025,Regular,
C07585,21,Female,Bengaluru,01-04-2024,Budget,
C07586,49,Other,Chennai,18-11-2024,Premium,
C07587,44,Female,Delhi,28-04-2023,Budget,
C07588,43,Male,Vijayawada,12-08-2024,Premium,
C07589,22,Female,Chennai,02-09-2024,Regular,
C07590,44,Female,Mumbai,04-02-2023,Regular,
C07591,44,Female,Hyderabad,23-08-2024,Premium,
C07592,57,Female,Ahmedabad,02-03-2025,Regular,
C07593,36,Female,Pune,07-02-2024,Regular,
C07594,34,Male,Hyderabad,19-08-2024,Budget,
C07595,21,Female,Delhi,10-11-2023,Regular,
C07596,44,Other,Chennai,24-10-2023,Budget,
C07597,48,Female,Delhi,22-05-2023,Regular,
C07598,31,Male,Chennai,25-12-2023,Premium,
C07599,52,Male,Ahmedabad,29-05-2025,Regular,
C07600,62,Female,Hyderabad,21-10-2025,Budget,
C07601,26,Female,Pune,27-11-2024,Premium,
C07602,44,Female,Ahmedabad,14-11-2024,Budget,
C07603,50,Female,Hyderabad,03-11-2024,Premium,
C07604,18,Female,Vijayawada,05-06-2024,Regular,
C07605,26,Female,Ahmedabad,08-04-2024,Budget,
C07606,36,Male,Chennai,10-11-2024,Budget,
C07607,24,Male,Delhi,08-05-2025,Premium,
C07608,34,Female,Kolkata,29-03-2024,Budget,
C07609,24,Male,Pune,11-09-2024,Premium,
C07610,60,Male,Ahmedabad,29-05-2024,Regular,
C07611,46,Female,Guntur,09-11-2023,Regular,
C07612,33,Male,Mumbai,14-11-2023,Regular,
C07613,54,Female,Bengaluru,28-03-2023,Regular,
C07614,18,Male,Delhi,26-04-2024,Regular,
C07615,46,Female,Pune,19-02-2025,Regular,
C07616,50,Male,Ahmedabad,20-01-2025,Regular,
C07617,56,Female,Chennai,15-12-2025,Budget,
C07618,28,Female,Vijayawada,13-02-2023,Regular,
C07619,45,Male,Hyderabad,12-04-2025,Regular,
C07620,54,Male,Pune,20-05-2025,Regular,
C07621,55,Male,Delhi,22-04-2024,Regular,
C07622,26,Male,Kolkata,06-11-2023,Regular,
C07623,63,Male,Chennai,27-01-2024,Budget,
C07624,30,Male,Vijayawada,17-01-2025,Premium,
C07625,36,Female,Hyderabad,02-08-2025,Regular,
C07626,27,Male,Guntur,04-12-2024,Premium,
C07627,25,Male,Delhi,17-07-2024,Regular,
C07628,30,Male,Pune,15-12-2024,Regular,
C07629,24,Male,Mumbai,19-03-2023,Regular,
C07630,52,Female,Mumbai,27-10-2024,Budget,
C07631,46,Female,Delhi,16-02-2023,Budget,
C07632,36,Female,Mumbai,16-11-2025,Regular,
C07633,43,Female,Hyderabad,31-08-2025,Budget,
C07634,46,Male,Delhi,10-07-2024,Budget,
C07635,26,Male,Delhi,14-02-2024,Regular,
C07636,31,Female,Ahmedabad,12-03-2025,Budget,
C07637,59,Male,Delhi,29-11-2024,Budget,
C07638,18,Female,Pune,11-02-2025,Regular,
C07639,62,Female,Delhi,18-07-2024,Budget,
C07640,63,Female,Delhi,16-09-2023,Budget,
C07641,29,Female,Ahmedabad,22-03-2023,Budget,
C07642,33,Female,Kolkata,07-11-2023,Regular,
C07643,27,Male,Vijayawada,02-08-2024,Premium,
C07644,44,Male,Delhi,09-04-2024,Budget,
C07645,28,Female,Hyderabad,08-07-2024,Regular,
C07646,55,Female,Pune,01-11-2023,Budget,
C07647,36,Male,Mumbai,23-10-2025,Regular,
C07648,63,Male,Hyderabad,06-02-2024,Budget,
C07649,58,Male,Guntur,15-07-2025,Regular,
C07650,36,Female,Kolkata,04-03-2024,Regular,
C07651,46,Male,Kolkata,30-04-2024,Regular,
C07652,19,Male,Kolkata,23-10-2024,Budget,
C07653,21,Male,Vijayawada,16-10-2023,Regular,
C07654,41,Other,Kolkata,29-08-2023,Budget,
C07655,40,Female,Ahmedabad,20-02-2024,Regular,
C07656,36,Female,Ahmedabad,30-05-2025,Regular,
C07657,22,Female,Ahmedabad,08-06-2023,Regular,
C07658,57,Male,Ahmedabad,24-04-2024,Regular,
C07659,37,Female,Hyderabad,05-01-2025,Regular,
C07660,40,Female,Delhi,12-02-2025,Regular,
C07661,36,Male,Chennai,20-04-2024,Budget,
C07662,41,Female,Guntur,31-03-2023,Regular,
C07663,48,Other,Pune,18-01-2023,Regular,
C07664,53,Male,Pune,05-06-2025,Regular,
C07665,43,Male,Pune,31-01-2023,Regular,
C07666,25,Female,Kolkata,29-08-2025,Regular,
C07667,59,Male,Ahmedabad,10-01-2025,Regular,
C07668,31,Female,Chennai,09-01-2023,Budget,
C07669,18,Male,Vijayawada,12-01-2024,Regular,
C07670,19,Female,Ahmedabad,30-08-2023,Premium,
C07671,54,Female,Chennai,05-11-2025,Budget,
C07672,36,Female,Kolkata,30-08-2024,Budget,
C07673,19,Male,Delhi,21-12-2023,Regular,
C07674,56,Other,Mumbai,01-11-2023,Budget,
C07675,32,Female,Guntur,09-09-2024,Regular,
C07676,63,Female,Chennai,06-01-2023,Regular,
C07677,59,Female,Guntur,09-10-2023,Regular,
C07678,20,Female,Kolkata,01-07-2023,Premium,
C07679,50,Female,Guntur,10-11-2024,Premium,
C07680,46,Male,Ahmedabad,02-01-2025,Regular,
C07681,26,Male,Kolkata,26-05-2024,Premium,
C07682,34,Female,Bengaluru,03-06-2023,Budget,
C07683,41,Male,Vijayawada,10-02-2024,Budget,
C07684,24,Female,Kolkata,11-07-2025,Regular,
C07685,51,Male,Mumbai,12-08-2023,Regular,
C07686,31,Male,Chennai,28-06-2023,Budget,
C07687,62,Female,Bengaluru,03-05-2023,Regular,
C07688,55,Male,Mumbai,13-06-2025,Budget,
C07689,47,Other,Bengaluru,12-05-2023,Budget,
C07690,23,Other,Guntur,28-09-2024,Regular,
C07691,19,Male,Delhi,29-12-2025,Premium,
C07692,24,Male,Kolkata,03-12-2024,Regular,
C07693,41,Male,Guntur,27-03-2024,Regular,
C07694,54,Female,Vijayawada,15-08-2023,Regular,
C07695,25,Male,Delhi,03-01-2023,Budget,
C07696,51,Female,Hyderabad,20-06-2023,Regular,
C07697,20,Other,Kolkata,09-11-2025,Regular,
C07698,30,Male,Vijayawada,07-06-2023,Regular,
C07699,46,Female,Mumbai,22-01-2023,Regular,
C07700,56,Male,Bengaluru,12-06-2025,Premium,
C07701,54,Female,Ahmedabad,03-04-2024,Regular,
C07702,43,Male,Kolkata,26-01-2024,Budget,
C07703,19,Female,Bengaluru,24-02-2025,Premium,
C07704,31,Male,Hyderabad,26-07-2024,Budget,
C07705,54,Female,Pune,28-09-2025,Premium,
C07706,21,Male,Bengaluru,27-05-2024,Regular,
C07707,51,Female,Bengaluru,19-02-2025,Regular,
C07708,51,Female,Mumbai,20-08-2025,Regular,
C07709,53,Female,Delhi,22-05-2024,Regular,
C07710,28,Female,Guntur,08-11-2023,Regular,
C07711,29,Male,Delhi,03-12-2025,Regular,
C07712,27,Male,Guntur,06-09-2023,Regular,
C07713,36,Male,Kolkata,13-02-2023,Regular,
C07714,42,Female,Mumbai,25-09-2024,Regular,
C07715,23,Male,Pune,16-12-2025,Regular,
C07716,44,Male,Bengaluru,05-04-2023,Budget,
C07717,29,Female,Vijayawada,19-07-2025,Regular,
C07718,44,Male,Mumbai,28-06-2025,Regular,
C07719,32,Female,Vijayawada,14-10-2025,Regular,
C07720,62,Male,Kolkata,06-04-2024,Regular,
C07721,33,Male,Chennai,06-10-2023,Premium,
C07722,58,Female,Delhi,14-07-2024,Budget,
C07723,26,Female,Bengaluru,05-06-2023,Regular,
C07724,21,Female,Kolkata,11-07-2025,Regular,
C07725,26,Male,Hyderabad,27-12-2024,Budget,
C07726,37,Male,Kolkata,13-06-2024,Budget,
C07727,60,Male,Bengaluru,18-07-2024,Regular,
C07728,26,Male,Bengaluru,18-02-2025,Budget,
C07729,54,Female,Chennai,26-07-2024,Regular,
C07730,50,Male,Hyderabad,08-07-2025,Premium,
C07731,34,Female,Guntur,09-10-2025,Budget,
C07732,33,Female,Vijayawada,06-11-2025,Regular,
C07733,62,Male,Vijayawada,09-11-2024,Budget,
C07734,51,Female,Ahmedabad,24-03-2025,Regular,
C07735,29,Male,Chennai,07-12-2023,Regular,
C07736,60,Female,Ahmedabad,11-02-2023,Regular,
C07737,37,Male,Ahmedabad,14-03-2024,Regular,
C07738,21,Female,Chennai,12-08-2025,Regular,
C07739,56,Male,Guntur,27-05-2023,Regular,
C07740,58,Male,Vijayawada,20-08-2024,Premium,
C07741,38,Male,Mumbai,30-07-2023,Premium,
C07742,51,Male,Pune,15-04-2024,Regular,
C07743,29,Female,Guntur,06-06-2023,Budget,
C07744,57,Male,Chennai,15-03-2025,Regular,
C07745,35,Other,Vijayawada,06-06-2025,Premium,
C07746,30,Female,Mumbai,10-04-2025,Regular,
C07747,41,Male,Vijayawada,10-02-2025,Regular,
C07748,30,Male,Chennai,15-09-2023,Regular,
C07749,47,Male,Ahmedabad,03-08-2024,Regular,
C07750,53,Female,Pune,25-04-2023,Regular,
C07751,37,Male,Mumbai,07-07-2024,Premium,
C07752,54,Female,Delhi,02-01-2025,Budget,
C07753,38,Male,Chennai,16-04-2023,Budget,
C07754,63,Male,Kolkata,09-06-2025,Regular,
C07755,30,Male,Vijayawada,17-05-2024,Regular,
C07756,51,Female,Pune,22-08-2025,Regular,
C07757,43,Female,Chennai,31-07-2024,Budget,
C07758,62,Female,Kolkata,21-08-2024,Regular,
C07759,28,Male,Delhi,28-01-2025,Regular,
C07760,27,Male,Vijayawada,16-06-2025,Regular,
C07761,58,Female,Chennai,22-06-2023,Regular,
C07762,60,Female,Pune,13-07-2024,Regular,
C07763,53,Female,Delhi,02-02-2023,Regular,
C07764,40,Male,Guntur,03-06-2024,Budget,
C07765,37,Female,Bengaluru,09-06-2025,Regular,
C07766,49,Male,Kolkata,05-08-2025,Regular,
C07767,53,Other,Guntur,07-11-2023,Budget,
C07768,30,Male,Mumbai,28-02-2024,Premium,
C07769,18,Female,Pune,09-03-2024,Regular,
C07770,21,Male,Chennai,14-07-2023,Budget,
C07771,34,Female,Delhi,30-11-2023,Regular,
C07772,50,Female,Vijayawada,21-07-2024,Budget,
C07773,38,Female,Mumbai,05-10-2025,Regular,
C07774,47,Male,Chennai,19-08-2024,Budget,
C07775,40,Male,Pune,28-02-2024,Budget,
C07776,29,Female,Delhi,24-12-2024,Regular,
C07777,53,Female,Ahmedabad,26-04-2025,Regular,
C07778,52,Female,Hyderabad,16-04-2024,Budget,
C07779,63,Male,Vijayawada,19-06-2024,Budget,
C07780,56,Male,Ahmedabad,27-08-2023,Budget,
C07781,35,Male,Guntur,04-08-2025,Budget,
C07782,51,Female,Delhi,07-08-2025,Regular,
C07783,34,Male,Delhi,11-07-2023,Budget,
C07784,59,Male,Mumbai,14-01-2024,Regular,
C07785,46,Female,Guntur,25-10-2023,Regular,
C07786,57,Female,Hyderabad,07-10-2025,Budget,
C07787,31,Female,Pune,13-03-2023,Regular,
C07788,18,Male,Chennai,16-08-2023,Regular,
C07789,24,Male,Kolkata,11-12-2023,Regular,
C07790,42,Female,Vijayawada,05-09-2024,Regular,
C07791,63,Male,Kolkata,30-09-2023,Budget,
C07792,47,Female,Hyderabad,10-08-2024,Regular,
C07793,56,Male,Mumbai,29-03-2025,Premium,
C07794,40,Female,Hyderabad,26-06-2025,Regular,
C07795,63,Male,Delhi,19-04-2023,Regular,
C07796,62,Female,Bengaluru,02-06-2023,Regular,
C07797,28,Female,Kolkata,15-04-2023,Premium,
C07798,58,Male,Pune,23-09-2025,Budget,
C07799,18,Male,Mumbai,15-12-2024,Regular,
C07800,45,Female,Guntur,04-08-2024,Regular,
C07801,38,Female,Ahmedabad,16-05-2025,Regular,
C07802,32,Male,Kolkata,03-10-2024,Regular,
C07803,61,Male,Mumbai,15-09-2023,Regular,
C07804,49,Female,Chennai,12-07-2024,Regular,
C07805,24,Female,Pune,09-02-2025,Regular,
C07806,24,Female,Ahmedabad,09-02-2023,Budget,
C07807,23,Male,Guntur,25-10-2024,Premium,
C07808,32,Female,Ahmedabad,28-06-2024,Budget,
C07809,21,Male,Hyderabad,18-03-2023,Budget,
C07810,30,Male,Vijayawada,16-10-2023,Budget,
C07811,53,Female,Chennai,06-05-2024,Regular,
C07812,59,Male,Hyderabad,11-01-2024,Regular,
C07813,54,Female,Pune,14-11-2023,Regular,
C07814,41,Male,Delhi,11-12-2024,Regular,
C07815,50,Male,Bengaluru,18-03-2024,Budget,
C07816,62,Female,Chennai,28-06-2024,Budget,
C07817,20,Male,Chennai,24-05-2025,Premium,
C07818,60,Female,Delhi,13-04-2023,Regular,
C07819,51,Female,Ahmedabad,30-01-2024,Premium,
C07820,36,Male,Kolkata,21-03-2023,Budget,
C07821,39,Female,Hyderabad,12-10-2025,Premium,
C07822,38,Female,Bengaluru,23-07-2023,Premium,
C07823,25,Female,Kolkata,16-06-2025,Regular,
C07824,28,Male,Guntur,29-07-2023,Regular,
C07825,31,Female,Hyderabad,21-12-2023,Budget,
C07826,18,Female,Mumbai,29-06-2025,Regular,
C07827,41,Female,Bengaluru,14-07-2023,Regular,
C07828,40,Male,Delhi,22-08-2023,Regular,
C07829,33,Male,Mumbai,23-08-2025,Budget,
C07830,26,Female,Bengaluru,19-12-2023,Regular,
C07831,63,Female,Vijayawada,18-08-2023,Regular,
C07832,49,Female,Ahmedabad,25-03-2025,Regular,
C07833,40,Female,Pune,10-04-2023,Regular,
C07834,51,Male,Ahmedabad,07-08-2025,Premium,
C07835,35,Female,Mumbai,16-08-2025,Budget,
C07836,28,Male,Vijayawada,26-07-2025,Budget,
C07837,49,Male,Delhi,20-11-2023,Budget,
C07838,54,Male,Mumbai,06-05-2023,Regular,
C07839,48,Female,Pune,10-04-2024,Regular,
C07840,44,Male,Pune,02-01-2024,Regular,
C07841,18,Female,Kolkata,16-11-2025,Premium,
C07842,47,Male,Guntur,22-11-2024,Regular,
C07843,47,Male,Chennai,31-10-2025,Budget,
C07844,37,Female,Ahmedabad,02-04-2025,Regular,
C07845,29,Male,Bengaluru,21-02-2025,Regular,
C07846,64,Male,Chennai,03-05-2023,Regular,
C07847,35,Male,Delhi,17-03-2023,Budget,
C07848,30,Female,Pune,20-02-2023,Regular,
C07849,51,Female,Kolkata,11-10-2024,Regular,
C07850,40,Female,Bengaluru,09-08-2023,Budget,
C07851,44,Male,Guntur,19-12-2025,Premium,
C07852,48,Male,Pune,26-05-2023,Budget,
C07853,35,Male,Pune,02-11-2025,Premium,
C07854,25,Other,Ahmedabad,01-01-2025,Budget,
C07855,25,Male,Kolkata,27-04-2023,Premium,
C07856,62,Male,Delhi,06-03-2023,Regular,
C07857,41,Female,Delhi,09-03-2024,Budget,
C07858,37,Female,Chennai,07-01-2024,Budget,
C07859,33,Male,Pune,12-12-2023,Regular,
C07860,51,Female,Chennai,01-08-2024,Regular,
C07861,60,Male,Kolkata,23-05-2023,Budget,
C07862,54,Female,Delhi,22-05-2023,Budget,
C07863,43,Female,Chennai,30-01-2025,Regular,
C07864,40,Other,Delhi,20-12-2025,Regular,
C07865,58,Male,Vijayawada,27-10-2023,Regular,
C07866,58,Female,Pune,17-10-2025,Budget,
C07867,36,Male,Mumbai,13-01-2024,Regular,
C07868,63,Female,Delhi,03-01-2024,Budget,
C07869,56,Female,Kolkata,09-04-2023,Regular,
C07870,57,Female,Bengaluru,08-04-2024,Budget,
C07871,20,Female,Pune,29-06-2024,Premium,
C07872,24,Female,Hyderabad,27-12-2024,Regular,
C07873,32,Female,Guntur,23-06-2023,Regular,
C07874,53,Male,Kolkata,26-07-2023,Regular,
C07875,21,Other,Bengaluru,18-04-2024,Premium,
C07876,21,Male,Delhi,18-03-2023,Regular,
C07877,19,Male,Guntur,06-06-2023,Regular,
C07878,27,Female,Vijayawada,19-11-2024,Premium,
C07879,61,Male,Bengaluru,10-11-2025,Budget,
C07880,51,Female,,19-09-2024,Regular,
C07881,51,Male,Bengaluru,08-06-2023,Regular,
C07882,31,Male,Mumbai,21-12-2025,Regular,
C07883,47,Female,Guntur,25-07-2024,Premium,
C07884,54,Female,Ahmedabad,23-02-2025,Regular,
C07885,43,Female,Chennai,04-08-2023,Regular,
C07886,58,Other,Mumbai,25-09-2024,Premium,
C07887,44,Male,Kolkata,25-03-2023,Regular,
C07888,33,Male,Pune,16-11-2024,Budget,
C07889,48,Female,Delhi,10-08-2023,Budget,
C07890,62,Female,Delhi,22-09-2025,Regular,
C07891,56,Female,Vijayawada,01-03-2023,Budget,
C07892,41,Male,Pune,15-12-2024,Regular,
C07893,46,Male,Ahmedabad,02-06-2023,Regular,
C07894,63,Male,Vijayawada,22-01-2025,Budget,
C07895,53,Other,Mumbai,24-06-2024,Premium,
C07896,41,Male,Ahmedabad,25-11-2025,Regular,
C07897,31,Female,Guntur,14-12-2024,Premium,
C07898,60,Male,Chennai,12-02-2024,Budget,
C07899,63,Female,Chennai,06-04-2023,Regular,
C07900,21,Male,Bengaluru,14-10-2024,Regular,
C07901,19,Female,Kolkata,27-04-2024,Regular,
C07902,23,Female,Ahmedabad,27-02-2023,Premium,
C07903,36,Male,Ahmedabad,28-09-2024,Premium,
C07904,25,Male,Mumbai,18-08-2023,Budget,
C07905,59,Male,Ahmedabad,14-09-2023,Regular,
C07906,60,Female,Hyderabad,10-01-2023,Regular,
C07907,26,Female,Kolkata,12-02-2024,Budget,
C07908,56,Male,Delhi,28-08-2023,Premium,
C07909,24,Female,Guntur,20-03-2023,Regular,
C07910,55,Male,Vijayawada,20-04-2024,Regular,
C07911,35,Female,Pune,30-08-2023,Premium,
C07912,19,Other,Kolkata,27-05-2023,Budget,
C07913,38,Female,Vijayawada,26-05-2024,Regular,
C07914,56,Male,Mumbai,11-03-2023,Regular,
C07915,61,Male,Bengaluru,20-12-2025,Regular,
C07916,23,Other,Pune,30-05-2024,Regular,
C07917,57,Male,Mumbai,26-12-2025,Budget,
C07918,31,Female,Kolkata,23-08-2025,Regular,
C07919,39,Female,Ahmedabad,08-12-2025,Budget,
C07920,23,Female,Pune,17-08-2024,Regular,
C07921,63,Female,Mumbai,08-04-2024,Premium,
C07922,55,Female,Pune,27-02-2025,Budget,
C07923,48,Female,Delhi,30-03-2023,Budget,
C07924,52,Male,Bengaluru,09-07-2025,Regular,
C07925,59,Female,Ahmedabad,21-12-2023,Premium,
C07926,24,Male,Mumbai,09-01-2023,Budget,
C07927,29,Female,Pune,18-09-2023,Budget,
C07928,19,Female,Vijayawada,23-09-2023,Regular,
C07929,40,Female,Bengaluru,16-01-2023,Regular,
C07930,41,Male,Delhi,02-01-2025,Budget,
C07931,19,Male,Bengaluru,15-04-2023,Regular,
C07932,49,Female,Delhi,16-07-2025,Regular,
C07933,18,Female,Mumbai,11-05-2024,Regular,
C07934,55,Male,Vijayawada,25-02-2025,Budget,
C07935,51,Female,Mumbai,07-01-2024,Regular,
C07936,56,Female,Kolkata,25-05-2023,Budget,
C07937,23,Female,Bengaluru,17-07-2023,Regular,
C07938,58,Female,Delhi,23-02-2025,Regular,
C07939,43,Other,Guntur,20-10-2023,Budget,
C07940,58,Female,Kolkata,27-01-2024,Budget,
C07941,50,Male,Chennai,31-10-2025,Budget,
C07942,48,Other,Vijayawada,21-07-2025,Budget,
C07943,19,Female,Guntur,28-03-2024,Budget,
C07944,50,Female,Delhi,21-09-2023,Regular,
C07945,39,Female,Vijayawada,26-11-2023,Regular,
C07946,57,Female,Bengaluru,12-08-2024,Budget,
C07947,50,Male,Mumbai,21-07-2023,Regular,
C07948,21,Male,Vijayawada,14-03-2023,Premium,
C07949,59,Male,Vijayawada,26-06-2024,Regular,
C07950,20,Female,Guntur,23-05-2025,Regular,
C07951,32,Female,Bengaluru,16-06-2023,Regular,
C07952,28,Male,Chennai,23-03-2024,Budget,
C07953,63,Male,Kolkata,26-06-2023,Budget,
C07954,25,Female,Hyderabad,23-09-2023,Regular,
C07955,57,Male,Vijayawada,01-11-2024,Premium,
C07956,28,Male,Vijayawada,10-11-2023,Regular,
C07957,48,Male,Guntur,16-10-2023,Regular,
C07958,22,Female,Vijayawada,26-12-2025,Regular,
C07959,36,Female,Chennai,08-07-2023,Budget,
C07960,47,Female,Guntur,27-07-2023,Budget,
C07961,51,Male,Chennai,15-10-2025,Premium,
C07962,59,Male,Bengaluru,25-08-2024,Budget,
C07963,56,Female,Chennai,17-02-2023,Budget,
C07964,42,Other,Ahmedabad,10-04-2024,Regular,
C07965,32,Male,Vijayawada,10-09-2024,Regular,
C07966,30,Female,Kolkata,05-10-2023,Premium,
C07967,64,Female,Chennai,23-08-2024,Budget,
C07968,46,Female,Kolkata,11-12-2024,Premium,
C07969,60,Male,Pune,02-10-2023,Budget,
C07970,38,Male,Pune,08-06-2025,Budget,
C07971,40,Male,Mumbai,10-05-2024,Regular,
C07972,56,Female,Bengaluru,20-11-2025,Premium,
C07973,51,Female,Mumbai,07-04-2023,Regular,
C07974,27,Male,Guntur,22-12-2023,Budget,
C07975,42,Male,Delhi,28-02-2025,Regular,
C07976,28,Male,Hyderabad,06-09-2025,Budget,
C07977,53,Female,Mumbai,31-08-2023,Regular,
C07978,19,Female,Delhi,09-12-2025,Premium,
C07979,56,Male,Pune,31-07-2023,Regular,
C07980,61,Female,Kolkata,31-03-2024,Regular,
C07981,19,Female,Delhi,11-12-2023,Regular,
C07982,47,Female,Bengaluru,09-04-2024,Regular,
C07983,21,Female,Delhi,15-09-2025,Budget,
C07984,34,Male,Hyderabad,13-03-2025,Regular,
C07985,33,Female,Pune,22-05-2025,Regular,
C07986,42,Female,Delhi,06-10-2023,Regular,
C07987,61,Female,Mumbai,02-11-2025,Regular,
C07988,39,Female,Kolkata,21-04-2024,Regular,
C07989,36,Male,Ahmedabad,14-12-2024,Regular,
C07990,22,Female,Chennai,03-02-2025,Premium,
C07991,59,Female,Pune,26-12-2024,Premium,
C07992,32,Male,Pune,20-10-2024,Budget,
C07993,39,Other,Pune,09-06-2024,Regular,
C07994,22,Male,Delhi,10-12-2024,Regular,
C07995,31,Female,Chennai,18-09-2025,Regular,
C07996,44,Male,Bengaluru,02-03-2024,Budget,
C07997,60,Male,Hyderabad,13-07-2024,Regular,
C07998,33,Female,Hyderabad,17-07-2023,Premium,
C07999,44,Female,Guntur,24-01-2024,Budget,
C08000,59,Female,Hyderabad,25-04-2025,Budget,
C08001,34,Female,Guntur,02-12-2024,Regular,
C08002,31,Male,Guntur,20-08-2023,Regular,
C08003,20,Female,Chennai,21-08-2024,Regular,
C08004,60,Female,Delhi,08-06-2025,Budget,
C08005,23,Male,Mumbai,16-05-2023,Regular,
C08006,28,Female,Mumbai,09-03-2023,Budget,
C08007,24,Male,Mumbai,06-03-2024,Regular,
C08008,51,Male,Mumbai,19-12-2024,Budget,
C08009,35,Female,Kolkata,10-12-2023,Regular,
C08010,51,Female,Delhi,18-06-2025,Regular,
C08011,46,Female,Bengaluru,16-07-2025,Regular,
C08012,18,Female,Mumbai,06-08-2024,Budget,
C08013,32,Male,Vijayawada,19-02-2024,Regular,
C08014,18,Other,Vijayawada,15-02-2023,Budget,
C08015,21,Male,Hyderabad,18-06-2025,Budget,
C08016,40,Male,Pune,07-09-2025,Regular,
C08017,30,Male,Vijayawada,29-04-2024,Budget,
C08018,22,Male,Bengaluru,19-07-2024,Premium,
C08019,37,Male,Hyderabad,05-04-2025,Regular,
C08020,39,Female,Chennai,31-01-2025,Budget,
C08021,64,Female,Mumbai,29-05-2023,Premium,
C08022,49,Female,Vijayawada,06-01-2025,Budget,
C08023,36,Male,Chennai,09-10-2025,Regular,
C08024,40,Female,Mumbai,02-04-2025,Budget,
C08025,22,Male,Chennai,10-06-2024,Regular,
C08026,36,Female,Mumbai,26-07-2024,Regular,
C08027,45,Female,Vijayawada,12-10-2023,Budget,
C08028,18,Male,Hyderabad,24-12-2024,Regular,
C08029,61,Female,Delhi,22-09-2023,Budget,
C08030,42,Female,Kolkata,10-01-2024,Regular,
C08031,54,Male,Bengaluru,18-10-2023,Budget,
C08032,30,Female,Hyderabad,03-01-2024,Budget,
C08033,57,Female,Vijayawada,06-02-2024,Budget,
C08034,35,Male,Chennai,01-04-2023,Regular,
C08035,61,Male,Chennai,24-02-2025,Premium,
C08036,42,Male,Mumbai,27-04-2024,Premium,
C08037,47,Female,Hyderabad,05-11-2025,Regular,
C08038,27,Male,Bengaluru,18-07-2023,Regular,
C08039,64,Female,Hyderabad,02-01-2025,Premium,
C08040,27,Male,Pune,16-07-2023,Regular,
C08041,19,Other,Delhi,22-08-2024,Budget,
C08042,38,Female,Chennai,21-06-2024,Regular,
C08043,57,Female,Vijayawada,06-05-2024,Budget,
C08044,61,Other,Mumbai,17-12-2024,Regular,
C08045,58,Female,Hyderabad,25-06-2025,Regular,
C08046,43,Female,Hyderabad,13-12-2023,Budget,
C08047,61,Male,Ahmedabad,19-07-2025,Regular,
C08048,41,Male,Pune,22-07-2023,Budget,
C08049,40,Female,Chennai,17-11-2023,Premium,
C08050,26,Male,Chennai,07-12-2023,Premium,
C08051,55,Male,Chennai,09-11-2025,Regular,
C08052,32,Female,Delhi,10-05-2023,Regular,
C08053,27,Female,Ahmedabad,08-03-2024,Budget,
C08054,35,Male,Kolkata,09-04-2024,Regular,
C08055,46,Male,Ahmedabad,26-05-2025,Premium,
C08056,30,Male,Hyderabad,16-06-2024,Budget,
C08057,34,Male,Pune,24-11-2025,Budget,
C08058,33,Male,Ahmedabad,21-03-2025,Regular,
C08059,46,Female,Chennai,09-02-2025,Regular,
C08060,51,Female,Pune,04-04-2025,Regular,
C08061,49,Male,Hyderabad,26-06-2023,Budget,
C08062,24,Male,Vijayawada,06-05-2024,Budget,
C08063,34,Female,Ahmedabad,03-10-2024,Regular,
C08064,48,Male,Kolkata,17-08-2023,Budget,
C08065,28,Male,Pune,11-05-2023,Budget,
C08066,21,Male,Kolkata,29-05-2023,Budget,
C08067,33,Female,Delhi,14-05-2025,Regular,
C08068,49,Male,Vijayawada,20-12-2024,Budget,
C08069,49,Male,Chennai,05-11-2023,Budget,
C08070,24,Female,Guntur,18-03-2025,Regular,
C08071,49,Female,Ahmedabad,31-01-2025,Budget,
C08072,27,Female,Guntur,13-06-2025,Premium,
C08073,52,Female,Hyderabad,23-09-2025,Premium,
C08074,44,Female,Delhi,24-08-2025,Regular,
C08075,23,Male,Kolkata,18-07-2023,Regular,
C08076,34,Male,Kolkata,22-04-2025,Budget,
C08077,56,Male,Kolkata,06-03-2024,Regular,
C08078,38,Male,Kolkata,17-03-2024,Budget,
C08079,50,Male,Chennai,09-12-2024,Regular,
C08080,53,Male,Guntur,21-10-2024,Budget,
C08081,19,Female,Delhi,04-04-2024,Regular,
C08082,61,Female,Vijayawada,30-12-2025,Budget,
C08083,33,Male,Pune,11-07-2023,Regular,
C08084,55,Female,Pune,17-04-2023,Budget,
C08085,39,Male,Pune,01-02-2023,Budget,
C08086,45,Female,Guntur,10-06-2025,Regular,
C08087,34,Female,Vijayawada,21-03-2024,Regular,
C08088,58,Male,Pune,23-04-2024,Premium,
C08089,23,Male,Pune,11-12-2024,Budget,
C08090,60,Other,Hyderabad,21-04-2024,Budget,
C08091,27,Female,Hyderabad,20-09-2024,Regular,
C08092,59,Female,Ahmedabad,06-03-2023,Budget,
C08093,19,Male,Mumbai,21-06-2023,Premium,
C08094,18,Male,Delhi,17-10-2025,Budget,
C08095,22,Male,Kolkata,08-05-2024,Premium,
C08096,43,Other,Chennai,03-07-2023,Regular,
C08097,30,Male,Mumbai,09-02-2024,Budget,
C08098,46,Male,Hyderabad,02-01-2024,Regular,
C08099,56,Other,Ahmedabad,28-10-2023,Regular,
C08100,19,Female,Pune,18-11-2023,Regular,
C08101,42,Male,Bengaluru,09-03-2025,Regular,
C08102,52,Female,Pune,27-04-2023,Regular,
C08103,37,Female,Bengaluru,06-12-2023,Regular,
C08104,61,Female,Ahmedabad,27-05-2024,Regular,
C08105,49,Male,Chennai,14-08-2024,Regular,
C08106,19,Female,Chennai,22-08-2025,Premium,
C08107,43,Male,Guntur,07-10-2025,Regular,
C08108,36,Female,Ahmedabad,22-11-2023,Regular,
C08109,24,Female,Kolkata,13-08-2024,Budget,
C08110,62,Female,Kolkata,25-01-2023,Budget,
C08111,28,Female,Pune,06-11-2024,Budget,
C08112,21,Female,Bengaluru,17-06-2023,Regular,
C08113,28,Male,Mumbai,22-03-2023,Regular,
C08114,56,Male,Vijayawada,05-01-2025,Budget,
C08115,46,Male,Vijayawada,15-07-2023,Regular,
C08116,56,Female,Ahmedabad,06-06-2024,Budget,
C08117,39,Male,Guntur,21-04-2023,Budget,
C08118,23,Female,Guntur,27-03-2025,Budget,
C08119,36,Female,Mumbai,17-04-2025,Regular,
C08120,27,Other,Ahmedabad,21-09-2024,Budget,
C08121,44,Male,Ahmedabad,04-07-2025,Budget,
C08122,30,Female,Bengaluru,23-04-2024,Regular,
C08123,63,Female,Vijayawada,24-07-2023,Regular,
C08124,35,Other,Delhi,15-06-2023,Regular,
C08125,32,Female,Mumbai,29-08-2023,Budget,
C08126,64,Male,Delhi,08-08-2023,Regular,
C08127,42,Male,Mumbai,20-12-2023,Budget,
C08128,26,Other,Mumbai,23-08-2023,Budget,
C08129,40,Female,Pune,09-10-2024,Regular,
C08130,29,Female,Vijayawada,12-06-2023,Regular,
C08131,51,Female,Delhi,11-11-2024,Premium,
C08132,44,Female,Chennai,01-01-2024,Regular,
C08133,52,Female,Ahmedabad,21-01-2025,Budget,
C08134,62,Female,Chennai,15-07-2024,Budget,
C08135,52,Female,Pune,18-09-2025,Premium,
C08136,34,Male,Chennai,26-04-2024,Budget,
C08137,27,Male,Chennai,20-11-2023,Regular,
C08138,42,Male,Chennai,07-10-2024,Regular,
C08139,39,Male,Mumbai,22-12-2024,Regular,
C08140,32,Female,Vijayawada,25-04-2024,Budget,
C08141,56,Female,Kolkata,04-09-2024,Budget,
C08142,60,Male,Kolkata,30-05-2024,Budget,
C08143,35,Male,Hyderabad,01-12-2023,Budget,
C08144,50,Female,Hyderabad,10-12-2023,Budget,
C08145,64,Female,Mumbai,20-09-2025,Regular,
C08146,18,Female,Guntur,09-01-2025,Regular,
C08147,35,Male,Hyderabad,15-04-2023,Budget,
C08148,52,Male,Ahmedabad,19-11-2025,Budget,
C08149,41,Female,Guntur,18-02-2025,Premium,
C08150,55,Female,Chennai,24-02-2023,Budget,
C08151,40,Female,Bengaluru,08-03-2025,Budget,
C08152,21,Female,Bengaluru,07-10-2024,Regular,
C08153,38,Male,Hyderabad,29-09-2025,Budget,
C08154,37,Male,Guntur,19-06-2024,Budget,
C08155,57,Male,Ahmedabad,21-07-2024,Budget,
C08156,24,Male,Kolkata,11-12-2023,Premium,
C08157,25,Male,Hyderabad,19-12-2023,Regular,
C08158,24,Male,Vijayawada,07-11-2024,Regular,
C08159,44,Male,Kolkata,25-06-2025,Premium,
C08160,64,Female,Guntur,02-09-2025,Regular,
C08161,47,Male,Mumbai,24-04-2025,Budget,
C08162,56,Female,Bengaluru,29-10-2024,Regular,
C08163,58,Male,Guntur,01-07-2024,Regular,
C08164,46,Male,Hyderabad,07-01-2024,Regular,
C08165,46,Male,Bengaluru,20-04-2025,Regular,
C08166,29,Male,Bengaluru,15-12-2023,Budget,
C08167,63,Male,Hyderabad,21-10-2023,Budget,
C08168,55,Female,Pune,08-08-2025,Regular,
C08169,58,Female,Chennai,07-10-2024,Budget,
C08170,64,Male,Vijayawada,23-01-2024,Premium,
C08171,34,Male,Vijayawada,05-08-2025,Regular,
C08172,24,Male,Bengaluru,20-11-2025,Budget,
C08173,58,Female,Guntur,15-12-2023,Regular,
C08174,40,Male,Hyderabad,24-07-2024,Regular,
C08175,63,Male,Chennai,13-06-2024,Regular,
C08176,50,Female,Kolkata,07-02-2025,Regular,
C08177,30,Female,Chennai,07-11-2025,Regular,
C08178,34,Female,Hyderabad,23-08-2024,Budget,
C08179,46,Male,Bengaluru,24-05-2025,Regular,
C08180,36,Male,Kolkata,14-10-2024,Regular,
C08181,31,Male,Chennai,29-08-2025,Regular,
C08182,27,Female,Chennai,19-03-2024,Premium,
C08183,48,Female,Chennai,26-02-2024,Premium,
C08184,19,Male,Guntur,07-04-2024,Budget,
C08185,22,Female,Guntur,27-12-2025,Regular,
C08186,19,Male,Guntur,31-10-2024,Regular,
C08187,52,Female,Hyderabad,17-06-2023,Regular,
C08188,19,Male,Chennai,14-02-2023,Premium,
C08189,37,Male,Guntur,22-07-2024,Premium,
C08190,23,Male,Pune,01-06-2025,Regular,
C08191,45,Female,Hyderabad,08-06-2024,Budget,
C08192,19,Male,Chennai,05-09-2024,Budget,
C08193,19,Male,Guntur,24-05-2025,Premium,
C08194,37,Female,Guntur,19-07-2024,Premium,
C08195,50,Female,Delhi,21-09-2025,Budget,
C08196,23,Female,Bengaluru,29-11-2024,Budget,
C08197,41,Female,Hyderabad,11-03-2025,Regular,
C08198,56,Female,Chennai,05-05-2025,Budget,
C08199,47,Female,Ahmedabad,17-11-2024,Regular,
C08200,53,Male,Guntur,24-02-2023,Premium,
C08201,32,Male,Chennai,13-04-2024,Budget,
C08202,62,Male,Vijayawada,04-06-2023,Regular,
C08203,24,Male,Guntur,12-07-2024,Regular,
C08204,46,Male,Vijayawada,06-06-2023,Budget,
C08205,38,Male,Ahmedabad,11-07-2024,Regular,
C08206,19,Male,Pune,12-01-2024,Regular,
C08207,62,Female,Vijayawada,23-01-2023,Regular,
C08208,51,Female,Kolkata,17-05-2023,Regular,
C08209,28,Female,Guntur,04-07-2024,Premium,
C08210,20,Female,Delhi,28-03-2023,Budget,
C08211,49,Male,Chennai,26-07-2025,Premium,
C08212,43,Male,Pune,10-04-2025,Regular,
C08213,20,Male,Delhi,15-02-2025,Regular,
C08214,64,Female,Mumbai,08-07-2023,Budget,
C08215,51,Male,Kolkata,21-05-2025,Budget,
C08216,39,Female,Kolkata,25-11-2024,Regular,
C08217,29,Male,Mumbai,03-03-2024,Premium,
C08218,30,Female,Chennai,01-01-2023,Regular,
C08219,39,Female,Pune,02-08-2024,Budget,
C08220,20,Male,Mumbai,21-05-2025,Budget,
C08221,35,Female,Chennai,06-02-2023,Regular,
C08222,28,Female,Chennai,27-02-2023,Premium,
C08223,23,Female,Kolkata,24-02-2024,Regular,
C08224,23,Female,Delhi,14-07-2024,Budget,
C08225,34,Male,Mumbai,03-06-2024,Budget,
C08226,35,Male,Bengaluru,11-04-2024,Budget,
C08227,34,Female,Hyderabad,07-10-2023,Regular,
C08228,50,Male,Kolkata,07-03-2023,Budget,
C08229,42,Male,Vijayawada,04-02-2023,Budget,
C08230,27,Male,Mumbai,19-04-2023,Regular,
C08231,63,Female,Guntur,25-01-2025,Regular,
C08232,52,Male,Kolkata,10-05-2025,Premium,
C08233,40,Other,Mumbai,21-04-2024,Regular,
C08234,20,Male,Pune,26-03-2023,Budget,
C08235,60,Male,Bengaluru,31-03-2024,Budget,
C08236,52,Male,Mumbai,15-12-2025,Regular,
C08237,39,Male,Ahmedabad,01-10-2023,Regular,
C08238,25,Male,Guntur,21-06-2024,Regular,
C08239,23,Female,Chennai,11-08-2024,Premium,
C08240,31,Male,Vijayawada,28-12-2023,Regular,
C08241,28,Male,Kolkata,24-04-2024,Regular,
C08242,27,Male,Chennai,31-05-2024,Budget,
C08243,37,Male,Ahmedabad,03-06-2024,Budget,
C08244,20,Female,Guntur,24-02-2025,Regular,
C08245,33,Male,Chennai,28-09-2024,Budget,
C08246,58,Female,Bengaluru,28-02-2023,Regular,
C08247,58,Male,Chennai,07-01-2023,Regular,
C08248,18,Male,,25-03-2024,Budget,
C08249,49,Female,Hyderabad,20-09-2025,Regular,
C08250,64,Male,Chennai,10-02-2023,Regular,
C08251,45,Female,Mumbai,19-03-2023,Budget,
C08252,36,Female,Hyderabad,13-01-2025,Regular,
C08253,41,Male,Pune,08-05-2024,Regular,
C08254,28,Female,Guntur,10-09-2023,Regular,
C08255,36,Male,Bengaluru,16-08-2023,Budget,
C08256,62,Other,Guntur,29-12-2024,Regular,
C08257,46,Female,Vijayawada,27-07-2024,Regular,
C08258,38,Male,Guntur,29-11-2024,Budget,
C08259,23,Male,Ahmedabad,03-11-2023,Budget,
C08260,60,Female,Delhi,30-07-2024,Regular,
C08261,25,Male,Chennai,30-07-2025,Budget,
C08262,51,Female,Vijayawada,13-12-2023,Premium,
C08263,32,Male,Pune,10-03-2024,Budget,
C08264,31,Male,Delhi,29-06-2023,Regular,
C08265,26,Female,Mumbai,30-11-2024,Premium,
C08266,35,Female,Chennai,05-02-2023,Budget,
C08267,49,Female,Mumbai,30-09-2023,Regular,
C08268,37,Female,Ahmedabad,19-02-2025,Budget,
C08269,19,Male,Pune,22-01-2023,Regular,
C08270,30,Male,Mumbai,19-12-2025,Premium,
C08271,25,Male,Bengaluru,18-03-2024,Premium,
C08272,36,Male,Delhi,12-03-2024,Regular,
C08273,60,Male,Chennai,10-08-2024,Regular,
C08274,63,Female,Mumbai,30-11-2024,Regular,
C08275,64,Male,Bengaluru,18-05-2024,Budget,
C08276,23,Male,Vijayawada,26-08-2025,Regular,
C08277,40,Female,Bengaluru,19-11-2025,Budget,
C08278,20,Male,Bengaluru,08-08-2023,Premium,
C08279,41,Other,Kolkata,12-02-2025,Premium,
C08280,45,Male,Mumbai,26-11-2023,Regular,
C08281,54,Male,Vijayawada,26-12-2025,Regular,
C08282,33,Female,Delhi,05-10-2023,Premium,
C08283,19,Female,Kolkata,20-11-2023,Budget,
C08284,39,Female,Guntur,21-02-2025,Regular,
C08285,38,Male,Vijayawada,14-05-2025,Regular,
C08286,47,Male,Guntur,21-05-2023,Regular,
C08287,22,Female,Pune,31-08-2024,Budget,
C08288,46,Male,Guntur,14-01-2024,Budget,
C08289,36,Female,Chennai,31-10-2024,Premium,
C08290,52,Male,Guntur,01-09-2024,Regular,
C08291,64,Male,Guntur,15-12-2025,Regular,
C08292,28,Male,Mumbai,19-10-2025,Regular,
C08293,53,Female,Hyderabad,17-12-2024,Regular,
C08294,24,Male,Kolkata,13-01-2025,Regular,
C08295,64,Other,Bengaluru,11-09-2025,Regular,
C08296,40,Male,Hyderabad,20-07-2023,Premium,
C08297,53,Male,Vijayawada,05-03-2025,Budget,
C08298,54,Male,Pune,25-04-2025,Premium,
C08299,46,Female,Kolkata,20-05-2023,Premium,
C08300,36,Female,Guntur,23-08-2025,Regular,
C08301,53,Female,Vijayawada,04-02-2025,Premium,
C08302,40,Male,Vijayawada,16-01-2024,Premium,
C08303,48,Female,Bengaluru,14-06-2024,Budget,
C08304,46,Male,Mumbai,20-06-2024,Budget,
C08305,39,Female,Ahmedabad,03-10-2025,Regular,
C08306,23,Female,Hyderabad,27-11-2025,Regular,
C08307,31,Male,Chennai,02-06-2025,Budget,
C08308,62,Female,Pune,15-12-2024,Regular,
C08309,42,Female,Mumbai,25-04-2023,Regular,
C08310,47,Male,Bengaluru,28-09-2025,Regular,
C08311,30,Male,Guntur,27-05-2023,Budget,
C08312,51,Male,Delhi,02-07-2023,Budget,
C08313,40,Female,Delhi,18-03-2023,Regular,
C08314,28,Female,Kolkata,03-11-2025,Budget,
C08315,24,Male,Kolkata,24-06-2024,Regular,
C08316,36,Male,Delhi,30-03-2023,Regular,
C08317,44,Male,Guntur,27-03-2024,Premium,
C08318,31,Male,Chennai,03-03-2025,Premium,
C08319,29,Male,Guntur,25-12-2025,Premium,
C08320,30,Male,Guntur,27-08-2024,Regular,
C08321,31,Male,Hyderabad,26-10-2024,Budget,
C08322,52,Female,Ahmedabad,04-07-2025,Budget,
C08323,41,Female,Bengaluru,14-09-2025,Regular,
C08324,40,Male,Delhi,03-11-2023,Budget,
C08325,25,Female,Vijayawada,22-12-2025,Budget,
C08326,43,Male,Bengaluru,22-07-2024,Budget,
C08327,63,Male,Pune,15-10-2025,Regular,
C08328,53,Other,Ahmedabad,09-05-2023,Regular,
C08329,39,Female,Delhi,17-04-2023,Premium,
C08330,32,Male,Hyderabad,26-08-2025,Regular,
C08331,34,Male,Hyderabad,06-01-2025,Budget,
C08332,19,Female,Pune,11-07-2023,Regular,
C08333,19,Male,Hyderabad,06-09-2025,Regular,
C08334,54,Other,Hyderabad,23-04-2023,Premium,
C08335,57,Male,Vijayawada,17-01-2025,Regular,
C08336,63,Male,Pune,13-08-2023,Budget,
C08337,47,Female,Delhi,19-03-2023,Regular,
C08338,61,Female,Bengaluru,01-06-2025,Regular,
C08339,37,Male,Ahmedabad,16-07-2025,Regular,
C08340,29,Female,Pune,26-04-2023,Budget,
C08341,29,Female,Chennai,12-04-2023,Regular,
C08342,29,Male,Ahmedabad,03-11-2024,Budget,
C08343,53,Male,Chennai,01-02-2023,Regular,
C08344,18,Male,Pune,28-03-2025,Budget,
C08345,62,Female,Pune,29-09-2025,Budget,
C08346,54,Female,Chennai,02-04-2025,Regular,
C08347,35,Male,Guntur,10-09-2023,Regular,
C08348,50,Female,Ahmedabad,28-07-2023,Budget,
C08349,24,Male,Chennai,15-01-2025,Premium,
C08350,38,Female,Bengaluru,09-03-2023,Regular,
C08351,23,Female,Mumbai,11-08-2024,Premium,
C08352,23,Male,Delhi,06-05-2024,Budget,
C08353,18,Male,Pune,26-03-2025,Regular,
C08354,55,Male,Delhi,10-08-2023,Regular,
C08355,52,Female,Hyderabad,14-04-2025,Regular,
C08356,59,Male,Kolkata,04-02-2025,Budget,
C08357,64,Female,Mumbai,19-09-2023,Budget,
C08358,63,Male,Mumbai,26-01-2024,Premium,
C08359,64,Male,Pune,14-03-2023,Regular,
C08360,18,Female,Guntur,07-05-2024,Budget,
C08361,54,Male,Hyderabad,13-10-2023,Budget,
C08362,51,Female,Vijayawada,05-05-2023,Budget,
C08363,25,Male,Kolkata,05-09-2024,Regular,
C08364,24,Male,Pune,13-09-2024,Budget,
C08365,63,Male,Hyderabad,05-04-2023,Regular,
C08366,59,Male,Ahmedabad,23-07-2023,Budget,
C08367,33,Female,Ahmedabad,01-04-2023,Regular,
C08368,21,Male,Pune,13-01-2025,Premium,
C08369,33,Male,Guntur,06-01-2024,Budget,
C08370,18,Male,Guntur,19-03-2023,Premium,
C08371,50,Female,Guntur,29-07-2023,Premium,
C08372,35,Female,Mumbai,04-12-2025,Regular,
C08373,20,Female,Kolkata,08-10-2023,Budget,
C08374,64,Other,Hyderabad,19-01-2025,Regular,
C08375,56,Male,Pune,27-05-2024,Budget,
C08376,60,Male,Bengaluru,18-07-2023,Premium,
C08377,64,Female,Mumbai,03-12-2023,Regular,
C08378,18,Male,Kolkata,16-01-2023,Regular,
C08379,54,Female,Delhi,28-03-2025,Regular,
C08380,55,Female,Guntur,02-01-2024,Budget,
C08381,54,Male,Hyderabad,30-06-2024,Regular,
C08382,30,Female,Vijayawada,17-06-2023,Premium,
C08383,36,Male,Ahmedabad,21-06-2025,Regular,
C08384,61,Female,Delhi,28-08-2023,Budget,
C08385,21,Male,Hyderabad,12-09-2024,Premium,
C08386,48,Female,Hyderabad,13-08-2025,Budget,
C08387,55,Male,Delhi,19-02-2025,Premium,
C08388,55,Female,Pune,22-10-2024,Budget,
C08389,46,Female,Pune,30-08-2025,Regular,
C08390,54,Female,Chennai,13-07-2023,Regular,
C08391,60,Female,Kolkata,21-11-2025,Budget,
C08392,53,Female,Kolkata,01-09-2024,Budget,
C08393,23,Female,Mumbai,24-03-2024,Budget,
C08394,29,Female,Mumbai,08-10-2023,Regular,
C08395,32,Female,Delhi,26-03-2025,Regular,
C08396,34,Female,Ahmedabad,04-12-2025,Budget,
C08397,34,Female,Pune,25-01-2025,Regular,
C08398,28,Male,Bengaluru,05-02-2023,Premium,
C08399,50,Female,Vijayawada,28-05-2024,Budget,
C08400,23,Male,Chennai,12-03-2025,Regular,
C08401,55,Male,Kolkata,11-03-2024,Premium,
C08402,48,Other,Hyderabad,26-04-2025,Regular,
C08403,63,Male,Chennai,13-02-2025,Premium,
C08404,18,Male,Pune,15-03-2023,Regular,
C08405,31,Female,Guntur,02-09-2024,Regular,
C08406,60,Female,Pune,08-07-2023,Regular,
C08407,41,Male,Hyderabad,16-06-2024,Budget,
C08408,44,Female,Vijayawada,25-02-2024,Regular,
C08409,19,Male,Chennai,02-06-2025,Regular,
C08410,53,Male,Mumbai,08-08-2025,Budget,
C08411,29,Male,Bengaluru,20-05-2024,Regular,
C08412,63,Male,Kolkata,11-08-2024,Regular,
C08413,35,Female,Delhi,16-11-2024,Budget,
C08414,26,Female,Chennai,18-12-2024,Regular,
C08415,45,Female,Kolkata,26-11-2024,Budget,
C08416,40,Female,Bengaluru,07-05-2025,Budget,
C08417,40,Female,Pune,11-12-2025,Regular,
C08418,62,Female,Kolkata,25-06-2025,Budget,
C08419,35,Male,Guntur,28-05-2023,Regular,
C08420,36,Female,Kolkata,05-06-2024,Budget,
C08421,47,Female,Pune,20-05-2024,Premium,
C08422,26,Male,Hyderabad,11-07-2024,Premium,
C08423,56,Male,Chennai,01-08-2024,Budget,
C08424,28,Male,Pune,25-02-2025,Budget,
C08425,29,Male,Pune,06-04-2024,Budget,
C08426,18,Female,Pune,16-10-2023,Budget,
C08427,34,Female,Ahmedabad,16-05-2024,Regular,
C08428,45,Male,Vijayawada,24-07-2025,Regular,
C08429,51,Male,Pune,08-12-2023,Regular,
C08430,60,Female,Bengaluru,23-01-2023,Premium,
C08431,54,Male,Delhi,05-12-2025,Regular,
C08432,33,Male,Chennai,03-08-2023,Regular,
C08433,56,Female,Pune,22-10-2024,Regular,
C08434,27,Female,Pune,26-05-2025,Regular,
C08435,27,Female,Pune,28-10-2023,Regular,
C08436,34,Female,Pune,08-01-2024,Budget,
C08437,43,Male,Mumbai,04-11-2023,Budget,
C08438,27,Female,Bengaluru,14-06-2023,Budget,
C08439,60,Female,Guntur,17-06-2023,Budget,
C08440,30,Female,Delhi,24-07-2023,Regular,
C08441,36,Male,Chennai,16-05-2024,Regular,
C08442,46,Female,Vijayawada,04-08-2024,Regular,
C08443,38,Male,Hyderabad,18-01-2023,Premium,
C08444,36,Male,Mumbai,15-07-2025,Budget,
C08445,64,Female,Ahmedabad,10-01-2025,Premium,
C08446,38,Female,Delhi,19-03-2023,Budget,
C08447,23,Male,Guntur,11-07-2025,Budget,
C08448,52,Female,Mumbai,03-02-2023,Budget,
C08449,51,Male,Kolkata,05-09-2024,Budget,
C08450,28,Female,Delhi,24-05-2024,Budget,
C08451,57,Male,Delhi,03-07-2024,Regular,
C08452,36,Male,Delhi,13-11-2025,Budget,
C08453,25,Female,Vijayawada,12-10-2025,Budget,
C08454,26,Male,Ahmedabad,02-11-2023,Budget,
C08455,51,Female,Mumbai,26-09-2024,Regular,
C08456,28,Male,Delhi,16-11-2025,Regular,
C08457,40,Female,Delhi,09-03-2025,Budget,
C08458,52,Male,Ahmedabad,30-08-2025,Budget,
C08459,58,Female,Pune,21-04-2024,Regular,
C08460,41,Female,Pune,07-11-2023,Regular,
C08461,60,Female,Delhi,13-07-2024,Regular,
C08462,32,Male,Mumbai,13-06-2025,Regular,
C08463,59,Female,Pune,14-10-2025,Budget,
C08464,29,Female,Guntur,21-01-2025,Regular,
C08465,21,Male,Vijayawada,12-02-2025,Regular,
C08466,52,Female,Hyderabad,14-07-2024,Regular,
C08467,53,Female,Chennai,16-12-2023,Budget,
C08468,61,Female,Kolkata,08-04-2024,Regular,
C08469,61,Male,Bengaluru,28-06-2024,Regular,
C08470,22,Male,Kolkata,11-06-2025,Regular,
C08471,47,Other,Delhi,31-08-2024,Regular,
C08472,51,Female,Bengaluru,18-05-2025,Regular,
C08473,46,Female,Pune,30-01-2023,Budget,
C08474,18,Other,Pune,08-04-2025,Budget,
C08475,20,Male,Ahmedabad,09-07-2024,Budget,
C08476,49,Male,Guntur,29-12-2025,Regular,
C08477,58,Female,Vijayawada,31-05-2024,Regular,
C08478,26,Female,Delhi,07-06-2024,Regular,
C08479,20,Other,Kolkata,20-05-2023,Regular,
C08480,36,Female,Ahmedabad,02-06-2025,Regular,
C08481,32,Male,Vijayawada,07-02-2025,Regular,
C08482,64,Male,Kolkata,02-08-2025,Budget,
C08483,61,Male,Chennai,12-04-2023,Budget,
C08484,44,Female,Mumbai,20-08-2023,Budget,
C08485,62,Male,Chennai,18-08-2025,Regular,
C08486,28,Female,Bengaluru,16-02-2023,Budget,
C08487,64,Male,Mumbai,10-07-2024,Budget,
C08488,39,Male,Delhi,19-03-2024,Budget,
C08489,40,Male,Ahmedabad,25-10-2025,Regular,
C08490,20,Female,Chennai,27-07-2025,Premium,
C08491,26,Male,Bengaluru,08-09-2025,Premium,
C08492,27,Other,Bengaluru,13-11-2023,Budget,
C08493,40,Female,Bengaluru,05-10-2024,Regular,
C08494,26,Male,Delhi,05-02-2025,Budget,
C08495,22,Female,Delhi,25-11-2025,Regular,
C08496,46,Male,Mumbai,09-01-2023,Regular,
C08497,59,Male,Mumbai,05-12-2025,Budget,
C08498,21,Male,Delhi,25-01-2024,Regular,
C08499,44,Female,Kolkata,21-05-2023,Regular,
C08500,63,Female,Hyderabad,04-11-2024,Premium,
C08501,37,Male,Guntur,05-05-2025,Budget,
C08502,26,Female,Mumbai,23-05-2023,Premium,
C08503,21,Female,Bengaluru,14-02-2023,Budget,
C08504,62,Female,Bengaluru,08-09-2025,Budget,
C08505,37,Female,Pune,19-10-2025,Regular,
C08506,22,Female,Pune,21-06-2023,Regular,
C08507,58,Female,Hyderabad,16-09-2025,Premium,
C08508,55,Male,Delhi,23-09-2025,Regular,
C08509,51,Female,Chennai,28-12-2025,Regular,
C08510,21,Male,Vijayawada,25-08-2023,Budget,
C08511,21,Female,Mumbai,25-09-2024,Premium,
C08512,28,Female,Vijayawada,24-12-2025,Regular,
C08513,25,Male,Pune,15-09-2025,Regular,
C08514,42,Male,Vijayawada,24-10-2024,Regular,
C08515,36,Female,Pune,04-08-2023,Budget,
C08516,53,Female,Bengaluru,03-04-2023,Premium,
C08517,22,Female,Kolkata,11-10-2023,Regular,
C08518,52,Female,Delhi,13-03-2023,Regular,
C08519,61,Male,Guntur,02-08-2023,Regular,
C08520,24,Male,Mumbai,24-03-2023,Regular,
C08521,48,Female,Bengaluru,14-04-2025,Regular,
C08522,41,Male,Bengaluru,07-10-2024,Regular,
C08523,22,Female,Ahmedabad,21-07-2024,Budget,
C08524,31,Male,Chennai,05-06-2025,Regular,
C08525,55,Male,Kolkata,25-03-2024,Regular,
C08526,58,Female,Bengaluru,17-03-2024,Regular,
C08527,35,Female,Hyderabad,15-08-2023,Regular,
C08528,23,Female,Ahmedabad,02-05-2024,Budget,
C08529,29,Male,Mumbai,11-07-2023,Budget,
C08530,57,Female,Pune,07-10-2024,Budget,
C08531,44,Female,Hyderabad,28-12-2025,Regular,
C08532,38,Female,Bengaluru,06-08-2024,Premium,
C08533,18,Female,Hyderabad,24-11-2023,Regular,
C08534,54,Male,Chennai,23-01-2025,Regular,
C08535,39,Female,Chennai,16-06-2025,Regular,
C08536,43,Female,Mumbai,31-05-2024,Regular,
C08537,57,Female,Chennai,02-10-2023,Premium,
C08538,44,Female,Delhi,20-02-2025,Budget,
C08539,61,Male,Vijayawada,25-07-2023,Regular,
C08540,44,Female,Hyderabad,28-12-2025,Budget,
C08541,34,Male,Guntur,15-12-2023,Budget,
C08542,61,Male,Delhi,19-01-2024,Regular,
C08543,48,Female,Pune,06-03-2025,Budget,
C08544,53,Male,Kolkata,14-01-2023,Regular,
C08545,28,Other,Ahmedabad,11-08-2023,Budget,
C08546,49,Male,Vijayawada,18-05-2023,Regular,
C08547,44,Male,Vijayawada,04-03-2024,Budget,
C08548,22,Male,Hyderabad,16-07-2023,Premium,
C08549,29,Male,Delhi,12-01-2024,Regular,
C08550,60,Male,Pune,25-04-2025,Regular,
C08551,44,Male,Pune,26-10-2025,Regular,
C08552,54,Male,Vijayawada,16-01-2023,Budget,
C08553,26,Male,Kolkata,18-11-2024,Regular,
C08554,28,Male,Delhi,29-01-2023,Budget,
C08555,62,Male,Vijayawada,23-07-2024,Regular,
C08556,37,Male,Ahmedabad,21-08-2025,Regular,
C08557,59,Male,Ahmedabad,23-05-2025,Regular,
C08558,55,Male,Kolkata,12-09-2023,Premium,
C08559,33,Male,Hyderabad,11-10-2023,Budget,
C08560,62,Male,Vijayawada,07-05-2025,Regular,
C08561,54,Male,Ahmedabad,16-06-2025,Regular,
C08562,24,Female,Bengaluru,04-11-2023,Regular,
C08563,22,Male,Chennai,01-05-2024,Premium,
C08564,23,Male,Mumbai,09-11-2024,Regular,
C08565,52,Female,Chennai,30-04-2024,Budget,
C08566,24,Female,Kolkata,20-10-2025,Regular,
C08567,31,Male,Pune,09-06-2025,Regular,
C08568,38,Female,Chennai,12-05-2025,Premium,
C08569,24,Female,Kolkata,23-01-2023,Regular,
C08570,33,Other,Chennai,23-07-2025,Premium,
C08571,49,Female,Bengaluru,06-04-2025,Budget,
C08572,63,Female,Vijayawada,10-03-2024,Regular,
C08573,40,Female,Mumbai,07-10-2024,Budget,
C08574,53,Male,Chennai,21-06-2025,Regular,
C08575,42,Female,Ahmedabad,19-09-2025,Premium,
C08576,39,Female,Ahmedabad,26-08-2024,Regular,
C08577,42,Male,Bengaluru,15-02-2023,Regular,
C08578,63,Male,Hyderabad,08-11-2024,Budget,
C08579,20,Female,Guntur,14-01-2025,Budget,
C08580,42,Female,Pune,06-03-2023,Regular,
C08581,20,Female,Delhi,13-06-2025,Regular,
C08582,59,Male,Delhi,09-08-2023,Budget,
C08583,46,Female,Pune,02-09-2025,Regular,
C08584,20,Male,Kolkata,26-08-2024,Regular,
C08585,47,Female,Hyderabad,19-12-2023,Budget,
C08586,38,Male,Chennai,06-03-2023,Budget,
C08587,20,Male,Vijayawada,20-01-2023,Regular,
C08588,63,Male,Bengaluru,22-03-2025,Regular,
C08589,35,Male,Vijayawada,17-02-2024,Premium,
C08590,19,Male,Delhi,08-07-2025,Regular,
C08591,46,Female,Bengaluru,10-09-2023,Budget,
C08592,35,Male,Pune,04-10-2025,Regular,
C08593,48,Female,Kolkata,28-10-2025,Budget,
C08594,25,Female,Mumbai,22-04-2023,Regular,
C08595,56,Male,Ahmedabad,09-12-2024,Regular,
C08596,37,Female,Hyderabad,25-10-2025,Premium,
C08597,37,Female,Bengaluru,20-12-2023,Regular,
C08598,55,Female,Kolkata,16-03-2023,Budget,
C08599,43,Female,Pune,16-08-2025,Regular,
C08600,18,Female,Kolkata,03-06-2024,Budget,
C08601,45,Other,Guntur,30-01-2023,Budget,
C08602,48,Male,Vijayawada,09-07-2025,Regular,
C08603,32,Male,Pune,13-01-2025,Regular,
C08604,26,Female,Pune,18-03-2023,Regular,
C08605,20,Male,Vijayawada,11-10-2023,Budget,
C08606,57,Female,Vijayawada,20-01-2023,Regular,
C08607,18,Male,Hyderabad,11-11-2025,Premium,
C08608,45,Male,Pune,28-01-2023,Regular,
C08609,57,Female,Vijayawada,21-05-2025,Regular,
C08610,34,Male,Hyderabad,13-07-2024,Regular,
C08611,27,Male,Vijayawada,30-09-2024,Regular,
C08612,51,Female,Ahmedabad,07-06-2025,Regular,
C08613,47,Female,Bengaluru,06-09-2025,Premium,
C08614,18,Female,Kolkata,20-05-2023,Budget,
C08615,45,Male,Delhi,20-01-2023,Budget,
C08616,18,Female,Mumbai,17-05-2023,Regular,
C08617,36,Female,Kolkata,17-01-2025,Budget,
C08618,32,Female,Ahmedabad,14-09-2024,Budget,
C08619,57,Male,Guntur,02-04-2023,Budget,
C08620,63,Male,Delhi,14-09-2023,Regular,
C08621,50,Female,Bengaluru,11-08-2024,Regular,
C08622,52,Female,Guntur,10-03-2025,Regular,
C08623,19,Male,Mumbai,12-01-2024,Budget,
C08624,21,Female,Ahmedabad,05-11-2025,Regular,
C08625,54,Female,Ahmedabad,22-12-2025,Budget,
C08626,38,Male,Hyderabad,18-04-2025,Budget,
C08627,41,Female,Delhi,12-05-2024,Regular,
C08628,50,Male,Hyderabad,18-08-2025,Budget,
C08629,34,Female,Kolkata,08-03-2025,Regular,
C08630,50,Female,Ahmedabad,22-07-2024,Regular,
C08631,52,Female,Pune,30-04-2024,Regular,
C08632,29,Female,Mumbai,30-06-2025,Regular,
C08633,50,Female,Vijayawada,01-09-2024,Premium,
C08634,25,Male,Hyderabad,20-07-2023,Budget,
C08635,32,Female,Bengaluru,30-12-2025,Premium,
C08636,54,Other,Mumbai,16-03-2023,Budget,
C08637,64,Male,Vijayawada,31-01-2025,Regular,
C08638,21,Female,Guntur,19-12-2024,Premium,
C08639,48,Male,Pune,03-10-2024,Budget,
C08640,44,Female,Vijayawada,26-02-2023,Regular,
C08641,46,Female,Vijayawada,23-06-2024,Regular,
C08642,54,Female,Pune,04-09-2025,Premium,
C08643,21,Female,Bengaluru,20-09-2023,Budget,
C08644,52,Male,Guntur,27-01-2025,Regular,
C08645,31,Female,Kolkata,29-07-2025,Budget,
C08646,25,Female,Bengaluru,08-11-2025,Budget,
C08647,39,Male,Guntur,19-07-2024,Regular,
C08648,19,Male,Mumbai,10-12-2023,Regular,
C08649,47,Female,Ahmedabad,05-02-2025,Regular,
C08650,44,Female,Chennai,16-06-2024,Regular,
C08651,42,Male,Hyderabad,17-11-2024,Regular,
C08652,19,Male,Delhi,23-03-2025,Regular,
C08653,53,Male,Delhi,16-02-2025,Budget,
C08654,19,Female,Guntur,23-09-2023,Regular,
C08655,30,Male,Bengaluru,07-04-2025,Regular,
C08656,36,Female,Vijayawada,16-08-2024,Budget,
C08657,51,Female,Bengaluru,16-10-2025,Regular,
C08658,37,Male,Vijayawada,23-12-2024,Budget,
C08659,56,Female,Ahmedabad,03-09-2025,Regular,
C08660,61,Male,Mumbai,07-12-2025,Budget,
C08661,53,Male,Vijayawada,24-12-2025,Regular,
C08662,19,Female,Mumbai,26-03-2025,Regular,
C08663,54,Female,Kolkata,16-10-2024,Premium,
C08664,27,Female,Hyderabad,10-05-2023,Regular,
C08665,59,Male,Bengaluru,27-02-2024,Premium,
C08666,63,Male,Mumbai,04-06-2024,Regular,
C08667,21,Male,Chennai,04-05-2025,Budget,
C08668,22,Female,Chennai,06-10-2024,Regular,
C08669,50,Male,Mumbai,25-04-2024,Regular,
C08670,24,Female,Kolkata,10-06-2023,Budget,
C08671,63,Female,Bengaluru,22-02-2025,Regular,
C08672,43,Female,Ahmedabad,18-04-2024,Budget,
C08673,44,Male,Guntur,09-02-2023,Regular,
C08674,58,Male,Guntur,07-11-2023,Regular,
C08675,28,Female,Bengaluru,21-08-2025,Budget,
C08676,44,Female,Guntur,11-05-2023,Regular,
C08677,64,Female,Bengaluru,20-03-2024,Premium,
C08678,19,Female,Bengaluru,14-07-2024,Premium,
C08679,26,Male,Ahmedabad,02-04-2023,Premium,
C08680,24,Male,Ahmedabad,01-07-2023,Premium,
C08681,33,Male,Bengaluru,26-10-2025,Budget,
C08682,24,Female,Delhi,08-10-2024,Regular,
C08683,26,Female,Delhi,19-08-2023,Regular,
C08684,58,Female,Ahmedabad,05-07-2023,Premium,
C08685,39,Female,Pune,11-04-2024,Budget,
C08686,34,Male,Kolkata,03-03-2025,Regular,
C08687,37,Female,Hyderabad,10-03-2025,Budget,
C08688,63,Female,Vijayawada,02-08-2023,Premium,
C08689,41,Male,Pune,05-03-2025,Budget,
C08690,40,Female,Kolkata,08-09-2025,Premium,
C08691,61,Female,Delhi,05-09-2023,Premium,
C08692,19,Female,Chennai,29-01-2023,Budget,
C08693,40,Male,Kolkata,15-11-2025,Regular,
C08694,53,Female,Chennai,25-07-2024,Budget,
C08695,42,Female,Chennai,30-04-2025,Regular,
C08696,58,Female,Pune,17-12-2023,Budget,
C08697,59,Male,Mumbai,24-11-2023,Regular,
C08698,33,Male,Guntur,04-09-2023,Budget,
C08699,56,Female,Kolkata,26-08-2023,Regular,
C08700,29,Male,Mumbai,31-05-2024,Regular,
C08701,29,Male,Hyderabad,26-04-2023,Regular,
C08702,63,Female,Mumbai,11-07-2025,Budget,
C08703,18,Male,Bengaluru,13-07-2024,Budget,
C08704,34,Male,Chennai,29-09-2025,Budget,
C08705,47,Female,Chennai,03-07-2024,Premium,
C08706,37,Male,Kolkata,29-11-2023,Regular,
C08707,57,Female,Bengaluru,17-07-2024,Regular,
C08708,29,Male,Bengaluru,18-06-2023,Premium,
C08709,43,Male,Hyderabad,21-06-2025,Budget,
C08710,23,Male,Vijayawada,27-02-2025,Regular,
C08711,27,Male,Vijayawada,11-06-2023,Premium,
C08712,26,Male,Chennai,29-09-2024,Regular,
C08713,52,Female,Delhi,12-08-2024,Budget,
C08714,27,Female,Mumbai,09-08-2023,Regular,
C08715,49,Male,Pune,14-05-2023,Premium,
C08716,34,Male,Pune,12-04-2025,Regular,
C08717,44,Female,Chennai,17-10-2023,Regular,
C08718,59,Female,Kolkata,22-07-2024,Regular,
C08719,58,Male,Hyderabad,29-09-2023,Regular,
C08720,18,Male,Kolkata,16-12-2024,Budget,
C08721,54,Male,Ahmedabad,23-02-2023,Premium,
C08722,62,Female,Hyderabad,29-01-2024,Budget,
C08723,49,Male,Ahmedabad,22-08-2024,Regular,
C08724,26,Female,Ahmedabad,25-04-2024,Regular,
C08725,49,Male,Vijayawada,01-11-2024,Regular,
C08726,47,Male,Guntur,17-07-2023,Regular,
C08727,49,Female,Hyderabad,28-04-2024,Regular,
C08728,38,Male,Hyderabad,08-04-2025,Budget,
C08729,42,Female,Bengaluru,01-01-2024,Regular,
C08730,48,Female,Pune,21-06-2023,Budget,
C08731,39,Female,Ahmedabad,17-07-2025,Budget,
C08732,54,Male,Kolkata,02-05-2025,Regular,
C08733,51,Male,Mumbai,15-01-2025,Premium,
C08734,32,Male,Chennai,23-05-2025,Premium,
C08735,46,Female,Hyderabad,02-05-2025,Regular,
C08736,53,Female,Mumbai,28-03-2025,Regular,
C08737,41,Male,Mumbai,11-07-2024,Budget,
C08738,51,Male,Mumbai,22-01-2023,Budget,
C08739,23,Male,Hyderabad,15-10-2024,Regular,
C08740,36,Male,Chennai,27-10-2023,Regular,
C08741,50,Male,Guntur,26-04-2025,Regular,
C08742,60,Female,Chennai,27-05-2024,Budget,
C08743,48,Female,Guntur,18-09-2025,Regular,
C08744,49,Male,Hyderabad,14-10-2024,Budget,
C08745,34,Male,Kolkata,25-08-2024,Regular,
C08746,50,Male,Bengaluru,03-10-2025,Budget,
C08747,34,Male,Mumbai,04-06-2024,Regular,
C08748,20,Female,Vijayawada,16-02-2024,Regular,
C08749,29,Male,Ahmedabad,11-02-2024,Budget,
C08750,46,Other,Pune,16-08-2025,Regular,
C08751,63,Female,Kolkata,08-04-2025,Regular,
C08752,41,Female,Kolkata,28-06-2023,Budget,
C08753,58,Female,Ahmedabad,23-06-2024,Regular,
C08754,54,Female,Pune,11-02-2024,Premium,
C08755,44,Other,Pune,09-12-2024,Budget,
C08756,55,Male,Hyderabad,27-02-2023,Budget,
C08757,36,Other,Vijayawada,20-02-2025,Regular,
C08758,38,Male,Pune,24-03-2025,Regular,
C08759,52,Male,Chennai,06-09-2023,Premium,
C08760,48,Female,Bengaluru,14-06-2023,Budget,
C08761,42,Male,Kolkata,18-11-2024,Premium,
C08762,38,Male,Ahmedabad,09-10-2023,Regular,
C08763,63,Male,Guntur,28-10-2025,Budget,
C08764,21,Male,Guntur,28-04-2025,Regular,
C08765,20,Male,Guntur,11-11-2025,Regular,
C08766,40,Male,Kolkata,08-08-2024,Budget,
C08767,19,Female,Vijayawada,24-10-2025,Budget,
C08768,34,Female,Hyderabad,16-01-2023,Budget,
C08769,44,Male,Mumbai,14-11-2023,Regular,
C08770,37,Female,Delhi,03-01-2023,Budget,
C08771,27,Female,Kolkata,11-01-2025,Budget,
C08772,31,Female,Chennai,13-07-2024,Budget,
C08773,46,Female,Chennai,11-11-2023,Regular,
C08774,62,Female,Vijayawada,30-11-2023,Premium,
C08775,54,Male,Kolkata,05-12-2024,Budget,
C08776,43,Female,Kolkata,17-07-2023,Premium,
C08777,24,Female,Bengaluru,17-07-2024,Regular,
C08778,29,Female,Pune,02-11-2024,Premium,
C08779,38,Male,Delhi,20-09-2023,Regular,
C08780,29,Female,Kolkata,08-09-2023,Regular,
C08781,50,Female,Vijayawada,23-01-2024,Regular,
C08782,35,Male,Chennai,10-10-2024,Regular,
C08783,57,Female,Guntur,06-10-2023,Premium,
C08784,30,Female,Kolkata,20-02-2024,Premium,
C08785,41,Female,Delhi,18-08-2024,Regular,
C08786,51,Male,Vijayawada,24-07-2023,Regular,
C08787,27,Female,Bengaluru,14-09-2024,Regular,
C08788,53,Female,Kolkata,01-06-2023,Regular,
C08789,45,Male,Mumbai,06-06-2023,Regular,
C08790,48,Female,Kolkata,17-09-2023,Regular,
C08791,39,Male,Bengaluru,10-11-2023,Budget,
C08792,61,Female,Ahmedabad,02-02-2023,Premium,
C08793,54,Female,Hyderabad,18-11-2025,Budget,
C08794,27,Female,Mumbai,04-12-2023,Budget,
C08795,44,Female,Vijayawada,31-05-2025,Budget,
C08796,60,Male,Kolkata,14-09-2025,Budget,
C08797,31,Female,Delhi,26-05-2025,Regular,
C08798,43,Male,Mumbai,29-06-2025,Budget,
C08799,53,Female,Hyderabad,20-04-2023,Budget,
C08800,30,Male,Bengaluru,12-02-2024,Budget,
C08801,42,Female,Ahmedabad,28-03-2025,Budget,
C08802,43,Female,Chennai,22-09-2024,Premium,
C08803,26,Male,Hyderabad,07-01-2023,Regular,
C08804,26,Male,Delhi,13-09-2024,Budget,
C08805,44,Male,Mumbai,30-05-2025,Regular,
C08806,26,Male,Vijayawada,26-06-2025,Regular,
C08807,62,Male,Chennai,25-02-2024,Regular,
C08808,42,Female,Chennai,16-09-2023,Budget,
C08809,51,Female,Bengaluru,05-12-2023,Regular,
C08810,36,Female,Bengaluru,21-11-2023,Budget,
C08811,32,Male,Pune,15-01-2024,Budget,
C08812,40,Male,Chennai,27-11-2023,Premium,
C08813,51,Male,Ahmedabad,15-05-2024,Regular,
C08814,36,Female,Guntur,14-02-2023,Budget,
C08815,31,Female,Delhi,29-10-2023,Budget,
C08816,24,Female,Chennai,11-12-2023,Regular,
C08817,43,Female,Guntur,17-06-2023,Budget,
C08818,49,Female,Vijayawada,19-08-2025,Regular,
C08819,42,Other,Vijayawada,09-01-2025,Budget,
C08820,29,Male,Vijayawada,25-09-2025,Budget,
C08821,29,Female,Guntur,06-09-2024,Regular,
C08822,35,Female,Ahmedabad,01-05-2023,Budget,
C08823,34,Male,Vijayawada,17-09-2025,Regular,
C08824,27,Female,Mumbai,16-05-2024,Budget,
C08825,62,Female,Vijayawada,19-01-2025,Premium,
C08826,33,Female,Hyderabad,22-02-2024,Regular,
C08827,29,Male,Guntur,25-06-2024,Budget,
C08828,46,Male,Mumbai,19-06-2024,Budget,
C08829,55,Female,Chennai,08-11-2023,Regular,
C08830,39,Male,Kolkata,30-08-2024,Regular,
C08831,49,Male,Bengaluru,14-03-2025,Regular,
C08832,22,Male,Vijayawada,23-01-2023,Budget,
C08833,43,Male,Ahmedabad,24-05-2023,Regular,
C08834,21,Female,Hyderabad,11-07-2025,Budget,
C08835,24,Female,Guntur,15-09-2024,Budget,
C08836,45,Male,Bengaluru,02-12-2025,Budget,
C08837,27,Female,Guntur,24-10-2024,Regular,
C08838,19,Male,Guntur,16-12-2024,Regular,
C08839,26,Male,Kolkata,11-09-2025,Budget,
C08840,54,Female,Kolkata,24-12-2024,Budget,
C08841,45,Female,Guntur,27-12-2023,Regular,
C08842,35,Male,Guntur,01-08-2024,Regular,
C08843,63,Female,Ahmedabad,15-09-2023,Regular,
C08844,36,Male,Bengaluru,02-01-2024,Regular,
C08845,59,Female,Kolkata,14-01-2025,Regular,
C08846,34,Male,Chennai,13-06-2023,Regular,
C08847,19,Female,Hyderabad,05-01-2025,Premium,
C08848,23,Female,Bengaluru,01-10-2024,Premium,
C08849,30,Male,Delhi,04-12-2023,Regular,
C08850,26,Female,Vijayawada,19-02-2023,Regular,
C08851,25,Female,Hyderabad,10-02-2025,Budget,
C08852,36,Male,Hyderabad,21-06-2025,Budget,
C08853,63,Female,Hyderabad,10-03-2025,Budget,
C08854,27,Female,Bengaluru,05-04-2024,Regular,
C08855,29,Male,Pune,16-12-2024,Premium,
C08856,64,Female,Guntur,30-03-2024,Regular,
C08857,27,Male,Hyderabad,28-01-2024,Regular,
C08858,57,Female,Guntur,25-12-2023,Budget,
C08859,47,Female,Vijayawada,19-08-2023,Premium,
C08860,61,Other,Hyderabad,27-11-2025,Budget,
C08861,44,Female,Delhi,30-12-2024,Premium,
C08862,45,Female,Guntur,11-07-2023,Budget,
C08863,28,Male,Kolkata,05-08-2025,Budget,
C08864,45,Male,Bengaluru,15-06-2023,Regular,
C08865,49,Female,Bengaluru,12-10-2024,Budget,
C08866,64,Male,Delhi,01-07-2023,Budget,
C08867,22,Female,Guntur,31-01-2024,Regular,
C08868,25,Male,Vijayawada,22-12-2024,Regular,
C08869,18,Male,Delhi,30-12-2025,Budget,
C08870,55,Male,Pune,22-12-2025,Regular,
C08871,21,Female,Pune,07-09-2025,Regular,
C08872,61,Male,Delhi,15-09-2023,Budget,
C08873,35,Male,Kolkata,13-04-2023,Regular,
C08874,31,Other,Chennai,18-09-2025,Regular,
C08875,63,Female,Pune,07-10-2025,Premium,
C08876,51,Female,Kolkata,02-11-2023,Regular,
C08877,43,Male,Pune,21-01-2023,Regular,
C08878,59,Male,Vijayawada,10-12-2024,Regular,
C08879,53,Female,Ahmedabad,25-03-2023,Regular,
C08880,47,Male,Ahmedabad,14-02-2023,Regular,
C08881,33,Male,Guntur,23-10-2025,Regular,
C08882,64,Female,Pune,26-06-2024,Budget,
C08883,51,Male,Mumbai,03-05-2023,Premium,
C08884,62,Female,Pune,17-12-2024,Regular,
C08885,63,Male,Vijayawada,09-02-2024,Regular,
C08886,43,Male,Guntur,10-08-2024,Regular,
C08887,34,Male,Mumbai,11-09-2025,Budget,
C08888,62,Female,Delhi,18-09-2023,Regular,
C08889,64,Female,Chennai,08-12-2024,Regular,
C08890,23,Female,Hyderabad,26-06-2025,Regular,
C08891,48,Male,Mumbai,09-04-2024,Budget,
C08892,46,Female,Bengaluru,28-11-2025,Regular,
C08893,53,Female,Mumbai,05-05-2024,Regular,
C08894,63,Female,Hyderabad,17-05-2024,Regular,
C08895,29,Female,Mumbai,26-08-2025,Budget,
C08896,63,Female,Ahmedabad,27-11-2024,Regular,
C08897,48,Female,Guntur,09-08-2025,Budget,
C08898,21,Male,Guntur,15-05-2025,Regular,
C08899,42,Female,Pune,19-02-2025,Regular,
C08900,24,Male,Pune,22-09-2023,Regular,
C08901,62,Other,Vijayawada,12-03-2024,Premium,
C08902,53,Male,Pune,04-08-2025,Budget,
C08903,60,Male,Hyderabad,05-11-2024,Regular,
C08904,46,Male,Vijayawada,03-11-2023,Regular,
C08905,36,Female,Kolkata,25-12-2023,Regular,
C08906,38,Male,Kolkata,29-04-2025,Regular,
C08907,62,Female,Hyderabad,15-07-2023,Premium,
C08908,25,Female,Delhi,03-05-2023,Regular,
C08909,59,Male,Delhi,17-04-2025,Budget,
C08910,37,Female,Guntur,12-11-2023,Budget,
C08911,45,Female,Mumbai,18-04-2025,Premium,
C08912,49,Female,Mumbai,07-08-2024,Budget,
C08913,21,Male,Kolkata,28-12-2025,Regular,
C08914,24,Female,Hyderabad,28-07-2024,Premium,
C08915,25,Male,Ahmedabad,07-08-2025,Regular,
C08916,54,Female,Hyderabad,20-07-2025,Budget,
C08917,21,Female,Chennai,21-08-2023,Regular,
C08918,46,Male,Delhi,26-12-2025,Regular,
C08919,23,Male,Bengaluru,28-04-2023,Premium,
C08920,54,Female,Hyderabad,07-01-2023,Regular,
C08921,63,Male,Delhi,25-10-2023,Regular,
C08922,37,Male,Ahmedabad,18-01-2023,Budget,
C08923,27,Male,Chennai,27-01-2024,Budget,
C08924,38,Female,Chennai,27-12-2025,Regular,
C08925,50,Male,Kolkata,08-06-2024,Regular,
C08926,52,Female,Vijayawada,27-01-2023,Regular,
C08927,47,Other,Pune,24-06-2024,Premium,
C08928,45,Female,Pune,28-08-2023,Budget,
C08929,47,Female,Guntur,26-07-2025,Budget,
C08930,28,Female,Hyderabad,10-04-2023,Regular,
C08931,27,Male,Vijayawada,23-04-2025,Regular,
C08932,61,Male,Delhi,03-05-2024,Regular,
C08933,45,Male,Mumbai,21-01-2023,Regular,
C08934,58,Male,Kolkata,07-01-2025,Budget,
C08935,47,Male,Vijayawada,13-05-2024,Regular,
C08936,39,Female,Vijayawada,24-04-2025,Premium,
C08937,44,Male,Ahmedabad,07-11-2024,Regular,
C08938,50,Male,Delhi,12-05-2025,Regular,
C08939,26,Female,Bengaluru,19-05-2024,Regular,
C08940,39,Male,Bengaluru,09-01-2023,Regular,
C08941,51,Female,Guntur,24-05-2023,Regular,
C08942,22,Male,Bengaluru,17-05-2024,Budget,
C08943,21,Female,Delhi,11-03-2024,Regular,
C08944,25,Male,Delhi,19-05-2025,Premium,
C08945,45,Male,Ahmedabad,26-03-2024,Premium,
C08946,29,Female,Mumbai,30-07-2025,Regular,
C08947,38,Male,Ahmedabad,25-07-2023,Budget,
C08948,24,Male,Pune,26-02-2024,Regular,
C08949,29,Male,Guntur,08-04-2025,Budget,
C08950,18,Female,Bengaluru,16-05-2023,Budget,
C08951,55,Male,Ahmedabad,18-12-2023,Regular,
C08952,39,Female,Ahmedabad,03-04-2025,Regular,
C08953,26,Female,Guntur,06-10-2024,Regular,
C08954,42,Female,Delhi,01-05-2025,Regular,
C08955,61,Female,Mumbai,18-07-2024,Regular,
C08956,56,Male,Pune,29-07-2025,Budget,
C08957,59,Female,Vijayawada,18-08-2025,Budget,
C08958,37,Male,Bengaluru,03-12-2025,Regular,
C08959,34,Male,Kolkata,14-05-2023,Premium,
C08960,32,Female,Chennai,09-10-2024,Premium,
C08961,32,Female,Ahmedabad,06-05-2023,Budget,
C08962,61,Male,Delhi,08-09-2023,Regular,
C08963,24,Other,Guntur,25-11-2023,Regular,
C08964,58,Female,Bengaluru,08-12-2024,Budget,
C08965,61,Male,Bengaluru,17-04-2024,Regular,
C08966,57,Female,Vijayawada,04-08-2025,Regular,
C08967,47,Female,Mumbai,23-11-2023,Regular,
C08968,58,Female,Hyderabad,06-11-2024,Budget,
C08969,19,Female,Guntur,15-04-2025,Budget,
C08970,56,Male,Delhi,09-12-2025,Budget,
C08971,42,Female,Vijayawada,26-09-2023,Regular,
C08972,63,Male,Delhi,14-03-2025,Budget,
C08973,22,Female,Ahmedabad,03-04-2023,Regular,
C08974,61,Female,Pune,18-08-2024,Regular,
C08975,44,Female,Delhi,29-03-2024,Budget,
C08976,22,Male,Delhi,15-11-2025,Budget,
C08977,41,Female,Chennai,26-04-2025,Budget,
C08978,19,Female,Ahmedabad,12-10-2025,Premium,
C08979,21,Male,Pune,20-07-2025,Budget,
C08980,42,Male,Hyderabad,25-03-2024,Regular,
C08981,56,Male,Mumbai,14-03-2025,Regular,
C08982,23,Female,Delhi,03-02-2023,Budget,
C08983,30,Male,Guntur,02-09-2024,Premium,
C08984,36,Female,Delhi,21-02-2023,Regular,
C08985,43,Female,Pune,03-03-2025,Regular,
C08986,18,Female,Hyderabad,24-11-2025,Budget,
C08987,48,Female,Mumbai,16-01-2025,Budget,
C08988,41,Male,Chennai,08-07-2025,Budget,
C08989,63,Male,Delhi,14-09-2023,Regular,
C08990,32,Male,Guntur,24-12-2025,Premium,
C08991,41,Female,Vijayawada,26-08-2024,Regular,
C08992,21,Female,Chennai,08-01-2025,Budget,
C08993,61,Female,Kolkata,23-04-2025,Budget,
C08994,57,Female,Vijayawada,01-12-2024,Regular,
C08995,34,Female,Chennai,14-12-2023,Budget,
C08996,39,Other,Delhi,31-10-2024,Regular,
C08997,58,Female,Pune,17-12-2024,Premium,
C08998,31,Male,Hyderabad,27-07-2025,Regular,
C08999,29,Male,Delhi,11-06-2024,Budget,
C09000,29,Female,Bengaluru,03-07-2024,Budget,
C09001,51,Female,Mumbai,04-07-2024,Regular,
C09002,27,Female,Bengaluru,06-05-2023,Budget,
C09003,22,Male,Ahmedabad,09-04-2023,Premium,
C09004,25,Female,Guntur,23-01-2023,Regular,
C09005,64,Male,Chennai,30-12-2024,Regular,
C09006,59,Male,Hyderabad,03-04-2024,Regular,
C09007,62,Female,Delhi,05-08-2025,Budget,
C09008,31,Female,Bengaluru,07-02-2025,Budget,
C09009,38,Male,Delhi,04-06-2023,Regular,
C09010,41,Male,Pune,20-04-2023,Budget,
C09011,42,Female,Delhi,05-02-2024,Budget,
C09012,19,Male,Pune,05-10-2025,Premium,
C09013,46,Male,Pune,23-02-2023,Regular,
C09014,19,Female,Bengaluru,25-07-2023,Budget,
C09015,30,Female,Kolkata,02-02-2023,Premium,
C09016,31,Male,Kolkata,28-03-2024,Budget,
C09017,49,Female,Bengaluru,19-12-2025,Regular,
C09018,60,Female,Delhi,18-01-2025,Regular,
C09019,50,Male,Chennai,24-06-2024,Regular,
C09020,38,Male,Mumbai,08-06-2023,Regular,
C09021,42,Male,Ahmedabad,25-01-2024,Budget,
C09022,42,Male,Pune,28-07-2024,Premium,
C09023,24,Female,Vijayawada,28-10-2023,Budget,
C09024,62,Male,Pune,11-02-2025,Premium,
C09025,61,Other,Hyderabad,09-12-2025,Budget,
C09026,29,Male,Ahmedabad,14-08-2023,Budget,
C09027,23,Female,Hyderabad,04-10-2023,Budget,
C09028,25,Female,Mumbai,19-05-2023,Regular,
C09029,47,Female,Vijayawada,05-03-2025,Regular,
C09030,19,Female,Vijayawada,20-05-2024,Regular,
C09031,22,Female,Bengaluru,07-11-2023,Regular,
C09032,48,Female,Vijayawada,19-03-2023,Regular,
C09033,24,Female,Vijayawada,05-06-2024,Regular,
C09034,21,Female,Guntur,18-01-2025,Budget,
C09035,18,Other,Guntur,15-09-2023,Regular,
C09036,51,Male,Hyderabad,02-01-2023,Premium,
C09037,35,Male,Bengaluru,02-06-2024,Regular,
C09038,31,Male,Kolkata,09-01-2025,Regular,
C09039,48,Female,Bengaluru,13-01-2024,Budget,
C09040,26,Male,Chennai,02-10-2023,Budget,
C09041,42,Male,Vijayawada,18-06-2023,Regular,
C09042,40,Female,Vijayawada,27-03-2025,Budget,
C09043,49,Male,Chennai,01-08-2025,Regular,
C09044,47,Female,Pune,22-04-2025,Budget,
C09045,49,Male,Pune,21-07-2024,Budget,
C09046,28,Female,Chennai,03-03-2025,Budget,
C09047,24,Male,Chennai,10-03-2024,Regular,
C09048,43,Female,Delhi,27-01-2023,Regular,
C09049,20,Female,Kolkata,07-02-2024,Premium,
C09050,39,Male,Guntur,09-02-2025,Regular,
C09051,47,Male,Guntur,09-12-2024,Budget,
C09052,56,Female,Hyderabad,20-12-2025,Regular,
C09053,48,Female,Kolkata,28-12-2025,Regular,
C09054,64,Male,Kolkata,23-09-2023,Regular,
C09055,44,Female,Hyderabad,11-01-2023,Regular,
C09056,38,Male,Guntur,28-10-2023,Regular,
C09057,29,Female,Pune,17-08-2025,Budget,
C09058,49,Male,Ahmedabad,09-06-2025,Budget,
C09059,56,Female,Kolkata,19-04-2023,Premium,
C09060,33,Male,Mumbai,25-06-2023,Budget,
C09061,21,Male,Chennai,09-09-2024,Budget,
C09062,18,Male,Mumbai,24-12-2024,Budget,
C09063,47,Male,Ahmedabad,11-12-2025,Budget,
C09064,49,Female,Kolkata,06-04-2025,Premium,
C09065,23,Female,Kolkata,20-08-2023,Budget,
C09066,19,Male,Bengaluru,10-02-2023,Regular,
C09067,48,Male,Hyderabad,24-11-2024,Regular,
C09068,36,Female,Kolkata,29-08-2024,Budget,
C09069,37,Female,Vijayawada,06-10-2025,Budget,
C09070,30,Female,Mumbai,22-09-2024,Budget,
C09071,51,Male,Delhi,02-07-2024,Budget,
C09072,52,Male,Vijayawada,29-11-2023,Budget,
C09073,20,Male,Chennai,05-04-2023,Regular,
C09074,22,Female,Pune,17-08-2025,Budget,
C09075,44,Female,Hyderabad,23-06-2025,Regular,
C09076,46,Male,Chennai,28-06-2023,Premium,
C09077,24,Male,Mumbai,09-02-2025,Budget,
C09078,25,Female,Kolkata,03-02-2024,Budget,
C09079,50,Male,Mumbai,23-04-2024,Budget,
C09080,39,Female,Delhi,18-07-2025,Budget,
C09081,23,Male,Chennai,11-07-2025,Regular,
C09082,46,Male,Bengaluru,28-07-2023,Regular,
C09083,21,Male,Ahmedabad,03-12-2023,Budget,
C09084,28,Other,Kolkata,18-06-2025,Budget,
C09085,51,Male,Kolkata,01-10-2025,Budget,
C09086,28,Male,Pune,28-03-2023,Regular,
C09087,20,Female,Bengaluru,01-07-2025,Regular,
C09088,63,Male,Pune,19-06-2024,Regular,
C09089,28,Male,Ahmedabad,08-10-2024,Regular,
C09090,42,Male,Delhi,24-03-2023,Regular,
C09091,56,Female,Ahmedabad,14-01-2025,Regular,
C09092,64,Male,Mumbai,12-01-2025,Budget,
C09093,56,Female,Pune,26-12-2024,Regular,
C09094,33,Female,Mumbai,15-05-2025,Regular,
C09095,58,Female,Vijayawada,01-11-2025,Regular,
C09096,18,Male,Bengaluru,19-07-2025,Regular,
C09097,33,Female,Chennai,26-03-2025,Regular,
C09098,27,Female,Kolkata,08-01-2025,Regular,
C09099,42,Female,Hyderabad,05-01-2025,Budget,
C09100,59,Male,Pune,16-08-2024,Regular,
C09101,54,Female,Hyderabad,22-04-2025,Budget,
C09102,64,Female,Pune,20-03-2023,Budget,
C09103,24,Female,Mumbai,07-07-2024,Budget,
C09104,53,Male,Bengaluru,10-04-2024,Regular,
C09105,52,Female,Delhi,26-09-2025,Regular,
C09106,39,Female,Mumbai,21-03-2023,Regular,
C09107,22,Female,Hyderabad,05-12-2024,Regular,
C09108,22,Female,Pune,21-07-2023,Regular,
C09109,60,Female,Pune,25-08-2025,Premium,
C09110,31,Male,Kolkata,21-07-2025,Budget,
C09111,47,Male,Vijayawada,15-09-2023,Regular,
C09112,62,Male,Ahmedabad,12-08-2025,Budget,
C09113,41,Female,Ahmedabad,27-06-2024,Budget,
C09114,27,Male,Kolkata,29-11-2025,Premium,
C09115,40,Female,Kolkata,10-03-2025,Budget,
C09116,28,Other,Ahmedabad,07-02-2023,Premium,
C09117,26,Female,Kolkata,10-08-2023,Regular,
C09118,56,Female,Pune,17-03-2024,Premium,
C09119,34,Female,Ahmedabad,20-08-2023,Regular,
C09120,50,Male,Vijayawada,26-05-2023,Regular,
C09121,52,Female,Delhi,06-12-2025,Regular,
C09122,43,Female,Chennai,09-08-2025,Regular,
C09123,43,Female,Delhi,20-04-2024,Premium,
C09124,26,Male,Hyderabad,24-08-2023,Regular,
C09125,42,Male,Mumbai,19-07-2023,Regular,
C09126,53,Female,Guntur,29-09-2025,Premium,
C09127,27,Female,Hyderabad,29-12-2023,Regular,
C09128,28,Female,Guntur,14-01-2023,Regular,
C09129,50,Female,Pune,11-03-2024,Budget,
C09130,64,Female,Mumbai,12-05-2024,Budget,
C09131,36,Female,Delhi,13-11-2024,Regular,
C09132,56,Female,Guntur,06-01-2024,Regular,
C09133,26,Female,Bengaluru,07-10-2025,Regular,
C09134,44,Male,Pune,05-12-2024,Budget,
C09135,62,Male,Chennai,16-12-2025,Budget,
C09136,38,Female,Pune,06-02-2024,Premium,
C09137,41,Male,Ahmedabad,14-12-2024,Regular,
C09138,25,Female,Vijayawada,05-02-2024,Regular,
C09139,42,Male,Chennai,05-02-2025,Budget,
C09140,45,Female,Kolkata,27-03-2025,Premium,
C09141,64,Male,Delhi,19-12-2023,Premium,
C09142,27,Female,Pune,23-10-2025,Regular,
C09143,35,Female,Bengaluru,27-07-2025,Budget,
C09144,48,Male,Guntur,06-09-2025,Premium,
C09145,62,Female,Bengaluru,27-08-2023,Premium,
C09146,29,Female,Hyderabad,25-02-2025,Regular,
C09147,50,Female,Ahmedabad,27-04-2023,Regular,
C09148,59,Other,Delhi,26-04-2023,Regular,
C09149,47,Female,Hyderabad,01-12-2025,Budget,
C09150,38,Female,Kolkata,17-06-2023,Regular,
C09151,29,Female,Chennai,04-08-2025,Regular,
C09152,31,Female,Vijayawada,16-04-2024,Regular,
C09153,20,Female,Vijayawada,29-11-2023,Regular,
C09154,25,Male,Pune,22-03-2023,Regular,
C09155,38,Female,Delhi,09-01-2025,Premium,
C09156,24,Female,Delhi,28-02-2025,Budget,
C09157,18,Male,Kolkata,26-05-2024,Premium,
C09158,50,Male,Vijayawada,05-06-2025,Budget,
C09159,21,Female,Kolkata,20-12-2023,Budget,
C09160,24,Female,Hyderabad,27-08-2024,Regular,
C09161,45,Male,Bengaluru,11-11-2023,Budget,
C09162,61,Female,Kolkata,29-09-2024,Budget,
C09163,52,Female,Mumbai,29-05-2023,Regular,
C09164,19,Male,,05-06-2024,Budget,
C09165,25,Female,Delhi,24-08-2024,Regular,
C09166,52,Male,Pune,01-09-2024,Budget,
C09167,52,Female,Chennai,04-05-2024,Regular,
C09168,36,Male,Hyderabad,05-12-2024,Regular,
C09169,62,Female,Chennai,14-07-2024,Regular,
C09170,59,Male,Kolkata,07-11-2023,Regular,
C09171,52,Female,Kolkata,24-08-2023,Regular,
C09172,53,Female,Guntur,10-12-2024,Budget,
C09173,54,Male,Bengaluru,24-10-2025,Budget,
C09174,24,Other,Bengaluru,04-04-2025,Regular,
C09175,50,Female,Bengaluru,30-11-2024,Regular,
C09176,62,Female,Pune,06-10-2025,Regular,
C09177,28,Female,Pune,12-09-2025,Budget,
C09178,18,Female,Bengaluru,08-07-2024,Premium,
C09179,34,Female,Delhi,30-04-2023,Budget,
C09180,30,Other,Hyderabad,25-11-2024,Premium,
C09181,62,Male,Kolkata,13-11-2024,Budget,
C09182,38,Male,Pune,31-10-2023,Premium,
C09183,49,Male,Hyderabad,19-07-2025,Regular,
C09184,64,Male,Hyderabad,10-08-2025,Regular,
C09185,55,Female,Ahmedabad,29-12-2023,Budget,
C09186,53,Male,Guntur,06-06-2024,Premium,
C09187,63,Female,Guntur,02-08-2023,Budget,
C09188,50,Male,Pune,15-07-2023,Regular,
C09189,28,Male,Pune,18-10-2023,Budget,
C09190,52,Female,Guntur,05-02-2024,Regular,
C09191,33,Male,Guntur,26-10-2023,Regular,
C09192,33,Female,Vijayawada,16-06-2023,Regular,
C09193,48,Female,Mumbai,04-05-2024,Regular,
C09194,32,Female,Delhi,13-11-2024,Regular,
C09195,19,Female,Hyderabad,23-12-2023,Regular,
C09196,64,Female,Bengaluru,07-08-2024,Budget,
C09197,44,Male,Mumbai,25-10-2023,Regular,
C09198,49,Female,Guntur,09-02-2025,Regular,
C09199,56,Male,Delhi,11-12-2024,Budget,
C09200,47,Male,Pune,17-11-2025,Regular,
C09201,46,Female,Guntur,28-02-2023,Budget,
C09202,55,Female,Delhi,23-07-2025,Premium,
C09203,31,Female,Mumbai,08-01-2024,Regular,
C09204,56,Female,Ahmedabad,14-03-2023,Regular,
C09205,52,Female,Mumbai,25-01-2025,Regular,
C09206,26,Female,Mumbai,08-07-2023,Regular,
C09207,24,Male,Guntur,12-07-2023,Budget,
C09208,59,Male,Delhi,08-12-2025,Budget,
C09209,60,Female,Chennai,30-08-2023,Regular,
C09210,64,Female,Guntur,22-08-2024,Budget,
C09211,22,Male,Kolkata,08-08-2023,Budget,
C09212,60,Male,Ahmedabad,16-05-2023,Regular,
C09213,58,Male,Mumbai,02-01-2023,Budget,
C09214,54,Female,Ahmedabad,18-01-2023,Budget,
C09215,41,Male,Vijayawada,02-06-2024,Budget,
C09216,41,Male,Bengaluru,20-04-2024,Budget,
C09217,38,Male,Bengaluru,12-02-2023,Regular,
C09218,19,Male,Pune,18-01-2024,Budget,
C09219,41,Female,Ahmedabad,26-10-2023,Budget,
C09220,29,Female,Hyderabad,17-09-2024,Regular,
C09221,27,Male,Pune,25-12-2025,Regular,
C09222,20,Female,Bengaluru,27-01-2025,Premium,
C09223,39,Female,Vijayawada,02-10-2025,Premium,
C09224,20,Female,Ahmedabad,30-07-2023,Regular,
C09225,57,Male,Vijayawada,24-08-2023,Regular,
C09226,59,Male,Chennai,02-04-2025,Budget,
C09227,55,Female,Ahmedabad,06-12-2023,Regular,
C09228,32,Female,Mumbai,18-07-2025,Regular,
C09229,25,Male,Bengaluru,22-05-2024,Regular,
C09230,41,Female,Delhi,08-08-2023,Budget,
C09231,49,Male,Delhi,13-07-2025,Premium,
C09232,18,Male,Pune,25-08-2024,Regular,
C09233,58,Male,Guntur,28-05-2025,Regular,
C09234,38,Female,Chennai,10-05-2024,Premium,
C09235,56,Male,Kolkata,19-05-2023,Premium,
C09236,21,Male,Bengaluru,15-01-2025,Budget,
C09237,38,Male,Guntur,17-05-2023,Regular,
C09238,39,Male,Delhi,27-12-2024,Regular,
C09239,20,Male,Ahmedabad,01-04-2024,Regular,
C09240,51,Female,Chennai,16-05-2025,Regular,
C09241,61,Female,Mumbai,10-08-2025,Regular,
C09242,43,Male,Vijayawada,22-03-2024,Premium,
C09243,36,Male,Bengaluru,23-08-2025,Budget,
C09244,47,Female,Pune,02-05-2023,Budget,
C09245,34,Male,Mumbai,28-04-2023,Regular,
C09246,34,Male,Mumbai,23-12-2025,Regular,
C09247,53,Female,Kolkata,20-09-2024,Premium,
C09248,45,Female,Ahmedabad,08-05-2024,Regular,
C09249,30,Male,Delhi,20-06-2023,Regular,
C09250,37,Male,Kolkata,13-11-2023,Regular,
C09251,57,Male,Hyderabad,21-01-2025,Premium,
C09252,42,Male,Chennai,18-06-2025,Budget,
C09253,21,Female,Ahmedabad,30-09-2025,Budget,
C09254,58,Female,Kolkata,22-03-2024,Regular,
C09255,52,Male,Hyderabad,12-05-2024,Budget,
C09256,30,Male,Guntur,28-06-2023,Premium,
C09257,63,Male,Delhi,01-04-2023,Budget,
C09258,62,Male,Mumbai,24-04-2024,Regular,
C09259,64,Female,Delhi,26-09-2024,Premium,
C09260,35,Male,Mumbai,25-04-2023,Budget,
C09261,61,Female,Pune,23-03-2024,Budget,
C09262,55,Female,Bengaluru,03-12-2024,Budget,
C09263,58,Female,Bengaluru,06-06-2025,Premium,
C09264,43,Female,Vijayawada,24-10-2025,Premium,
C09265,31,Female,Ahmedabad,08-01-2024,Regular,
C09266,28,Other,Mumbai,04-03-2024,Regular,
C09267,63,Male,Guntur,16-08-2025,Regular,
C09268,41,Male,Ahmedabad,29-01-2025,Budget,
C09269,61,Male,Kolkata,27-10-2023,Budget,
C09270,44,Female,Ahmedabad,20-01-2025,Premium,
C09271,43,Female,Vijayawada,22-06-2023,Budget,
C09272,21,Male,Guntur,06-05-2024,Regular,
C09273,36,Female,Chennai,02-12-2023,Budget,
C09274,44,Female,Ahmedabad,22-12-2025,Regular,
C09275,23,Female,Bengaluru,08-02-2023,Budget,
C09276,25,Male,Pune,27-07-2025,Budget,
C09277,45,Male,Hyderabad,04-11-2023,Budget,
C09278,29,Female,Bengaluru,09-02-2023,Premium,
C09279,50,Male,Ahmedabad,23-12-2024,Budget,
C09280,39,Female,Mumbai,12-01-2025,Regular,
C09281,36,Male,Bengaluru,05-06-2023,Regular,
C09282,23,Male,Vijayawada,11-02-2023,Budget,
C09283,37,Male,Vijayawada,02-05-2023,Regular,
C09284,43,Female,Chennai,23-03-2024,Budget,
C09285,44,Male,Pune,25-05-2023,Regular,
C09286,30,Other,Chennai,08-02-2025,Regular,
C09287,19,Male,Guntur,26-03-2023,Premium,
C09288,61,Female,Kolkata,13-05-2025,Regular,
C09289,63,Male,Delhi,15-08-2025,Budget,
C09290,60,Male,Vijayawada,23-02-2025,Regular,
C09291,31,Other,Ahmedabad,30-10-2025,Regular,
C09292,46,Female,Bengaluru,25-10-2025,Premium,
C09293,24,Female,Delhi,20-02-2023,Premium,
C09294,60,Female,Guntur,10-01-2024,Regular,
C09295,18,Male,Pune,12-04-2025,Regular,
C09296,40,Female,Hyderabad,07-01-2024,Budget,
C09297,58,Male,Ahmedabad,18-03-2025,Premium,
C09298,52,Female,Delhi,27-04-2025,Premium,
C09299,58,Female,Chennai,27-12-2025,Budget,
C09300,41,Female,Guntur,28-12-2023,Regular,
C09301,22,Female,Guntur,16-01-2024,Budget,
C09302,18,Female,Pune,27-01-2023,Budget,
C09303,25,Female,Ahmedabad,09-11-2023,Regular,
C09304,20,Male,Chennai,04-11-2023,Budget,
C09305,39,Female,Ahmedabad,11-05-2024,Regular,
C09306,20,Female,Vijayawada,06-04-2024,Budget,
C09307,26,Male,Chennai,26-07-2025,Regular,
C09308,37,Female,Vijayawada,27-04-2025,Regular,
C09309,52,Male,Hyderabad,08-03-2025,Regular,
C09310,49,Female,Delhi,06-01-2023,Budget,
C09311,20,Female,Hyderabad,31-05-2024,Budget,
C09312,60,Male,Delhi,09-03-2025,Regular,
C09313,43,Male,Kolkata,25-09-2023,Regular,
C09314,34,Female,Guntur,10-04-2024,Regular,
C09315,35,Male,Bengaluru,07-03-2025,Regular,
C09316,57,Other,Guntur,20-05-2025,Premium,
C09317,39,Male,Vijayawada,24-07-2025,Budget,
C09318,29,Male,Hyderabad,15-04-2024,Budget,
C09319,37,Male,Vijayawada,13-03-2024,Premium,
C09320,21,Female,Vijayawada,24-02-2024,Regular,
C09321,25,Female,Hyderabad,02-01-2025,Budget,
C09322,32,Female,Hyderabad,04-04-2024,Premium,
C09323,28,Other,Ahmedabad,14-03-2024,Budget,
C09324,34,Female,Delhi,04-07-2023,Regular,
C09325,21,Male,Chennai,07-06-2024,Regular,
C09326,46,Male,Delhi,17-09-2023,Regular,
C09327,23,Female,Mumbai,28-07-2024,Premium,
C09328,28,Male,Vijayawada,31-08-2025,Regular,
C09329,63,Female,Chennai,29-04-2025,Budget,
C09330,18,Female,Hyderabad,07-06-2024,Regular,
C09331,31,Female,Guntur,06-12-2025,Regular,
C09332,41,Female,Guntur,09-12-2025,Regular,
C09333,32,Female,Guntur,01-05-2024,Budget,
C09334,33,Female,Vijayawada,16-04-2025,Budget,
C09335,23,Female,Hyderabad,10-01-2024,Premium,
C09336,37,Male,Ahmedabad,20-08-2025,Regular,
C09337,53,Female,,14-02-2024,Regular,
C09338,45,Male,Delhi,10-10-2023,Regular,
C09339,61,Female,Delhi,27-05-2023,Budget,
C09340,50,Female,Vijayawada,11-07-2025,Budget,
C09341,55,Female,Pune,22-11-2023,Budget,
C09342,38,Male,Chennai,09-06-2025,Budget,
C09343,46,Female,Hyderabad,05-04-2023,Premium,
C09344,45,Male,Pune,02-07-2024,Budget,
C09345,56,Female,Guntur,13-04-2024,Budget,
C09346,41,Male,Ahmedabad,25-04-2024,Regular,
C09347,36,Female,Vijayawada,03-07-2023,Premium,
C09348,21,Female,Hyderabad,22-03-2023,Budget,
C09349,58,Male,Delhi,15-01-2024,Budget,
C09350,38,Male,Kolkata,29-05-2024,Regular,
C09351,55,Male,Guntur,18-05-2025,Regular,
C09352,49,Male,Mumbai,21-05-2024,Regular,
C09353,18,Male,Kolkata,27-09-2023,Budget,
C09354,48,Male,Chennai,15-10-2023,Premium,
C09355,40,Male,Pune,01-11-2024,Regular,
C09356,29,Male,Ahmedabad,22-04-2024,Regular,
C09357,30,Female,Guntur,13-09-2025,Premium,
C09358,47,Male,Delhi,26-04-2024,Regular,
C09359,22,Male,Delhi,12-09-2024,Budget,
C09360,46,Female,Guntur,11-03-2023,Regular,
C09361,57,Male,Pune,01-08-2023,Regular,
C09362,22,Female,Mumbai,19-07-2025,Budget,
C09363,18,Female,Chennai,13-01-2024,Budget,
C09364,20,Female,Ahmedabad,06-04-2024,Budget,
C09365,52,Female,Ahmedabad,08-10-2024,Premium,
C09366,57,Female,Pune,05-03-2023,Regular,
C09367,64,Female,Bengaluru,08-07-2024,Regular,
C09368,19,Female,Bengaluru,15-01-2024,Regular,
C09369,40,Male,Chennai,12-06-2023,Regular,
C09370,20,Female,Hyderabad,03-04-2024,Premium,
C09371,35,Female,Delhi,04-05-2024,Budget,
C09372,32,Female,Delhi,24-07-2023,Budget,
C09373,46,Male,Mumbai,17-08-2024,Regular,
C09374,60,Male,Vijayawada,28-03-2025,Regular,
C09375,55,Female,Chennai,20-10-2023,Regular,
C09376,20,Male,Guntur,24-11-2025,Premium,
C09377,29,Female,Bengaluru,01-11-2024,Regular,
C09378,30,Male,Kolkata,26-04-2025,Budget,
C09379,29,Male,Guntur,18-03-2023,Budget,
C09380,34,Male,Guntur,20-04-2025,Regular,
C09381,46,Female,Pune,04-01-2024,Regular,
C09382,52,Female,Chennai,16-02-2025,Regular,
C09383,62,Female,Mumbai,30-05-2025,Budget,
C09384,51,Female,Delhi,02-10-2023,Regular,
C09385,32,Female,Guntur,11-10-2023,Regular,
C09386,26,Female,Mumbai,07-03-2023,Budget,
C09387,35,Male,Guntur,24-10-2024,Regular,
C09388,55,Female,Vijayawada,27-04-2025,Budget,
C09389,64,Female,Bengaluru,24-03-2024,Regular,
C09390,36,Male,Vijayawada,26-06-2023,Regular,
C09391,26,Other,Pune,13-12-2023,Budget,
C09392,18,Male,Kolkata,17-03-2024,Regular,
C09393,21,Female,Mumbai,30-09-2025,Regular,
C09394,47,Female,Mumbai,16-05-2023,Budget,
C09395,45,Male,Pune,11-01-2024,Premium,
C09396,48,Female,Bengaluru,29-11-2024,Regular,
C09397,19,Female,Ahmedabad,17-09-2023,Regular,
C09398,38,Female,Kolkata,26-08-2025,Budget,
C09399,26,Female,Hyderabad,22-09-2025,Regular,
C09400,33,Male,Chennai,21-02-2024,Budget,
C09401,47,Male,Pune,27-03-2025,Budget,
C09402,30,Male,Ahmedabad,07-04-2025,Regular,
C09403,48,Male,Chennai,16-01-2025,Premium,
C09404,31,Male,Guntur,24-07-2023,Budget,
C09405,41,Female,Pune,24-02-2023,Regular,
C09406,39,Male,Pune,16-01-2024,Regular,
C09407,36,Female,Bengaluru,24-05-2023,Regular,
C09408,23,Male,Kolkata,17-11-2023,Regular,
C09409,45,Male,Guntur,29-11-2024,Regular,
C09410,64,Female,Chennai,06-10-2024,Regular,
C09411,48,Other,Pune,18-08-2023,Budget,
C09412,53,Female,Hyderabad,20-01-2023,Budget,
C09413,55,Male,Chennai,05-09-2023,Regular,
C09414,19,Female,Hyderabad,13-05-2024,Budget,
C09415,55,Male,Ahmedabad,03-05-2025,Budget,
C09416,29,Female,Vijayawada,04-02-2024,Budget,
C09417,49,Female,Hyderabad,10-11-2023,Budget,
C09418,64,Male,Ahmedabad,26-08-2024,Regular,
C09419,60,Female,Pune,20-03-2023,Budget,
C09420,37,Female,Ahmedabad,04-09-2023,Budget,
C09421,57,Male,Pune,09-02-2023,Regular,
C09422,47,Male,Vijayawada,29-07-2024,Regular,
C09423,24,Female,Hyderabad,29-09-2024,Premium,
C09424,29,Male,Bengaluru,06-11-2024,Premium,
C09425,62,Male,Chennai,08-03-2024,Premium,
C09426,61,Male,Ahmedabad,09-08-2025,Regular,
C09427,59,Other,Hyderabad,02-10-2025,Budget,
C09428,36,Male,Bengaluru,02-05-2023,Budget,
C09429,33,Other,Ahmedabad,04-10-2025,Premium,
C09430,55,Female,Delhi,04-08-2023,Premium,
C09431,18,Male,Ahmedabad,30-09-2023,Regular,
C09432,60,Male,Mumbai,03-08-2024,Regular,
C09433,46,Female,Hyderabad,02-02-2023,Budget,
C09434,47,Male,Pune,03-02-2024,Budget,
C09435,38,Male,Bengaluru,02-08-2023,Regular,
C09436,64,Male,Delhi,12-06-2024,Budget,
C09437,53,Female,Guntur,11-06-2025,Regular,
C09438,20,Female,Bengaluru,08-10-2025,Regular,
C09439,42,Female,Chennai,21-08-2023,Regular,
C09440,58,Male,Vijayawada,19-08-2024,Premium,
C09441,21,Male,Mumbai,03-06-2024,Budget,
C09442,52,Female,Mumbai,30-03-2024,Regular,
C09443,29,Male,Kolkata,23-11-2024,Regular,
C09444,41,Other,Bengaluru,19-12-2025,Regular,
C09445,59,Female,Hyderabad,19-03-2024,Premium,
C09446,41,Male,Guntur,13-03-2023,Budget,
C09447,19,Female,Vijayawada,29-09-2025,Budget,
C09448,18,Female,Vijayawada,17-10-2025,Regular,
C09449,52,Female,Hyderabad,19-12-2023,Regular,
C09450,61,Male,Pune,03-07-2024,Regular,
C09451,31,Female,Guntur,02-08-2025,Budget,
C09452,61,Male,Guntur,05-07-2024,Budget,
C09453,39,Female,Mumbai,10-06-2024,Regular,
C09454,20,Male,Delhi,06-10-2025,Regular,
C09455,42,Male,Bengaluru,26-06-2025,Budget,
C09456,63,Other,Bengaluru,09-07-2024,Premium,
C09457,29,Female,Mumbai,26-06-2023,Regular,
C09458,63,Male,Chennai,25-04-2024,Budget,
C09459,48,Female,Vijayawada,10-01-2025,Budget,
C09460,36,Male,Hyderabad,26-10-2023,Budget,
C09461,50,Female,Pune,11-08-2024,Budget,
C09462,36,Female,Pune,22-12-2024,Regular,
C09463,21,Male,Hyderabad,04-04-2023,Premium,
C09464,58,Female,Delhi,15-09-2024,Budget,
C09465,35,Other,Vijayawada,18-03-2025,Budget,
C09466,44,Female,Bengaluru,23-08-2023,Premium,
C09467,52,Female,Bengaluru,23-08-2024,Regular,
C09468,21,Female,Bengaluru,15-02-2025,Regular,
C09469,51,Female,Hyderabad,18-02-2023,Regular,
C09470,35,Male,Guntur,06-12-2024,Budget,
C09471,43,Female,Hyderabad,12-10-2023,Budget,
C09472,39,Male,Chennai,11-03-2024,Premium,
C09473,54,Male,Guntur,10-12-2024,Regular,
C09474,26,Male,Vijayawada,05-01-2023,Budget,
C09475,23,Female,Bengaluru,19-01-2023,Premium,
C09476,37,Male,Mumbai,04-05-2024,Regular,
C09477,23,Male,Bengaluru,05-11-2025,Budget,
C09478,29,Male,Bengaluru,07-01-2023,Premium,
C09479,48,Male,Vijayawada,13-05-2025,Regular,
C09480,56,Other,Mumbai,24-03-2023,Regular,
C09481,50,Male,Kolkata,19-06-2024,Budget,
C09482,32,Male,Bengaluru,16-04-2024,Budget,
C09483,56,Other,Chennai,27-05-2024,Premium,
C09484,37,Male,Mumbai,31-03-2023,Budget,
C09485,26,Female,Pune,05-04-2025,Premium,
C09486,53,Female,Vijayawada,29-10-2023,Regular,
C09487,42,Female,Chennai,24-04-2025,Regular,
C09488,35,Male,Kolkata,18-12-2024,Premium,
C09489,49,Female,Delhi,26-08-2024,Premium,
C09490,52,Female,Ahmedabad,04-12-2023,Premium,
C09491,28,Female,Mumbai,15-12-2024,Regular,
C09492,23,Male,Delhi,28-12-2025,Regular,
C09493,42,Female,Kolkata,07-10-2025,Budget,
C09494,20,Female,Delhi,30-09-2025,Budget,
C09495,48,Female,Ahmedabad,29-08-2023,Premium,
C09496,38,Female,Hyderabad,02-10-2024,Premium,
C09497,28,Female,,11-03-2024,Budget,
C09498,46,Female,Bengaluru,24-11-2025,Regular,
C09499,35,Male,Bengaluru,06-11-2025,Premium,
C09500,36,Male,Hyderabad,08-08-2025,Regular,
C09501,28,Female,Mumbai,28-06-2023,Budget,
C09502,49,Male,Chennai,16-12-2023,Budget,
C09503,60,Female,Ahmedabad,17-02-2025,Regular,
C09504,47,Female,Pune,31-03-2025,Premium,
C09505,29,Female,Ahmedabad,19-01-2024,Budget,
C09506,57,Male,Guntur,30-05-2023,Regular,
C09507,23,Female,Ahmedabad,30-05-2023,Regular,
C09508,31,Female,Delhi,19-01-2025,Regular,
C09509,19,Female,Vijayawada,12-05-2024,Premium,
C09510,57,Female,Mumbai,21-06-2024,Regular,
C09511,20,Male,Guntur,11-06-2025,Regular,
C09512,43,Female,Bengaluru,19-01-2023,Premium,
C09513,27,Male,Vijayawada,06-04-2025,Regular,
C09514,27,Female,Mumbai,28-10-2023,Regular,
C09515,46,Male,Kolkata,16-10-2025,Budget,
C09516,55,Male,Mumbai,12-11-2025,Regular,
C09517,18,Male,Chennai,03-07-2024,Budget,
C09518,25,Male,Mumbai,12-12-2023,Premium,
C09519,31,Female,Kolkata,13-09-2023,Budget,
C09520,62,Female,Bengaluru,18-07-2023,Budget,
C09521,20,Male,Bengaluru,30-12-2025,Premium,
C09522,26,Male,Vijayawada,25-07-2023,Regular,
C09523,36,Female,Hyderabad,03-05-2024,Regular,
C09524,33,Male,Ahmedabad,08-06-2024,Regular,
C09525,20,Male,Mumbai,13-01-2025,Budget,
C09526,43,Male,Mumbai,11-07-2025,Budget,
C09527,46,Female,Mumbai,03-09-2024,Regular,
C09528,26,Other,Mumbai,10-04-2025,Premium,
C09529,50,Male,Ahmedabad,12-09-2024,Regular,
C09530,20,Female,Guntur,23-04-2024,Budget,
C09531,52,Female,Mumbai,22-06-2023,Budget,
C09532,30,Other,,17-08-2023,Regular,
C09533,28,Female,Hyderabad,18-04-2024,Budget,
C09534,27,Female,Ahmedabad,20-02-2023,Budget,
C09535,58,Female,Vijayawada,13-12-2023,Regular,
C09536,41,Female,Hyderabad,21-05-2024,Regular,
C09537,50,Male,Pune,01-06-2024,Regular,
C09538,27,Female,Chennai,11-06-2025,Budget,
C09539,20,Female,Chennai,25-11-2025,Budget,
C09540,19,Male,Guntur,10-03-2025,Budget,
C09541,38,Male,Chennai,29-03-2023,Regular,
C09542,33,Male,Mumbai,23-03-2024,Budget,
C09543,54,Male,Bengaluru,13-10-2024,Premium,
C09544,55,Male,Vijayawada,16-05-2024,Budget,
C09545,32,Male,Vijayawada,22-04-2024,Regular,
C09546,38,Male,Vijayawada,20-03-2024,Budget,
C09547,35,Female,Chennai,26-09-2024,Regular,
C09548,49,Male,Bengaluru,15-07-2023,Regular,
C09549,47,Male,Vijayawada,20-07-2024,Budget,
C09550,48,Male,Kolkata,14-08-2023,Regular,
C09551,20,Male,Chennai,15-01-2025,Budget,
C09552,33,Male,Hyderabad,04-08-2025,Regular,
C09553,63,Other,Ahmedabad,09-07-2024,Premium,
C09554,34,Male,Guntur,29-02-2024,Regular,
C09555,26,Male,Hyderabad,26-10-2025,Regular,
C09556,27,Female,Delhi,23-12-2024,Budget,
C09557,19,Female,Delhi,13-04-2024,Regular,
C09558,54,Male,Delhi,01-02-2023,Regular,
C09559,18,Male,Mumbai,18-01-2023,Budget,
C09560,46,Female,Mumbai,31-08-2023,Budget,
C09561,36,Female,Mumbai,16-09-2023,Budget,
C09562,22,Male,Vijayawada,28-02-2025,Budget,
C09563,59,Other,Vijayawada,02-07-2024,Premium,
C09564,52,Other,Bengaluru,30-12-2025,Budget,
C09565,56,Female,Ahmedabad,14-08-2024,Budget,
C09566,62,Male,Pune,15-09-2025,Budget,
C09567,60,Female,Chennai,27-08-2024,Budget,
C09568,50,Female,Bengaluru,28-01-2024,Regular,
C09569,43,Female,Ahmedabad,21-02-2025,Budget,
C09570,50,Male,Mumbai,07-05-2024,Budget,
C09571,39,Male,Bengaluru,28-10-2023,Budget,
C09572,26,Male,Vijayawada,02-06-2024,Regular,
C09573,36,Female,Vijayawada,29-12-2024,Regular,
C09574,39,Female,Delhi,16-02-2024,Regular,
C09575,20,Male,Delhi,09-02-2025,Budget,
C09576,57,Male,Delhi,09-12-2025,Budget,
C09577,60,Male,Bengaluru,26-03-2024,Premium,
C09578,37,Female,Bengaluru,20-11-2023,Budget,
C09579,41,Male,Chennai,16-03-2024,Regular,
C09580,57,Male,Mumbai,06-07-2025,Budget,
C09581,39,Female,Bengaluru,15-07-2023,Budget,
C09582,50,Female,Hyderabad,02-12-2025,Regular,
C09583,42,Female,Vijayawada,29-03-2024,Regular,
C09584,30,Female,Guntur,10-07-2025,Budget,
C09585,55,Male,Mumbai,11-05-2025,Regular,
C09586,27,Male,Kolkata,08-05-2025,Regular,
C09587,28,Male,Bengaluru,22-09-2025,Regular,
C09588,50,Female,Vijayawada,22-07-2023,Regular,
C09589,51,Female,Guntur,12-10-2024,Regular,
C09590,62,Male,Bengaluru,19-04-2023,Budget,
C09591,51,Female,Chennai,24-11-2023,Budget,
C09592,19,Female,Mumbai,14-02-2023,Regular,
C09593,57,Other,Hyderabad,17-01-2025,Budget,
C09594,37,Male,Mumbai,27-10-2024,Premium,
C09595,18,Male,Kolkata,21-03-2025,Regular,
C09596,45,Female,Ahmedabad,12-07-2023,Budget,
C09597,26,Female,Hyderabad,30-12-2023,Regular,
C09598,37,Female,Mumbai,10-01-2025,Budget,
C09599,40,Female,Guntur,24-06-2025,Budget,
C09600,21,Male,Guntur,27-08-2025,Premium,
C09601,57,Female,Pune,22-03-2023,Regular,
C09602,41,Male,Ahmedabad,16-03-2024,Regular,
C09603,63,Male,Chennai,12-01-2023,Regular,
C09604,39,Male,Guntur,15-06-2025,Budget,
C09605,45,Male,Delhi,15-05-2023,Regular,
C09606,56,Male,Kolkata,19-06-2025,Premium,
C09607,27,Female,Chennai,20-06-2023,Regular,
C09608,60,Female,Bengaluru,17-01-2023,Regular,
C09609,26,Male,Pune,20-08-2025,Budget,
C09610,64,Male,Pune,25-04-2024,Premium,
C09611,48,Male,Pune,10-04-2024,Budget,
C09612,42,Male,Guntur,09-12-2024,Premium,
C09613,27,Male,Ahmedabad,29-10-2023,Budget,
C09614,44,Female,Mumbai,26-01-2025,Budget,
C09615,43,Female,Delhi,14-04-2024,Budget,
C09616,64,Female,Hyderabad,26-10-2023,Regular,
C09617,57,Female,Ahmedabad,08-03-2024,Budget,
C09618,40,Female,Bengaluru,07-01-2023,Regular,
C09619,36,Male,Hyderabad,27-11-2023,Premium,
C09620,36,Male,Pune,09-10-2024,Budget,
C09621,35,Male,Vijayawada,01-06-2023,Regular,
C09622,18,Male,Mumbai,10-05-2023,Regular,
C09623,19,Female,Bengaluru,19-12-2024,Regular,
C09624,53,Female,Bengaluru,13-04-2024,Regular,
C09625,29,Male,Guntur,30-05-2023,Premium,
C09626,37,Male,Kolkata,29-03-2025,Regular,
C09627,50,Male,Delhi,29-04-2025,Regular,
C09628,46,Female,Vijayawada,08-02-2023,Budget,
C09629,34,Male,Bengaluru,09-08-2023,Regular,
C09630,53,Female,Kolkata,10-02-2024,Budget,
C09631,25,Male,Mumbai,11-03-2025,Regular,
C09632,40,Male,Chennai,23-03-2023,Regular,
C09633,22,Male,Vijayawada,01-06-2025,Regular,
C09634,42,Female,Vijayawada,16-12-2023,Regular,
C09635,22,Male,Guntur,18-05-2023,Regular,
C09636,62,Female,Bengaluru,03-08-2025,Budget,
C09637,48,Male,Ahmedabad,05-04-2023,Regular,
C09638,29,Female,Mumbai,22-05-2023,Premium,
C09639,46,Female,Mumbai,05-11-2025,Regular,
C09640,34,Female,Bengaluru,22-07-2024,Budget,
C09641,42,Male,Pune,22-05-2024,Regular,
C09642,25,Male,Guntur,22-01-2025,Budget,
C09643,41,Female,Chennai,21-11-2024,Regular,
C09644,23,Female,Pune,02-11-2024,Budget,
C09645,25,Male,Kolkata,26-01-2023,Regular,
C09646,45,Male,Kolkata,27-08-2024,Premium,
C09647,41,Male,Chennai,02-11-2023,Budget,
C09648,31,Male,Hyderabad,03-06-2025,Regular,
C09649,20,Male,Guntur,07-07-2024,Budget,
C09650,37,Male,Pune,16-05-2023,Budget,
C09651,61,Male,Ahmedabad,28-08-2025,Regular,
C09652,51,Female,Pune,08-11-2023,Regular,
C09653,20,Female,Mumbai,25-10-2023,Premium,
C09654,62,Female,Chennai,22-10-2025,Budget,
C09655,37,Female,Kolkata,28-04-2025,Budget,
C09656,45,Female,Guntur,30-07-2025,Regular,
C09657,18,Male,Mumbai,26-12-2024,Regular,
C09658,32,Female,Hyderabad,23-09-2025,Regular,
C09659,54,Male,Bengaluru,07-05-2023,Regular,
C09660,33,Male,Pune,18-10-2024,Premium,
C09661,25,Female,Chennai,18-11-2023,Budget,
C09662,22,Male,Guntur,12-03-2024,Premium,
C09663,61,Female,Chennai,18-09-2023,Premium,
C09664,56,Female,Delhi,13-08-2023,Budget,
C09665,20,Male,Chennai,02-10-2025,Budget,
C09666,61,Male,Delhi,26-11-2024,Regular,
C09667,56,Female,Kolkata,18-01-2024,Regular,
C09668,34,Female,Ahmedabad,19-04-2024,Budget,
C09669,48,Female,Ahmedabad,03-08-2024,Regular,
C09670,30,Male,Pune,25-09-2023,Regular,
C09671,29,Female,Delhi,24-07-2024,Premium,
C09672,51,Male,Mumbai,31-01-2025,Regular,
C09673,27,Male,Vijayawada,24-09-2023,Premium,
C09674,34,Female,Ahmedabad,01-10-2024,Regular,
C09675,34,Male,Guntur,14-02-2025,Regular,
C09676,25,Male,Ahmedabad,22-07-2024,Budget,
C09677,56,Male,Hyderabad,16-11-2023,Regular,
C09678,49,Female,Chennai,30-08-2024,Premium,
C09679,58,Female,,18-05-2025,Regular,
C09680,42,Other,Mumbai,31-08-2023,Regular,
C09681,26,Male,Vijayawada,21-09-2024,Budget,
C09682,31,Male,Delhi,15-01-2025,Budget,
C09683,34,Female,Chennai,19-12-2023,Regular,
C09684,62,Male,Pune,29-02-2024,Budget,
C09685,29,Male,Mumbai,31-08-2025,Budget,
C09686,50,Male,Bengaluru,02-02-2024,Regular,
C09687,23,Female,Vijayawada,17-10-2024,Budget,
C09688,62,Female,Vijayawada,13-06-2023,Regular,
C09689,48,Male,Ahmedabad,10-10-2025,Budget,
C09690,38,Male,Mumbai,15-10-2024,Budget,
C09691,34,Female,Guntur,12-04-2025,Budget,
C09692,34,Female,Chennai,21-10-2024,Budget,
C09693,28,Male,Guntur,25-01-2024,Regular,
C09694,46,Male,Guntur,08-01-2024,Regular,
C09695,58,Female,Bengaluru,06-02-2025,Regular,
C09696,29,Female,Mumbai,30-07-2025,Premium,
C09697,53,Female,Kolkata,20-05-2023,Regular,
C09698,44,Female,Chennai,14-07-2025,Regular,
C09699,54,Female,Guntur,27-06-2025,Regular,
C09700,54,Male,Kolkata,30-04-2023,Regular,
C09701,19,Male,Chennai,29-04-2023,Budget,
C09702,18,Male,Ahmedabad,31-01-2025,Premium,
C09703,61,Female,Hyderabad,11-07-2025,Regular,
C09704,25,Male,Mumbai,07-03-2024,Regular,
C09705,45,Male,Bengaluru,02-12-2024,Regular,
C09706,53,Male,Hyderabad,30-12-2025,Regular,
C09707,41,Female,Ahmedabad,20-12-2023,Regular,
C09708,18,Female,Bengaluru,04-09-2023,Regular,
C09709,18,Male,Kolkata,21-12-2025,Regular,
C09710,49,Male,Hyderabad,01-06-2024,Regular,
C09711,60,Female,Guntur,29-04-2024,Budget,
C09712,34,Male,Vijayawada,26-07-2024,Premium,
C09713,43,Female,Mumbai,22-10-2023,Regular,
C09714,61,Male,Delhi,13-01-2025,Budget,
C09715,56,Female,Kolkata,27-01-2025,Budget,
C09716,43,Male,Pune,08-08-2023,Premium,
C09717,48,Female,Hyderabad,10-06-2024,Budget,
C09718,63,Male,Vijayawada,04-03-2023,Budget,
C09719,55,Male,Vijayawada,30-08-2023,Budget,
C09720,37,Female,Delhi,17-12-2025,Budget,
C09721,50,Female,Pune,08-07-2024,Regular,
C09722,33,Female,Bengaluru,12-11-2024,Regular,
C09723,61,Female,Ahmedabad,31-08-2025,Regular,
C09724,22,Female,Pune,20-02-2025,Budget,
C09725,28,Female,Chennai,17-05-2025,Regular,
C09726,34,Male,Mumbai,18-02-2025,Budget,
C09727,27,Female,Hyderabad,30-06-2024,Regular,
C09728,45,Male,Ahmedabad,23-11-2024,Regular,
C09729,51,Male,Hyderabad,12-11-2023,Premium,
C09730,59,Female,Pune,02-09-2025,Regular,
C09731,41,Male,Guntur,16-07-2023,Regular,
C09732,47,Male,Hyderabad,26-08-2025,Regular,
C09733,46,Male,Bengaluru,19-08-2025,Regular,
C09734,18,Female,Ahmedabad,05-06-2023,Regular,
C09735,51,Female,Guntur,16-02-2025,Regular,
C09736,19,Male,Hyderabad,19-12-2025,Premium,
C09737,43,Male,Chennai,18-09-2024,Premium,
C09738,64,Male,Kolkata,08-01-2024,Regular,
C09739,55,Male,Pune,20-08-2025,Regular,
C09740,41,Male,Pune,15-07-2024,Regular,
C09741,32,Male,Chennai,14-05-2023,Budget,
C09742,57,Female,Pune,30-09-2023,Regular,
C09743,58,Female,Hyderabad,17-01-2025,Premium,
C09744,35,Male,Guntur,13-05-2024,Premium,
C09745,23,Male,Pune,26-08-2023,Premium,
C09746,45,Male,Mumbai,24-05-2025,Regular,
C09747,47,Male,Mumbai,13-05-2023,Regular,
C09748,61,Male,Mumbai,28-08-2023,Regular,
C09749,59,Female,Delhi,24-05-2024,Regular,
C09750,28,Female,Bengaluru,13-02-2023,Budget,
C09751,29,Male,Kolkata,29-02-2024,Regular,
C09752,64,Male,Bengaluru,23-09-2025,Budget,
C09753,33,Female,Mumbai,27-10-2025,Regular,
C09754,39,Female,Guntur,12-08-2025,Premium,
C09755,32,Male,Pune,21-12-2023,Regular,
C09756,36,Female,Vijayawada,13-03-2023,Budget,
C09757,44,Male,Kolkata,11-06-2025,Regular,
C09758,31,Female,Ahmedabad,13-02-2024,Regular,
C09759,37,Male,Hyderabad,30-03-2025,Regular,
C09760,34,Female,Pune,11-05-2023,Budget,
C09761,23,Male,Mumbai,01-01-2025,Regular,
C09762,54,Female,Hyderabad,04-10-2024,Premium,
C09763,59,Female,Hyderabad,04-10-2025,Budget,
C09764,41,Female,Bengaluru,22-04-2023,Regular,
C09765,27,Female,Hyderabad,22-03-2024,Premium,
C09766,48,Male,Delhi,19-12-2025,Regular,
C09767,43,Female,Hyderabad,02-03-2024,Premium,
C09768,43,Male,Guntur,21-12-2024,Regular,
C09769,45,Female,Pune,26-06-2023,Regular,
C09770,51,Male,Vijayawada,08-03-2025,Regular,
C09771,19,Male,Hyderabad,29-10-2023,Budget,
C09772,22,Male,Hyderabad,18-09-2024,Budget,
C09773,22,Other,Guntur,21-08-2025,Regular,
C09774,25,Female,Mumbai,24-12-2024,Budget,
C09775,63,Male,Ahmedabad,03-06-2024,Budget,
C09776,52,Female,Bengaluru,28-07-2023,Regular,
C09777,49,Male,Hyderabad,09-01-2024,Budget,
C09778,50,Male,Delhi,18-07-2025,Budget,
C09779,19,Male,Pune,25-08-2023,Regular,
C09780,28,Female,Bengaluru,19-12-2024,Budget,
C09781,55,Female,Hyderabad,15-06-2024,Regular,
C09782,39,Female,Chennai,18-12-2023,Budget,
C09783,41,Male,Bengaluru,23-02-2025,Regular,
C09784,53,Male,Vijayawada,01-02-2024,Regular,
C09785,21,Female,Vijayawada,10-11-2023,Regular,
C09786,55,Male,Hyderabad,02-08-2024,Budget,
C09787,49,Female,Delhi,09-04-2025,Regular,
C09788,36,Other,Mumbai,04-08-2025,Budget,
C09789,41,Male,Hyderabad,20-11-2024,Regular,
C09790,21,Male,Kolkata,25-12-2024,Budget,
C09791,27,Female,Guntur,12-05-2025,Budget,
C09792,29,Female,Kolkata,22-10-2023,Budget,
C09793,59,Female,Vijayawada,02-10-2023,Budget,
C09794,23,Female,Kolkata,13-06-2024,Budget,
C09795,31,Male,Pune,21-11-2024,Budget,
C09796,24,Female,Vijayawada,08-12-2024,Premium,
C09797,31,Female,Ahmedabad,18-06-2023,Regular,
C09798,18,Female,Ahmedabad,04-05-2025,Regular,
C09799,30,Male,Ahmedabad,03-02-2024,Budget,
C09800,52,Female,Hyderabad,18-08-2025,Budget,
C09801,54,Male,Ahmedabad,04-03-2025,Premium,
C09802,35,Male,Ahmedabad,12-12-2025,Budget,
C09803,51,Other,Delhi,22-11-2024,Regular,
C09804,47,Other,Pune,31-07-2024,Regular,
C09805,60,Female,Guntur,25-07-2023,Regular,
C09806,55,Female,Bengaluru,12-03-2024,Regular,
C09807,28,Male,Pune,28-07-2025,Regular,
C09808,45,Female,Ahmedabad,23-02-2024,Premium,
C09809,54,Female,Chennai,28-02-2023,Regular,
C09810,32,Female,Chennai,26-09-2023,Budget,
C09811,44,Female,Hyderabad,13-10-2024,Regular,
C09812,36,Female,Mumbai,19-11-2024,Budget,
C09813,32,Female,Mumbai,13-12-2025,Regular,
C09814,27,Male,Vijayawada,19-10-2025,Regular,
C09815,19,Female,Hyderabad,04-08-2024,Budget,
C09816,53,Male,Kolkata,30-08-2024,Premium,
C09817,56,Male,Hyderabad,26-05-2025,Premium,
C09818,48,Female,Ahmedabad,23-02-2023,Budget,
C09819,29,Female,Delhi,13-10-2024,Budget,
C09820,18,Female,Delhi,03-06-2024,Regular,
C09821,47,Male,Vijayawada,07-05-2025,Budget,
C09822,27,Male,Ahmedabad,26-05-2025,Budget,
C09823,43,Female,Bengaluru,18-12-2024,Premium,
C09824,63,Female,Chennai,20-12-2024,Budget,
C09825,18,Other,Chennai,26-01-2025,Budget,
C09826,45,Female,Kolkata,27-09-2024,Regular,
C09827,64,Female,Guntur,07-09-2023,Budget,
C09828,33,Female,Kolkata,08-11-2023,Regular,
C09829,56,Male,Delhi,23-03-2025,Regular,
C09830,56,Female,Ahmedabad,08-11-2024,Regular,
C09831,40,Female,Ahmedabad,18-09-2023,Budget,
C09832,32,Male,Hyderabad,19-08-2025,Premium,
C09833,49,Female,Pune,09-12-2025,Regular,
C09834,47,Female,Ahmedabad,16-11-2024,Regular,
C09835,40,Male,Kolkata,07-09-2023,Regular,
C09836,27,Male,Chennai,24-10-2025,Regular,
C09837,52,Female,Bengaluru,17-09-2023,Budget,
C09838,27,Female,Chennai,18-04-2024,Regular,
C09839,24,Female,Mumbai,29-07-2025,Regular,
C09840,21,Male,Vijayawada,24-07-2024,Regular,
C09841,38,Female,Kolkata,24-09-2023,Regular,
C09842,23,Male,Guntur,29-03-2023,Regular,
C09843,33,Male,Hyderabad,31-01-2024,Regular,
C09844,29,Male,Ahmedabad,05-01-2025,Regular,
C09845,39,Female,Bengaluru,21-02-2025,Budget,
C09846,54,Male,Pune,02-09-2023,Regular,
C09847,39,Male,Mumbai,23-06-2023,Regular,
C09848,44,Male,Guntur,07-02-2025,Budget,
C09849,24,Female,Kolkata,24-06-2023,Premium,
C09850,23,Male,Delhi,12-03-2023,Premium,
C09851,63,Male,Pune,16-06-2024,Regular,
C09852,47,Female,Ahmedabad,17-09-2024,Budget,
C09853,18,Female,Ahmedabad,24-09-2023,Regular,
C09854,44,Female,Pune,20-08-2023,Regular,
C09855,18,Male,Ahmedabad,16-09-2023,Budget,
C09856,21,Female,Ahmedabad,11-01-2024,Budget,
C09857,35,Female,Hyderabad,11-01-2023,Regular,
C09858,48,Female,Mumbai,13-01-2023,Regular,
C09859,47,Female,Vijayawada,10-02-2024,Regular,
C09860,55,Male,Mumbai,22-01-2023,Regular,
C09861,26,Male,Guntur,15-12-2023,Regular,
C09862,27,Male,Pune,28-09-2024,Regular,
C09863,43,Male,Chennai,04-02-2023,Regular,
C09864,58,Female,Mumbai,07-11-2024,Budget,
C09865,51,Male,Delhi,11-11-2024,Regular,
C09866,49,Female,Bengaluru,19-09-2024,Budget,
C09867,22,Other,Mumbai,17-11-2024,Regular,
C09868,59,Female,Kolkata,05-06-2025,Regular,
C09869,64,Male,Vijayawada,19-03-2023,Regular,
C09870,45,Other,Vijayawada,04-07-2023,Regular,
C09871,33,Male,Mumbai,14-12-2023,Budget,
C09872,49,Male,Ahmedabad,23-01-2025,Budget,
C09873,48,Male,Mumbai,13-08-2025,Budget,
C09874,61,Male,Guntur,02-10-2025,Regular,
C09875,23,Female,Vijayawada,29-09-2024,Regular,
C09876,42,Male,Delhi,25-03-2024,Budget,
C09877,51,Female,Kolkata,27-03-2024,Regular,
C09878,34,Male,Guntur,07-03-2023,Budget,
C09879,57,Female,Bengaluru,24-05-2024,Regular,
C09880,21,Male,Chennai,15-07-2024,Regular,
C09881,22,Female,Kolkata,17-08-2023,Budget,
C09882,55,Male,Bengaluru,20-04-2025,Budget,
C09883,23,Female,Ahmedabad,27-11-2023,Regular,
C09884,37,Female,Chennai,27-09-2025,Regular,
C09885,31,Female,Mumbai,28-04-2023,Regular,
C09886,50,Male,Guntur,24-09-2025,Regular,
C09887,18,Female,Pune,21-04-2025,Budget,
C09888,34,Female,Ahmedabad,03-09-2023,Premium,
C09889,64,Female,Kolkata,12-12-2024,Regular,
C09890,35,Female,Pune,07-12-2023,Regular,
C09891,46,Other,Pune,25-05-2025,Regular,
C09892,64,Other,Guntur,25-06-2023,Regular,
C09893,46,Female,Vijayawada,26-09-2023,Regular,
C09894,53,Male,Hyderabad,03-12-2023,Budget,
C09895,63,Male,Pune,07-08-2023,Regular,
C09896,47,Female,Ahmedabad,31-12-2023,Budget,
C09897,57,Other,Kolkata,21-10-2024,Regular,
C09898,41,Male,Delhi,24-11-2024,Premium,
C09899,56,Male,Ahmedabad,29-08-2024,Budget,
C09900,48,Male,Delhi,27-07-2023,Regular,
C09901,33,Male,Bengaluru,10-08-2023,Regular,
C09902,44,Other,Chennai,03-10-2025,Regular,
C09903,33,Female,Hyderabad,03-10-2023,Budget,
C09904,36,Male,Ahmedabad,23-04-2023,Regular,
C09905,31,Male,Vijayawada,08-01-2023,Regular,
C09906,41,Male,Mumbai,11-01-2024,Premium,
C09907,34,Female,Ahmedabad,25-07-2025,Regular,
C09908,47,Female,Vijayawada,20-10-2023,Regular,
C09909,35,Male,Mumbai,09-02-2025,Budget,
C09910,41,Male,Guntur,20-06-2024,Budget,
C09911,24,Female,Hyderabad,25-01-2024,Regular,
C09912,36,Female,Kolkata,25-12-2024,Regular,
C09913,34,Female,Bengaluru,14-10-2024,Regular,
C09914,63,Female,Ahmedabad,15-12-2023,Regular,
C09915,38,Other,Hyderabad,02-09-2023,Budget,
C09916,19,Female,Guntur,30-09-2025,Budget,
C09917,32,Female,Mumbai,04-07-2023,Regular,
C09918,52,Male,Chennai,16-11-2025,Budget,
C09919,25,Male,Pune,30-05-2024,Budget,
C09920,25,Male,Vijayawada,27-12-2025,Budget,
C09921,35,Female,Bengaluru,22-01-2024,Regular,
C09922,34,Female,Mumbai,11-09-2024,Budget,
C09923,40,Male,Kolkata,04-11-2024,Premium,
C09924,19,Other,Hyderabad,06-01-2024,Premium,
C09925,51,Female,Vijayawada,27-08-2023,Budget,
C09926,28,Male,Pune,23-07-2024,Regular,
C09927,51,Female,Vijayawada,26-12-2024,Regular,
C09928,44,Female,Delhi,14-10-2023,Premium,
C09929,27,Male,Guntur,19-04-2025,Regular,
C09930,40,Female,Mumbai,30-11-2024,Budget,
C09931,19,Male,Delhi,02-07-2023,Budget,
C09932,50,Female,Mumbai,24-10-2025,Premium,
C09933,32,Female,Pune,18-02-2023,Premium,
C09934,36,Female,Chennai,16-12-2024,Regular,
C09935,25,Female,Pune,26-04-2024,Regular,
C09936,35,Male,Guntur,16-12-2024,Regular,
C09937,36,Male,Bengaluru,27-04-2025,Regular,
C09938,28,Female,Ahmedabad,22-01-2025,Regular,
C09939,64,Male,Guntur,13-12-2024,Budget,
C09940,31,Female,Hyderabad,09-07-2025,Budget,
C09941,26,Male,Kolkata,07-02-2025,Regular,
C09942,43,Male,Delhi,10-06-2025,Regular,
C09943,32,Female,Kolkata,17-03-2024,Regular,
C09944,39,Female,Chennai,11-08-2023,Premium,
C09945,52,Female,Chennai,15-09-2023,Budget,
C09946,21,Female,Chennai,01-11-2024,Premium,
C09947,41,Male,Bengaluru,05-08-2024,Regular,
C09948,19,Female,Delhi,26-03-2023,Regular,
C09949,20,Female,Guntur,12-08-2023,Budget,
C09950,22,Female,Ahmedabad,25-11-2025,Regular,
C09951,25,Male,Bengaluru,06-03-2025,Premium,
C09952,34,Female,Pune,06-04-2025,Regular,
C09953,61,Male,Hyderabad,04-08-2023,Regular,
C09954,60,Female,Hyderabad,12-03-2023,Budget,
C09955,22,Male,Kolkata,15-11-2023,Budget,
C09956,64,Female,Mumbai,27-07-2025,Regular,
C09957,47,Female,Ahmedabad,08-07-2024,Regular,
C09958,44,Female,Bengaluru,09-05-2025,Premium,
C09959,55,Female,Bengaluru,16-06-2024,Regular,
C09960,40,Female,Ahmedabad,20-06-2024,Budget,
C09961,30,Male,Chennai,19-10-2024,Budget,
C09962,42,Female,Hyderabad,16-11-2025,Budget,
C09963,52,Other,Ahmedabad,24-04-2024,Budget,
C09964,50,Male,Ahmedabad,14-10-2024,Budget,
C09965,25,Male,Vijayawada,03-10-2025,Regular,
C09966,62,Female,Pune,12-02-2024,Regular,
C09967,31,Male,Delhi,08-07-2025,Premium,
C09968,56,Female,Kolkata,08-08-2024,Premium,
C09969,32,Female,Ahmedabad,20-08-2025,Budget,
C09970,20,Female,Kolkata,27-05-2024,Regular,
C09971,64,Male,Mumbai,20-11-2024,Budget,
C09972,45,Male,Guntur,20-12-2023,Budget,
C09973,28,Female,Ahmedabad,26-11-2024,Budget,
C09974,18,Male,Guntur,24-12-2023,Budget,
C09975,24,Female,Pune,29-10-2024,Regular,
C09976,25,Male,Delhi,13-05-2025,Regular,
C09977,61,Male,Guntur,21-04-2024,Regular,
C09978,26,Male,Kolkata,15-04-2024,Regular,
C09979,25,Male,Ahmedabad,19-12-2023,Regular,
C09980,57,Female,Guntur,10-03-2025,Regular,
C09981,59,Female,Chennai,10-10-2024,Premium,
C09982,27,Female,Bengaluru,19-07-2024,Regular,
C09983,48,Female,Bengaluru,28-01-2023,Regular,
C09984,43,Male,Pune,01-05-2023,Regular,
C09985,45,Male,Guntur,09-01-2023,Regular,
C09986,32,Female,Vijayawada,20-07-2025,Budget,
C09987,53,Male,Hyderabad,21-07-2025,Regular,
C09988,59,Male,Hyderabad,16-03-2023,Premium,
C09989,52,Male,Kolkata,20-02-2023,Premium,
C09990,60,Female,Chennai,05-05-2025,Budget,
C09991,23,Male,Delhi,28-07-2024,Budget,
C09992,48,Male,Hyderabad,05-12-2023,Budget,
C09993,64,Female,Hyderabad,04-11-2024,Regular,
C09994,43,Female,Pune,16-09-2023,Regular,
C09995,62,Male,Kolkata,05-08-2023,Regular,
C09996,34,Female,Guntur,07-02-2024,Premium,
C09997,60,Male,Delhi,07-09-2025,Budget,
C09998,62,Male,Kolkata,20-04-2025,Regular,
C09999,47,Male,Guntur,28-07-2023,Regular,
C10000,51,Male,Delhi,07-09-2024,Budget,
