return_id,order_id,return_reason,return_date
R00001,O000013,Late Delivery,28-02-2026
R00002,O000068,Size/Fit Issue,28-09-2025
R00003,O000072,Changed Mind,21-06-2026
R00004,O000092,Late Delivery,21-12-2025
R00005,O000097,Size/Fit Issue,21-06-2025
R00006,O000125,Quality Issue,06-10-2025
R00007,O000145,Wrong Item,20-02-2026
R00008,O000177,Size/Fit Issue,20-05-2025
R00009,O000185,Late Delivery,27-04-2026
R00010,O000219,Late Delivery,12-03-2026
R00011,O000225,Size/Fit Issue,28-11-2025
R00012,O000238,Late Delivery,05-06-2026
R00013,O000258,Late Delivery,17-07-2026
R00014,O000274,Quality Issue,17-10-2025
R00015,O000309,Late Delivery,03-01-2026
R00016,O000320,Changed Mind,20-04-2025
R00017,O000338,Size/Fit Issue,19-02-2025
R00018,O000387,Size/Fit Issue,03-09-2026
R00019,O000389,Late Delivery,06-07-2025
R00020,O000402,Size/Fit Issue,16-03-2026
R00021,O000411,Damaged,10-09-2025
R00022,O000415,Size/Fit Issue,19-10-2025
R00023,O000428,Late Delivery,11-12-2025
R00024,O000460,Wrong Item,21-01-2025
R00025,O000504,Damaged,14-07-2026
R00026,O000509,Wrong Item,25-05-2025
R00027,O000519,Quality Issue,01-03-2025
R00028,O000526,Size/Fit Issue,27-06-2025
R00029,O000528,Size/Fit Issue,07-04-2026
R00030,O000545,Late Delivery,11-12-2025
R00031,O000550,Size/Fit Issue,02-06-2025
R00032,O000552,Quality Issue,16-07-2025
R00033,O000563,Quality Issue,13-02-2026
R00034,O000570,Late Delivery,31-03-2026
R00035,O000571,Damaged,23-03-2026
R00036,O000619,Damaged,25-10-2025
R00037,O000636,Wrong Item,27-11-2025
R00038,O000666,Late Delivery,23-02-2026
R00039,O000694,Changed Mind,12-07-2025
R00040,O000701,Size/Fit Issue,25-04-2026
R00041,O000706,Damaged,10-04-2026
R00042,O000710,Size/Fit Issue,28-02-2026
R00043,O000733,Damaged,31-08-2026
R00044,O000736,Quality Issue,26-02-2025
R00045,O000749,Damaged,18-03-2026
R00046,O000762,Size/Fit Issue,09-10-2025
R00047,O000794,Size/Fit Issue,29-03-2025
R00048,O000810,Changed Mind,10-07-2025
R00049,O000819,Wrong Item,03-08-2025
R00050,O000838,Wrong Item,25-01-2025
R00051,O000848,Size/Fit Issue,11-01-2026
R00052,O000853,Wrong Item,16-05-2025
R00053,O000906,Wrong Item,17-01-2025
R00054,O000909,Late Delivery,31-08-2025
R00055,O000913,Changed Mind,01-02-2025
R00056,O000934,Late Delivery,22-11-2025
R00057,O000989,Size/Fit Issue,07-07-2026
R00058,O001000,Size/Fit Issue,23-07-2025
R00059,O001040,Damaged,23-08-2025
R00060,O001106,Wrong Item,23-04-2025
R00061,O001116,Changed Mind,28-07-2026
R00062,O001130,Size/Fit Issue,31-03-2025
R00063,O001155,Wrong Item,26-04-2026
R00064,O001161,Size/Fit Issue,23-08-2025
R00065,O001165,Size/Fit Issue,21-03-2026
R00066,O001175,Quality Issue,27-03-2026
R00067,O001214,Quality Issue,25-10-2025
R00068,O001221,Size/Fit Issue,16-01-2026
R00069,O001226,Size/Fit Issue,13-02-2025
R00070,O001236,Late Delivery,14-08-2026
R00071,O001243,Damaged,24-04-2025
R00072,O001256,Quality Issue,09-07-2026
R00073,O001262,Wrong Item,08-09-2025
R00074,O001320,Size/Fit Issue,10-12-2025
R00075,O001333,Changed Mind,06-09-2026
R00076,O001334,Wrong Item,01-10-2025
R00077,O001341,Changed Mind,22-09-2025
R00078,O001346,Damaged,14-04-2025
R00079,O001393,Late Delivery,10-04-2025
R00080,O001410,Quality Issue,26-04-2026
R00081,O001417,Quality Issue,30-08-2025
R00082,O001426,Size/Fit Issue,17-11-2025
R00083,O001459,Size/Fit Issue,02-08-2026
R00084,O001465,Wrong Item,27-08-2026
R00085,O001469,Damaged,25-06-2026
R00086,O001485,Quality Issue,04-07-2026
R00087,O001497,Quality Issue,13-05-2025
R00088,O001532,Wrong Item,30-07-2026
R00089,O001535,Late Delivery,25-05-2026
R00090,O001556,Size/Fit Issue,29-05-2026
R00091,O001575,Damaged,04-07-2026
R00092,O001597,Size/Fit Issue,28-06-2026
R00093,O001604,Wrong Item,06-06-2026
R00094,O001635,Damaged,11-07-2025
R00095,O001682,Size/Fit Issue,11-01-2026
R00096,O001699,Quality Issue,30-07-2025
R00097,O001711,Changed Mind,18-02-2026
R00098,O001729,Quality Issue,06-09-2026
R00099,O001731,Wrong Item,06-01-2026
R00100,O001746,Damaged,04-10-2025
R00101,O001755,Size/Fit Issue,04-02-2026
R00102,O001769,Wrong Item,18-08-2026
R00103,O001775,Quality Issue,09-07-2025
R00104,O001779,Damaged,19-01-2026
R00105,O001781,Wrong Item,06-05-2025
R00106,O001795,Late Delivery,03-03-2025
R00107,O001808,Wrong Item,28-01-2026
R00108,O001811,Size/Fit Issue,15-06-2026
R00109,O001824,Size/Fit Issue,06-08-2026
R00110,O001832,Damaged,19-07-2025
R00111,O001856,Size/Fit Issue,28-07-2025
R00112,O001869,Late Delivery,12-02-2026
R00113,O001885,Size/Fit Issue,27-06-2025
R00114,O001909,Size/Fit Issue,02-02-2026
R00115,O001958,Changed Mind,02-02-2026
R00116,O001960,Size/Fit Issue,28-03-2025
R00117,O001981,Quality Issue,29-04-2025
R00118,O001989,Quality Issue,07-07-2025
R00119,O001992,Damaged,12-04-2026
R00120,O002018,Size/Fit Issue,10-07-2026
R00121,O002022,Quality Issue,25-11-2025
R00122,O002070,Size/Fit Issue,11-01-2026
R00123,O002097,Size/Fit Issue,10-01-2025
R00124,O002104,Quality Issue,04-10-2025
R00125,O002105,Size/Fit Issue,09-12-2025
R00126,O002110,Wrong Item,15-02-2025
R00127,O002121,Size/Fit Issue,02-11-2025
R00128,O002131,Damaged,04-03-2026
R00129,O002139,Size/Fit Issue,17-02-2026
R00130,O002144,Damaged,23-04-2025
R00131,O002165,Late Delivery,15-08-2025
R00132,O002169,Quality Issue,01-12-2025
R00133,O002172,Wrong Item,02-07-2025
R00134,O002176,Changed Mind,30-01-2026
R00135,O002197,Quality Issue,04-04-2026
R00136,O002201,Size/Fit Issue,29-04-2026
R00137,O002211,Late Delivery,26-03-2025
R00138,O002227,Quality Issue,04-06-2026
R00139,O002234,Changed Mind,18-06-2026
R00140,O002246,Late Delivery,29-01-2025
R00141,O002264,Damaged,30-05-2025
R00142,O002278,Size/Fit Issue,06-05-2025
R00143,O002280,Changed Mind,24-06-2026
R00144,O002289,Damaged,22-02-2025
R00145,O002306,Size/Fit Issue,07-01-2026
R00146,O002314,Damaged,30-07-2025
R00147,O002330,Wrong Item,08-09-2025
R00148,O002350,Wrong Item,23-08-2026
R00149,O002370,Damaged,14-04-2025
R00150,O002386,Changed Mind,14-09-2025
R00151,O002396,Size/Fit Issue,22-08-2025
R00152,O002418,Wrong Item,04-11-2025
R00153,O002455,Quality Issue,02-11-2025
R00154,O002463,Quality Issue,26-02-2026
R00155,O002465,Changed Mind,11-01-2026
R00156,O002483,Quality Issue,17-04-2025
R00157,O002486,Damaged,22-07-2026
R00158,O002489,Damaged,31-08-2025
R00159,O002490,Damaged,30-01-2026
R00160,O002520,Damaged,25-03-2026
R00161,O002525,Damaged,28-03-2026
R00162,O002531,Damaged,24-02-2025
R00163,O002538,Size/Fit Issue,06-12-2025
R00164,O002548,Late Delivery,21-11-2025
R00165,O002552,Quality Issue,11-06-2025
R00166,O002564,Changed Mind,30-07-2025
R00167,O002571,Wrong Item,16-01-2026
R00168,O002593,Quality Issue,23-02-2026
R00169,O002626,Quality Issue,08-10-2025
R00170,O002636,Size/Fit Issue,04-10-2025
R00171,O002659,Changed Mind,17-12-2025
R00172,O002688,Damaged,05-01-2026
R00173,O002689,Wrong Item,18-02-2026
R00174,O002707,Damaged,30-09-2025
R00175,O002711,Size/Fit Issue,25-02-2026
R00176,O002720,Late Delivery,20-06-2025
R00177,O002722,Size/Fit Issue,25-06-2026
R00178,O002754,Size/Fit Issue,13-11-2025
R00179,O002843,Wrong Item,31-10-2025
R00180,O002868,Wrong Item,20-08-2026
R00181,O002875,Changed Mind,24-01-2026
R00182,O002899,Damaged,15-08-2025
R00183,O002924,Quality Issue,21-06-2026
R00184,O002937,Size/Fit Issue,15-08-2025
R00185,O002957,Changed Mind,29-10-2025
R00186,O002958,Size/Fit Issue,09-08-2026
R00187,O002961,Changed Mind,28-05-2025
R00188,O002996,Damaged,21-11-2025
R00189,O003004,Damaged,18-02-2026
R00190,O003020,Size/Fit Issue,08-04-2026
R00191,O003041,Changed Mind,29-07-2025
R00192,O003079,Late Delivery,13-03-2025
R00193,O003098,Damaged,21-12-2025
R00194,O003110,Wrong Item,18-12-2025
R00195,O003138,Size/Fit Issue,30-09-2025
R00196,O003139,Damaged,07-08-2025
R00197,O003195,Size/Fit Issue,15-09-2025
R00198,O003230,Size/Fit Issue,14-10-2025
R00199,O003232,Late Delivery,08-09-2025
R00200,O003244,Wrong Item,14-11-2025
R00201,O003252,Damaged,28-06-2025
R00202,O003253,Quality Issue,16-12-2025
R00203,O003303,Quality Issue,30-05-2025
R00204,O003333,Late Delivery,13-07-2025
R00205,O003334,Late Delivery,10-06-2025
R00206,O003335,Quality Issue,05-04-2025
R00207,O003338,Damaged,25-03-2025
R00208,O003343,Size/Fit Issue,07-01-2026
R00209,O003344,Quality Issue,03-03-2026
R00210,O003378,Quality Issue,08-12-2025
R00211,O003380,Wrong Item,28-07-2026
R00212,O003389,Size/Fit Issue,26-08-2025
R00213,O003390,Size/Fit Issue,09-03-2026
R00214,O003399,Damaged,08-03-2025
R00215,O003402,Quality Issue,17-07-2026
R00216,O003440,Size/Fit Issue,24-05-2025
R00217,O003491,Size/Fit Issue,10-03-2026
R00218,O003512,Late Delivery,26-04-2025
R00219,O003530,Size/Fit Issue,25-03-2025
R00220,O003532,Size/Fit Issue,27-04-2025
R00221,O003548,Size/Fit Issue,02-04-2026
R00222,O003579,Quality Issue,11-05-2025
R00223,O003611,Changed Mind,25-05-2025
R00224,O003625,Late Delivery,29-08-2026
R00225,O003627,Size/Fit Issue,31-08-2026
R00226,O003634,Size/Fit Issue,16-07-2025
R00227,O003658,Quality Issue,04-09-2025
R00228,O003662,Damaged,08-08-2025
R00229,O003685,Wrong Item,22-02-2025
R00230,O003686,Size/Fit Issue,05-03-2026
R00231,O003698,Quality Issue,17-05-2026
R00232,O003703,Changed Mind,08-04-2025
R00233,O003708,Quality Issue,09-08-2026
R00234,O003726,Late Delivery,03-05-2025
R00235,O003743,Wrong Item,22-11-2025
R00236,O003749,Late Delivery,16-05-2026
R00237,O003750,Late Delivery,20-05-2026
R00238,O003790,Quality Issue,27-06-2025
R00239,O003791,Quality Issue,30-05-2025
R00240,O003802,Late Delivery,24-05-2025
R00241,O003829,Wrong Item,25-09-2025
R00242,O003845,Size/Fit Issue,06-09-2025
R00243,O003847,Size/Fit Issue,21-06-2026
R00244,O003850,Damaged,18-11-2025
R00245,O003875,Damaged,12-03-2025
R00246,O003882,Late Delivery,29-03-2026
R00247,O003886,Size/Fit Issue,14-12-2025
R00248,O003892,Quality Issue,12-02-2025
R00249,O003893,Late Delivery,15-08-2026
R00250,O003898,Size/Fit Issue,14-11-2025
R00251,O003902,Quality Issue,02-12-2025
R00252,O003939,Size/Fit Issue,25-01-2026
R00253,O003940,Damaged,06-10-2025
R00254,O003969,Late Delivery,24-03-2025
R00255,O004008,Late Delivery,22-01-2025
R00256,O004009,Damaged,16-10-2025
R00257,O004037,Late Delivery,11-04-2025
R00258,O004042,Size/Fit Issue,31-05-2026
R00259,O004080,Wrong Item,30-07-2026
R00260,O004097,Wrong Item,06-03-2026
R00261,O004105,Late Delivery,23-10-2025
R00262,O004206,Damaged,03-10-2025
R00263,O004225,Quality Issue,13-02-2025
R00264,O004257,Damaged,31-12-2025
R00265,O004259,Quality Issue,20-04-2025
R00266,O004260,Damaged,13-08-2025
R00267,O004277,Wrong Item,23-08-2025
R00268,O004285,Late Delivery,14-12-2025
R00269,O004301,Late Delivery,16-05-2026
R00270,O004360,Size/Fit Issue,31-01-2026
R00271,O004377,Quality Issue,24-04-2025
R00272,O004424,Changed Mind,26-02-2026
R00273,O004425,Wrong Item,01-07-2025
R00274,O004426,Size/Fit Issue,25-05-2025
R00275,O004442,Damaged,17-06-2025
R00276,O004452,Quality Issue,19-01-2026
R00277,O004473,Late Delivery,15-06-2025
R00278,O004492,Size/Fit Issue,12-08-2025
R00279,O004493,Late Delivery,14-04-2025
R00280,O004503,Damaged,13-07-2026
R00281,O004504,Quality Issue,01-05-2026
R00282,O004505,Size/Fit Issue,24-01-2025
R00283,O004509,Size/Fit Issue,28-04-2026
R00284,O004537,Quality Issue,11-08-2026
R00285,O004551,Quality Issue,07-12-2025
R00286,O004586,Quality Issue,12-07-2025
R00287,O004620,Damaged,28-07-2025
R00288,O004625,Size/Fit Issue,14-12-2025
R00289,O004633,Damaged,12-01-2026
R00290,O004634,Size/Fit Issue,02-10-2025
R00291,O004643,Late Delivery,20-05-2026
R00292,O004670,Damaged,26-05-2025
R00293,O004690,Quality Issue,12-09-2025
R00294,O004702,Size/Fit Issue,24-09-2025
R00295,O004728,Changed Mind,29-04-2026
R00296,O004747,Quality Issue,20-06-2026
R00297,O004749,Damaged,10-07-2025
R00298,O004759,Late Delivery,20-03-2026
R00299,O004776,Late Delivery,14-08-2026
R00300,O004778,Late Delivery,25-05-2026
R00301,O004863,Damaged,15-02-2026
R00302,O004865,Damaged,08-09-2025
R00303,O004867,Wrong Item,27-08-2026
R00304,O004872,Late Delivery,10-07-2026
R00305,O004890,Size/Fit Issue,04-07-2025
R00306,O004922,Size/Fit Issue,16-03-2025
R00307,O004929,Quality Issue,12-10-2025
R00308,O004932,Quality Issue,19-05-2026
R00309,O004944,Damaged,01-09-2025
R00310,O004953,Size/Fit Issue,21-02-2026
R00311,O004967,Damaged,09-02-2026
R00312,O004971,Size/Fit Issue,07-03-2026
R00313,O004979,Wrong Item,20-01-2026
R00314,O005005,Wrong Item,12-05-2025
R00315,O005041,Late Delivery,22-10-2025
R00316,O005081,Wrong Item,31-01-2025
R00317,O005090,Changed Mind,09-06-2026
R00318,O005109,Size/Fit Issue,17-09-2025
R00319,O005118,Quality Issue,21-07-2026
R00320,O005124,Size/Fit Issue,18-07-2026
R00321,O005169,Changed Mind,27-09-2025
R00322,O005198,Wrong Item,30-04-2026
R00323,O005201,Changed Mind,21-05-2025
R00324,O005203,Damaged,07-02-2026
R00325,O005205,Size/Fit Issue,08-09-2025
R00326,O005245,Size/Fit Issue,28-02-2025
R00327,O005254,Size/Fit Issue,06-11-2025
R00328,O005270,Damaged,09-06-2026
R00329,O005272,Size/Fit Issue,11-06-2025
R00330,O005292,Size/Fit Issue,09-10-2025
R00331,O005313,Damaged,17-04-2025
R00332,O005321,Changed Mind,11-08-2025
R00333,O005335,Quality Issue,06-06-2025
R00334,O005400,Quality Issue,19-08-2026
R00335,O005401,Quality Issue,11-06-2025
R00336,O005414,Damaged,03-08-2025
R00337,O005421,Size/Fit Issue,05-04-2026
R00338,O005427,Quality Issue,14-01-2026
R00339,O005432,Wrong Item,22-04-2026
R00340,O005438,Damaged,03-02-2026
R00341,O005452,Size/Fit Issue,19-04-2025
R00342,O005455,Wrong Item,12-08-2026
R00343,O005465,Quality Issue,13-05-2026
R00344,O005478,Size/Fit Issue,23-01-2025
R00345,O005498,Damaged,10-07-2026
R00346,O005504,Quality Issue,29-08-2026
R00347,O005530,Changed Mind,09-02-2025
R00348,O005562,Damaged,13-03-2026
R00349,O005564,Wrong Item,26-03-2026
R00350,O005575,Changed Mind,29-11-2025
R00351,O005592,Size/Fit Issue,06-11-2025
R00352,O005599,Late Delivery,08-06-2026
R00353,O005631,Quality Issue,27-02-2026
R00354,O005640,Quality Issue,02-03-2026
R00355,O005657,Size/Fit Issue,22-07-2025
R00356,O005700,Size/Fit Issue,25-01-2025
R00357,O005717,Changed Mind,29-06-2025
R00358,O005728,Quality Issue,28-01-2026
R00359,O005731,Size/Fit Issue,29-08-2026
R00360,O005757,Size/Fit Issue,17-10-2025
R00361,O005785,Quality Issue,16-11-2025
R00362,O005797,Late Delivery,19-07-2025
R00363,O005799,Size/Fit Issue,18-09-2025
R00364,O005830,Wrong Item,25-04-2026
R00365,O005863,Wrong Item,21-10-2025
R00366,O005867,Changed Mind,22-04-2026
R00367,O005873,Size/Fit Issue,16-01-2025
R00368,O005874,Late Delivery,31-01-2026
R00369,O005889,Size/Fit Issue,27-01-2026
R00370,O005897,Quality Issue,08-04-2026
R00371,O005914,Changed Mind,08-04-2025
R00372,O005945,Wrong Item,06-01-2026
R00373,O005963,Late Delivery,02-12-2025
R00374,O006010,Wrong Item,25-06-2026
R00375,O006043,Late Delivery,20-07-2025
R00376,O006046,Wrong Item,27-12-2025
R00377,O006061,Size/Fit Issue,12-07-2026
R00378,O006080,Size/Fit Issue,03-09-2026
R00379,O006095,Late Delivery,30-10-2025
R00380,O006096,Changed Mind,21-06-2026
R00381,O006101,Wrong Item,24-01-2026
R00382,O006105,Damaged,05-04-2026
R00383,O006107,Changed Mind,08-10-2025
R00384,O006111,Damaged,23-01-2026
R00385,O006116,Size/Fit Issue,19-08-2026
R00386,O006117,Quality Issue,27-04-2026
R00387,O006122,Late Delivery,28-01-2026
R00388,O006126,Wrong Item,03-12-2025
R00389,O006131,Damaged,16-07-2025
R00390,O006136,Size/Fit Issue,11-03-2025
R00391,O006146,Size/Fit Issue,04-10-2025
R00392,O006156,Quality Issue,17-08-2026
R00393,O006171,Changed Mind,17-05-2025
R00394,O006175,Damaged,14-08-2026
R00395,O006214,Changed Mind,24-05-2025
R00396,O006256,Changed Mind,05-09-2025
R00397,O006283,Size/Fit Issue,22-02-2025
R00398,O006288,Changed Mind,02-10-2025
R00399,O006289,Quality Issue,19-12-2025
R00400,O006302,Damaged,17-08-2025
R00401,O006313,Damaged,31-01-2026
R00402,O006321,Quality Issue,11-10-2025
R00403,O006350,Late Delivery,15-10-2025
R00404,O006352,Size/Fit Issue,17-07-2026
R00405,O006355,Damaged,30-12-2025
R00406,O006376,Size/Fit Issue,03-11-2025
R00407,O006379,Damaged,20-05-2025
R00408,O006386,Damaged,01-01-2026
R00409,O006405,Changed Mind,01-08-2026
R00410,O006433,Size/Fit Issue,23-07-2025
R00411,O006445,Wrong Item,05-08-2026
R00412,O006505,Wrong Item,20-07-2025
R00413,O006514,Late Delivery,10-06-2025
R00414,O006524,Late Delivery,06-03-2026
R00415,O006525,Quality Issue,18-10-2025
R00416,O006533,Damaged,03-07-2025
R00417,O006545,Damaged,19-03-2025
R00418,O006598,Wrong Item,13-02-2026
R00419,O006611,Quality Issue,11-06-2025
R00420,O006629,Quality Issue,20-05-2026
R00421,O006637,Wrong Item,18-04-2026
R00422,O006651,Damaged,03-04-2026
R00423,O006657,Quality Issue,03-09-2026
R00424,O006669,Size/Fit Issue,04-06-2025
R00425,O006692,Changed Mind,21-01-2026
R00426,O006697,Wrong Item,07-05-2025
R00427,O006700,Late Delivery,20-07-2025
R00428,O006720,Wrong Item,15-10-2025
R00429,O006770,Changed Mind,14-01-2025
R00430,O006782,Quality Issue,23-04-2026
R00431,O006814,Late Delivery,27-01-2025
R00432,O006816,Damaged,07-02-2026
R00433,O006821,Wrong Item,05-01-2026
R00434,O006829,Wrong Item,01-03-2025
R00435,O006832,Quality Issue,30-03-2026
R00436,O006864,Size/Fit Issue,11-04-2026
R00437,O006900,Quality Issue,08-12-2025
R00438,O006932,Quality Issue,08-10-2025
R00439,O007004,Damaged,27-04-2025
R00440,O007033,Size/Fit Issue,01-07-2025
R00441,O007045,Size/Fit Issue,09-02-2026
R00442,O007048,Damaged,09-11-2025
R00443,O007077,Quality Issue,27-03-2025
R00444,O007091,Wrong Item,08-07-2025
R00445,O007113,Changed Mind,27-02-2025
R00446,O007114,Size/Fit Issue,14-01-2026
R00447,O007124,Size/Fit Issue,22-02-2025
R00448,O007147,Late Delivery,14-03-2026
R00449,O007153,Size/Fit Issue,19-12-2025
R00450,O007154,Damaged,11-07-2026
R00451,O007167,Wrong Item,08-09-2026
R00452,O007208,Damaged,06-02-2025
R00453,O007214,Size/Fit Issue,22-06-2025
R00454,O007233,Late Delivery,11-09-2025
R00455,O007247,Changed Mind,05-06-2025
R00456,O007274,Late Delivery,12-06-2025
R00457,O007278,Changed Mind,08-07-2025
R00458,O007328,Late Delivery,13-02-2026
R00459,O007331,Size/Fit Issue,02-02-2026
R00460,O007373,Late Delivery,30-08-2026
R00461,O007386,Quality Issue,06-11-2025
R00462,O007387,Quality Issue,30-04-2026
R00463,O007402,Changed Mind,21-08-2025
R00464,O007437,Size/Fit Issue,01-04-2025
R00465,O007454,Late Delivery,16-10-2025
R00466,O007487,Quality Issue,24-03-2026
R00467,O007495,Wrong Item,09-10-2025
R00468,O007497,Changed Mind,20-02-2025
R00469,O007514,Late Delivery,10-07-2025
R00470,O007520,Damaged,04-04-2025
R00471,O007521,Quality Issue,06-07-2026
R00472,O007532,Changed Mind,23-06-2025
R00473,O007552,Quality Issue,01-07-2026
R00474,O007584,Quality Issue,17-11-2025
R00475,O007588,Quality Issue,26-05-2025
R00476,O007591,Changed Mind,12-03-2026
R00477,O007614,Size/Fit Issue,17-09-2025
R00478,O007616,Late Delivery,09-03-2026
R00479,O007619,Damaged,16-07-2026
R00480,O007653,Size/Fit Issue,02-09-2025
R00481,O007670,Wrong Item,31-05-2026
R00482,O007671,Size/Fit Issue,19-07-2025
R00483,O007727,Quality Issue,30-06-2026
R00484,O007735,Size/Fit Issue,19-08-2025
R00485,O007752,Size/Fit Issue,27-05-2025
R00486,O007753,Damaged,28-03-2026
R00487,O007770,Late Delivery,12-02-2026
R00488,O007771,Quality Issue,01-03-2026
R00489,O007831,Damaged,25-09-2025
R00490,O007832,Damaged,30-07-2026
R00491,O007877,Size/Fit Issue,29-12-2025
R00492,O007888,Wrong Item,11-02-2026
R00493,O007894,Size/Fit Issue,12-06-2025
R00494,O007970,Wrong Item,19-07-2026
R00495,O007977,Damaged,07-12-2025
R00496,O008015,Late Delivery,29-04-2025
R00497,O008051,Changed Mind,27-12-2025
R00498,O008073,Quality Issue,08-02-2026
R00499,O008081,Wrong Item,16-04-2026
R00500,O008088,Wrong Item,02-04-2025
R00501,O008096,Late Delivery,06-06-2026
R00502,O008112,Damaged,06-05-2026
R00503,O008137,Late Delivery,13-09-2025
R00504,O008170,Changed Mind,25-04-2025
R00505,O008178,Changed Mind,10-11-2025
R00506,O008207,Size/Fit Issue,15-06-2026
R00507,O008228,Damaged,02-03-2025
R00508,O008259,Damaged,25-10-2025
R00509,O008315,Size/Fit Issue,03-07-2026
R00510,O008320,Late Delivery,04-03-2026
R00511,O008358,Wrong Item,28-05-2026
R00512,O008361,Changed Mind,23-04-2025
R00513,O008420,Size/Fit Issue,03-03-2026
R00514,O008479,Size/Fit Issue,25-03-2026
R00515,O008489,Wrong Item,01-05-2025
R00516,O008494,Quality Issue,25-03-2025
R00517,O008505,Size/Fit Issue,02-02-2026
R00518,O008510,Late Delivery,22-04-2026
R00519,O008520,Size/Fit Issue,15-11-2025
R00520,O008537,Size/Fit Issue,05-10-2025
R00521,O008539,Size/Fit Issue,25-09-2025
R00522,O008561,Wrong Item,22-12-2025
R00523,O008573,Changed Mind,01-07-2026
R00524,O008593,Quality Issue,04-05-2026
R00525,O008606,Damaged,17-05-2026
R00526,O008608,Changed Mind,25-07-2025
R00527,O008613,Quality Issue,23-08-2026
R00528,O008615,Size/Fit Issue,20-04-2025
R00529,O008619,Damaged,12-05-2025
R00530,O008642,Quality Issue,15-07-2025
R00531,O008705,Changed Mind,06-03-2025
R00532,O008709,Damaged,03-10-2025
R00533,O008710,Damaged,31-03-2025
R00534,O008723,Quality Issue,18-11-2025
R00535,O008738,Damaged,12-02-2025
R00536,O008748,Damaged,03-03-2025
R00537,O008773,Quality Issue,03-03-2025
R00538,O008795,Late Delivery,24-10-2025
R00539,O008805,Late Delivery,30-01-2025
R00540,O008811,Wrong Item,26-07-2026
R00541,O008830,Size/Fit Issue,06-04-2026
R00542,O008866,Wrong Item,07-03-2026
R00543,O008868,Damaged,19-08-2025
R00544,O008897,Changed Mind,13-07-2026
R00545,O008905,Damaged,25-04-2025
R00546,O008919,Damaged,26-08-2025
R00547,O008933,Late Delivery,15-03-2026
R00548,O008944,Size/Fit Issue,10-01-2025
R00549,O008982,Size/Fit Issue,31-08-2026
R00550,O009009,Changed Mind,29-04-2025
R00551,O009024,Size/Fit Issue,29-05-2025
R00552,O009037,Changed Mind,17-03-2025
R00553,O009050,Wrong Item,13-03-2025
R00554,O009054,Size/Fit Issue,21-02-2025
R00555,O009067,Quality Issue,22-06-2026
R00556,O009093,Size/Fit Issue,04-02-2026
R00557,O009106,Changed Mind,08-04-2025
R00558,O009128,Wrong Item,21-05-2026
R00559,O009140,Late Delivery,26-04-2026
R00560,O009151,Damaged,22-05-2025
R00561,O009160,Damaged,18-02-2025
R00562,O009171,Quality Issue,28-12-2025
R00563,O009180,Changed Mind,07-10-2025
R00564,O009189,Quality Issue,11-07-2025
R00565,O009231,Damaged,20-04-2026
R00566,O009236,Damaged,20-11-2025
R00567,O009240,Damaged,23-07-2026
R00568,O009242,Late Delivery,26-04-2025
R00569,O009264,Wrong Item,01-03-2026
R00570,O009270,Changed Mind,13-08-2026
R00571,O009295,Damaged,28-12-2025
R00572,O009304,Size/Fit Issue,22-07-2026
R00573,O009310,Changed Mind,18-08-2026
R00574,O009330,Late Delivery,01-03-2026
R00575,O009350,Changed Mind,18-10-2025
R00576,O009360,Quality Issue,05-03-2025
R00577,O009369,Late Delivery,03-05-2025
R00578,O009424,Size/Fit Issue,16-07-2026
R00579,O009434,Damaged,16-09-2025
R00580,O009439,Late Delivery,21-07-2026
R00581,O009449,Size/Fit Issue,08-01-2026
R00582,O009463,Size/Fit Issue,18-06-2025
R00583,O009563,Size/Fit Issue,14-09-2025
R00584,O009603,Late Delivery,04-05-2026
R00585,O009624,Late Delivery,16-06-2026
R00586,O009627,Damaged,01-03-2025
R00587,O009636,Late Delivery,23-07-2026
R00588,O009638,Quality Issue,31-12-2025
R00589,O009692,Size/Fit Issue,08-02-2025
R00590,O009723,Late Delivery,19-02-2025
R00591,O009735,Size/Fit Issue,25-07-2025
R00592,O009736,Size/Fit Issue,08-12-2025
R00593,O009741,Size/Fit Issue,02-06-2025
R00594,O009747,Quality Issue,14-07-2025
R00595,O009791,Quality Issue,04-03-2026
R00596,O009800,Damaged,06-01-2026
R00597,O009807,Quality Issue,13-02-2026
R00598,O009816,Size/Fit Issue,31-01-2026
R00599,O009842,Size/Fit Issue,27-12-2025
R00600,O009845,Size/Fit Issue,06-05-2025
R00601,O009866,Damaged,15-06-2025
R00602,O009904,Late Delivery,23-04-2026
R00603,O009907,Wrong Item,23-10-2025
R00604,O009922,Size/Fit Issue,23-01-2026
R00605,O009929,Size/Fit Issue,28-08-2025
R00606,O009960,Size/Fit Issue,02-02-2026
R00607,O009964,Changed Mind,21-03-2025
R00608,O009976,Changed Mind,03-12-2025
R00609,O010004,Size/Fit Issue,24-04-2025
R00610,O010007,Size/Fit Issue,27-07-2025
R00611,O010012,Quality Issue,26-03-2026
R00612,O010017,Quality Issue,20-09-2025
R00613,O010036,Changed Mind,04-06-2025
R00614,O010040,Late Delivery,07-02-2025
R00615,O010043,Late Delivery,15-01-2026
R00616,O010066,Changed Mind,06-03-2026
R00617,O010077,Damaged,13-07-2025
R00618,O010108,Damaged,21-08-2025
R00619,O010137,Size/Fit Issue,27-06-2026
R00620,O010150,Damaged,19-07-2026
R00621,O010164,Wrong Item,30-12-2025
R00622,O010186,Quality Issue,08-01-2025
R00623,O010190,Quality Issue,15-12-2025
R00624,O010199,Damaged,07-06-2026
R00625,O010202,Size/Fit Issue,14-02-2026
R00626,O010206,Wrong Item,11-05-2025
R00627,O010267,Size/Fit Issue,06-05-2025
R00628,O010298,Quality Issue,24-07-2025
R00629,O010300,Late Delivery,04-04-2026
R00630,O010301,Changed Mind,02-06-2026
R00631,O010315,Size/Fit Issue,29-07-2025
R00632,O010391,Size/Fit Issue,30-10-2025
R00633,O010406,Size/Fit Issue,15-01-2025
R00634,O010416,Quality Issue,13-06-2026
R00635,O010454,Size/Fit Issue,30-10-2025
R00636,O010462,Late Delivery,01-03-2025
R00637,O010485,Quality Issue,02-05-2025
R00638,O010487,Late Delivery,10-07-2026
R00639,O010494,Quality Issue,08-06-2026
R00640,O010495,Changed Mind,19-05-2025
R00641,O010521,Size/Fit Issue,25-04-2026
R00642,O010528,Late Delivery,20-01-2026
R00643,O010536,Late Delivery,07-03-2026
R00644,O010551,Size/Fit Issue,21-03-2025
R00645,O010558,Damaged,24-03-2025
R00646,O010581,Damaged,28-03-2025
R00647,O010586,Damaged,25-05-2026
R00648,O010607,Damaged,02-12-2025
R00649,O010610,Changed Mind,26-01-2025
R00650,O010621,Quality Issue,21-11-2025
R00651,O010640,Damaged,09-05-2026
R00652,O010665,Damaged,01-04-2026
R00653,O010671,Damaged,24-02-2025
R00654,O010677,Damaged,04-08-2025
R00655,O010709,Late Delivery,30-11-2025
R00656,O010725,Damaged,29-07-2025
R00657,O010736,Late Delivery,30-08-2025
R00658,O010754,Size/Fit Issue,26-01-2026
R00659,O010757,Changed Mind,18-11-2025
R00660,O010759,Late Delivery,10-02-2026
R00661,O010768,Damaged,17-07-2025
R00662,O010785,Wrong Item,27-05-2025
R00663,O010788,Late Delivery,19-05-2026
R00664,O010832,Quality Issue,07-05-2026
R00665,O010837,Quality Issue,19-09-2025
R00666,O010840,Changed Mind,09-01-2025
R00667,O010851,Changed Mind,28-12-2025
R00668,O010872,Size/Fit Issue,08-11-2025
R00669,O010892,Wrong Item,05-05-2025
R00670,O010899,Late Delivery,24-02-2025
R00671,O010905,Late Delivery,03-06-2025
R00672,O010940,Late Delivery,23-06-2025
R00673,O010944,Damaged,15-06-2026
R00674,O010947,Changed Mind,08-04-2025
R00675,O011028,Size/Fit Issue,06-09-2025
R00676,O011032,Wrong Item,15-05-2025
R00677,O011037,Quality Issue,09-12-2025
R00678,O011065,Late Delivery,29-08-2025
R00679,O011075,Size/Fit Issue,29-12-2025
R00680,O011090,Late Delivery,13-04-2025
R00681,O011091,Size/Fit Issue,16-03-2026
R00682,O011095,Size/Fit Issue,20-04-2026
R00683,O011171,Wrong Item,20-11-2025
R00684,O011223,Size/Fit Issue,28-01-2026
R00685,O011227,Quality Issue,26-05-2025
R00686,O011237,Damaged,25-07-2025
R00687,O011238,Size/Fit Issue,20-07-2026
R00688,O011256,Changed Mind,12-03-2025
R00689,O011288,Size/Fit Issue,09-09-2025
R00690,O011313,Quality Issue,30-08-2025
R00691,O011338,Size/Fit Issue,29-03-2025
R00692,O011365,Changed Mind,26-06-2025
R00693,O011372,Wrong Item,11-02-2026
R00694,O011382,Quality Issue,01-04-2025
R00695,O011386,Late Delivery,25-02-2025
R00696,O011389,Quality Issue,03-12-2025
R00697,O011395,Quality Issue,10-08-2026
R00698,O011400,Size/Fit Issue,18-10-2025
R00699,O011402,Size/Fit Issue,23-07-2026
R00700,O011416,Size/Fit Issue,11-02-2025
R00701,O011447,Wrong Item,08-10-2025
R00702,O011450,Late Delivery,18-07-2025
R00703,O011461,Quality Issue,10-03-2025
R00704,O011502,Quality Issue,16-10-2025
R00705,O011511,Changed Mind,20-06-2026
R00706,O011520,Late Delivery,04-03-2025
R00707,O011531,Quality Issue,12-10-2025
R00708,O011553,Size/Fit Issue,08-03-2026
R00709,O011616,Size/Fit Issue,20-12-2025
R00710,O011620,Damaged,22-01-2026
R00711,O011627,Quality Issue,16-02-2025
R00712,O011629,Late Delivery,23-05-2025
R00713,O011633,Quality Issue,25-05-2026
R00714,O011653,Quality Issue,06-11-2025
R00715,O011657,Size/Fit Issue,18-02-2025
R00716,O011661,Late Delivery,13-09-2025
R00717,O011688,Size/Fit Issue,21-02-2026
R00718,O011695,Quality Issue,12-06-2025
R00719,O011710,Size/Fit Issue,27-03-2025
R00720,O011746,Late Delivery,02-06-2026
R00721,O011751,Damaged,05-05-2025
R00722,O011793,Size/Fit Issue,02-06-2025
R00723,O011795,Damaged,11-08-2026
R00724,O011811,Size/Fit Issue,26-09-2025
R00725,O011821,Size/Fit Issue,22-03-2026
R00726,O011852,Changed Mind,04-06-2026
R00727,O011881,Late Delivery,11-02-2026
R00728,O011908,Quality Issue,21-07-2025
R00729,O011914,Late Delivery,02-06-2026
R00730,O011916,Damaged,11-08-2026
R00731,O011938,Size/Fit Issue,02-08-2026
R00732,O011940,Damaged,27-08-2026
R00733,O011971,Late Delivery,04-01-2026
R00734,O012012,Quality Issue,15-08-2026
R00735,O012025,Size/Fit Issue,21-08-2026
R00736,O012066,Wrong Item,18-05-2026
R00737,O012072,Size/Fit Issue,24-05-2026
R00738,O012075,Quality Issue,10-02-2025
R00739,O012095,Size/Fit Issue,22-07-2025
R00740,O012101,Damaged,27-07-2025
R00741,O012122,Changed Mind,08-04-2026
R00742,O012128,Size/Fit Issue,06-04-2026
R00743,O012130,Changed Mind,05-04-2025
R00744,O012131,Size/Fit Issue,25-05-2025
R00745,O012132,Wrong Item,19-09-2025
R00746,O012192,Size/Fit Issue,20-05-2026
R00747,O012201,Late Delivery,07-08-2025
R00748,O012209,Quality Issue,27-04-2026
R00749,O012227,Changed Mind,29-06-2026
R00750,O012229,Size/Fit Issue,20-02-2026
R00751,O012244,Quality Issue,28-05-2025
R00752,O012250,Late Delivery,02-03-2026
R00753,O012252,Late Delivery,13-08-2025
R00754,O012269,Late Delivery,19-05-2025
R00755,O012274,Size/Fit Issue,19-04-2025
R00756,O012288,Late Delivery,02-02-2025
R00757,O012304,Size/Fit Issue,22-01-2026
R00758,O012314,Wrong Item,28-02-2026
R00759,O012330,Size/Fit Issue,09-06-2026
R00760,O012387,Wrong Item,09-04-2026
R00761,O012411,Wrong Item,29-11-2025
R00762,O012424,Wrong Item,03-04-2025
R00763,O012434,Late Delivery,23-11-2025
R00764,O012436,Quality Issue,07-03-2026
R00765,O012457,Changed Mind,21-02-2026
R00766,O012475,Late Delivery,24-08-2025
R00767,O012478,Wrong Item,07-05-2026
R00768,O012483,Size/Fit Issue,19-01-2025
R00769,O012511,Wrong Item,25-04-2026
R00770,O012513,Changed Mind,07-08-2025
R00771,O012533,Changed Mind,27-08-2026
R00772,O012545,Late Delivery,03-12-2025
R00773,O012567,Wrong Item,29-04-2026
R00774,O012584,Damaged,02-06-2025
R00775,O012615,Damaged,22-03-2025
R00776,O012626,Quality Issue,07-01-2026
R00777,O012652,Changed Mind,08-04-2025
R00778,O012732,Quality Issue,29-11-2025
R00779,O012741,Changed Mind,21-07-2025
R00780,O012788,Size/Fit Issue,29-03-2026
R00781,O012811,Late Delivery,15-11-2025
R00782,O012816,Wrong Item,12-06-2025
R00783,O012845,Wrong Item,18-02-2026
R00784,O012879,Damaged,24-06-2026
R00785,O012896,Damaged,03-01-2026
R00786,O012906,Damaged,20-06-2026
R00787,O012924,Size/Fit Issue,20-12-2025
R00788,O012926,Quality Issue,03-05-2026
R00789,O012971,Size/Fit Issue,24-02-2026
R00790,O012996,Late Delivery,16-01-2026
R00791,O013089,Late Delivery,05-12-2025
R00792,O013113,Damaged,02-09-2026
R00793,O013122,Changed Mind,15-02-2026
R00794,O013125,Damaged,20-07-2025
R00795,O013130,Late Delivery,15-07-2025
R00796,O013151,Changed Mind,06-04-2026
R00797,O013164,Size/Fit Issue,02-06-2026
R00798,O013176,Damaged,19-11-2025
R00799,O013196,Damaged,06-04-2026
R00800,O013225,Changed Mind,13-01-2025
R00801,O013228,Damaged,22-07-2026
R00802,O013277,Quality Issue,10-09-2026
R00803,O013285,Wrong Item,05-01-2025
R00804,O013293,Quality Issue,28-07-2025
R00805,O013307,Quality Issue,07-01-2026
R00806,O013347,Size/Fit Issue,29-05-2026
R00807,O013384,Quality Issue,27-01-2025
R00808,O013396,Changed Mind,27-04-2025
R00809,O013416,Wrong Item,25-04-2026
R00810,O013487,Wrong Item,26-01-2025
R00811,O013489,Size/Fit Issue,02-08-2025
R00812,O013513,Damaged,13-08-2026
R00813,O013523,Size/Fit Issue,24-09-2025
R00814,O013524,Damaged,01-06-2025
R00815,O013543,Wrong Item,18-09-2025
R00816,O013554,Size/Fit Issue,07-08-2026
R00817,O013561,Damaged,15-01-2025
R00818,O013567,Changed Mind,17-02-2025
R00819,O013571,Late Delivery,10-10-2025
R00820,O013577,Late Delivery,25-02-2026
R00821,O013671,Changed Mind,26-11-2025
R00822,O013678,Size/Fit Issue,04-11-2025
R00823,O013679,Damaged,06-01-2026
R00824,O013685,Quality Issue,18-09-2025
R00825,O013691,Changed Mind,23-06-2025
R00826,O013714,Quality Issue,22-03-2026
R00827,O013735,Late Delivery,06-12-2025
R00828,O013743,Damaged,22-05-2026
R00829,O013754,Size/Fit Issue,03-10-2025
R00830,O013782,Size/Fit Issue,02-07-2026
R00831,O013792,Quality Issue,04-07-2025
R00832,O013804,Damaged,18-01-2025
R00833,O013815,Changed Mind,31-08-2026
R00834,O013830,Damaged,26-02-2025
R00835,O013833,Damaged,29-03-2026
R00836,O013845,Quality Issue,18-04-2025
R00837,O013867,Damaged,07-12-2025
R00838,O013876,Late Delivery,08-06-2025
R00839,O013936,Quality Issue,22-02-2026
R00840,O013939,Changed Mind,05-10-2025
R00841,O013972,Damaged,15-03-2026
R00842,O013988,Size/Fit Issue,04-01-2026
R00843,O013995,Wrong Item,19-10-2025
R00844,O014066,Wrong Item,08-03-2026
R00845,O014146,Quality Issue,29-03-2025
R00846,O014147,Damaged,04-07-2026
R00847,O014149,Late Delivery,22-01-2026
R00848,O014151,Damaged,26-07-2026
R00849,O014157,Wrong Item,26-04-2026
R00850,O014195,Late Delivery,25-12-2025
R00851,O014197,Wrong Item,16-10-2025
R00852,O014201,Size/Fit Issue,14-07-2025
R00853,O014216,Wrong Item,31-12-2025
R00854,O014237,Damaged,26-02-2026
R00855,O014268,Late Delivery,15-10-2025
R00856,O014280,Late Delivery,01-09-2025
R00857,O014289,Late Delivery,11-01-2026
R00858,O014295,Damaged,14-05-2025
R00859,O014311,Size/Fit Issue,24-03-2025
R00860,O014320,Changed Mind,25-06-2025
R00861,O014328,Size/Fit Issue,01-03-2025
R00862,O014333,Size/Fit Issue,02-03-2025
R00863,O014344,Damaged,02-01-2026
R00864,O014363,Size/Fit Issue,09-01-2025
R00865,O014386,Changed Mind,14-05-2025
R00866,O014402,Size/Fit Issue,10-09-2026
R00867,O014421,Late Delivery,08-02-2026
R00868,O014451,Late Delivery,29-07-2026
R00869,O014459,Size/Fit Issue,26-04-2025
R00870,O014469,Size/Fit Issue,05-05-2026
R00871,O014477,Changed Mind,25-07-2025
R00872,O014515,Wrong Item,08-03-2026
R00873,O014527,Late Delivery,29-07-2026
R00874,O014528,Size/Fit Issue,23-06-2026
R00875,O014565,Quality Issue,15-05-2025
R00876,O014569,Size/Fit Issue,16-01-2025
R00877,O014579,Wrong Item,12-04-2026
R00878,O014581,Changed Mind,15-07-2025
R00879,O014587,Damaged,18-03-2026
R00880,O014599,Wrong Item,09-11-2025
R00881,O014631,Quality Issue,26-07-2025
R00882,O014647,Quality Issue,17-06-2025
R00883,O014680,Size/Fit Issue,09-12-2025
R00884,O014692,Quality Issue,29-08-2025
R00885,O014693,Wrong Item,09-11-2025
R00886,O014710,Changed Mind,27-05-2025
R00887,O014736,Damaged,03-12-2025
R00888,O014737,Late Delivery,04-07-2026
R00889,O014743,Damaged,05-09-2026
R00890,O014750,Damaged,01-10-2025
R00891,O014766,Size/Fit Issue,22-02-2025
R00892,O014800,Quality Issue,03-08-2026
R00893,O014813,Size/Fit Issue,27-01-2025
R00894,O014828,Size/Fit Issue,09-01-2025
R00895,O014833,Size/Fit Issue,05-06-2025
R00896,O014841,Size/Fit Issue,19-06-2026
R00897,O014856,Size/Fit Issue,22-07-2026
R00898,O014862,Late Delivery,07-06-2026
R00899,O014869,Damaged,25-08-2025
R00900,O014870,Size/Fit Issue,25-12-2025
R00901,O014871,Size/Fit Issue,30-12-2025
R00902,O014873,Late Delivery,22-12-2025
R00903,O014876,Wrong Item,19-03-2026
R00904,O014903,Late Delivery,09-09-2025
R00905,O014915,Late Delivery,08-06-2026
R00906,O014938,Size/Fit Issue,04-04-2025
R00907,O014949,Size/Fit Issue,17-02-2025
R00908,O014954,Wrong Item,03-01-2026
R00909,O014987,Wrong Item,22-08-2025
R00910,O014988,Size/Fit Issue,06-09-2026
R00911,O015015,Wrong Item,08-07-2025
R00912,O015058,Late Delivery,04-02-2026
R00913,O015063,Quality Issue,22-12-2025
R00914,O015066,Late Delivery,14-12-2025
R00915,O015102,Damaged,19-03-2025
R00916,O015107,Size/Fit Issue,05-04-2026
R00917,O015136,Wrong Item,14-03-2026
R00918,O015141,Late Delivery,31-03-2025
R00919,O015142,Quality Issue,06-07-2025
R00920,O015185,Quality Issue,30-06-2025
R00921,O015206,Size/Fit Issue,02-06-2025
R00922,O015223,Changed Mind,10-07-2026
R00923,O015231,Size/Fit Issue,20-08-2026
R00924,O015235,Quality Issue,29-07-2025
R00925,O015236,Wrong Item,19-08-2026
R00926,O015266,Damaged,13-12-2025
R00927,O015279,Damaged,06-02-2025
R00928,O015296,Size/Fit Issue,27-01-2025
R00929,O015314,Changed Mind,19-01-2026
R00930,O015329,Size/Fit Issue,07-11-2025
R00931,O015367,Quality Issue,11-11-2025
R00932,O015375,Size/Fit Issue,10-03-2025
R00933,O015405,Size/Fit Issue,15-07-2025
R00934,O015427,Size/Fit Issue,11-05-2026
R00935,O015436,Wrong Item,26-06-2026
R00936,O015450,Changed Mind,22-12-2025
R00937,O015466,Size/Fit Issue,10-03-2026
R00938,O015492,Changed Mind,03-11-2025
R00939,O015522,Wrong Item,10-07-2026
R00940,O015533,Damaged,05-10-2025
R00941,O015545,Late Delivery,04-08-2026
R00942,O015589,Size/Fit Issue,16-02-2025
R00943,O015617,Size/Fit Issue,26-04-2026
R00944,O015630,Size/Fit Issue,19-04-2026
R00945,O015641,Damaged,16-04-2026
R00946,O015651,Size/Fit Issue,17-03-2025
R00947,O015666,Size/Fit Issue,19-01-2025
R00948,O015708,Wrong Item,22-03-2025
R00949,O015726,Quality Issue,26-04-2026
R00950,O015734,Size/Fit Issue,19-10-2025
R00951,O015760,Damaged,28-05-2026
R00952,O015769,Damaged,02-07-2026
R00953,O015782,Size/Fit Issue,26-02-2026
R00954,O015783,Wrong Item,05-09-2026
R00955,O015811,Wrong Item,08-07-2026
R00956,O015812,Wrong Item,19-01-2025
R00957,O015845,Changed Mind,19-04-2025
R00958,O015846,Damaged,21-03-2025
R00959,O015848,Damaged,15-06-2025
R00960,O015853,Quality Issue,03-12-2025
R00961,O015854,Size/Fit Issue,01-07-2026
R00962,O015855,Size/Fit Issue,08-07-2025
R00963,O015859,Size/Fit Issue,30-10-2025
R00964,O015896,Quality Issue,21-05-2025
R00965,O015897,Quality Issue,16-06-2025
R00966,O015912,Size/Fit Issue,02-08-2026
R00967,O015945,Size/Fit Issue,19-04-2025
R00968,O015956,Quality Issue,12-03-2025
R00969,O015963,Quality Issue,26-12-2025
R00970,O015976,Late Delivery,14-02-2026
R00971,O016004,Size/Fit Issue,22-03-2026
R00972,O016018,Wrong Item,11-04-2026
R00973,O016035,Late Delivery,13-05-2026
R00974,O016042,Damaged,19-03-2025
R00975,O016080,Quality Issue,06-06-2025
R00976,O016107,Quality Issue,20-07-2026
R00977,O016110,Late Delivery,19-07-2026
R00978,O016112,Damaged,30-09-2025
R00979,O016128,Size/Fit Issue,13-10-2025
R00980,O016133,Changed Mind,23-07-2025
R00981,O016142,Damaged,04-10-2025
R00982,O016207,Size/Fit Issue,18-04-2026
R00983,O016248,Damaged,16-05-2025
R00984,O016299,Size/Fit Issue,23-04-2026
R00985,O016308,Damaged,12-03-2025
R00986,O016328,Size/Fit Issue,24-06-2025
R00987,O016330,Late Delivery,28-07-2025
R00988,O016333,Size/Fit Issue,15-12-2025
R00989,O016334,Late Delivery,21-09-2025
R00990,O016354,Size/Fit Issue,18-08-2026
R00991,O016363,Damaged,03-12-2025
R00992,O016407,Size/Fit Issue,08-04-2025
R00993,O016414,Size/Fit Issue,29-05-2026
R00994,O016436,Damaged,03-03-2026
R00995,O016445,Quality Issue,20-03-2025
R00996,O016467,Quality Issue,28-06-2026
R00997,O016501,Damaged,22-04-2025
R00998,O016506,Size/Fit Issue,26-12-2025
R00999,O016518,Size/Fit Issue,15-09-2025
R01000,O016540,Changed Mind,13-06-2026
R01001,O016546,Size/Fit Issue,19-01-2025
R01002,O016553,Damaged,16-12-2025
R01003,O016556,Size/Fit Issue,10-05-2026
R01004,O016566,Size/Fit Issue,20-04-2025
R01005,O016592,Size/Fit Issue,07-05-2026
R01006,O016604,Changed Mind,08-09-2025
R01007,O016608,Size/Fit Issue,07-05-2025
R01008,O016627,Wrong Item,28-04-2025
R01009,O016640,Wrong Item,01-10-2025
R01010,O016644,Damaged,11-01-2026
R01011,O016652,Damaged,24-06-2025
R01012,O016667,Late Delivery,22-05-2025
R01013,O016674,Quality Issue,17-03-2025
R01014,O016681,Damaged,22-04-2025
R01015,O016683,Wrong Item,12-06-2026
R01016,O016686,Size/Fit Issue,16-07-2026
R01017,O016691,Late Delivery,05-02-2025
R01018,O016709,Size/Fit Issue,17-09-2025
R01019,O016720,Size/Fit Issue,10-11-2025
R01020,O016755,Damaged,07-09-2025
R01021,O016756,Size/Fit Issue,08-02-2026
R01022,O016786,Damaged,19-06-2026
R01023,O016791,Changed Mind,15-01-2025
R01024,O016807,Wrong Item,02-01-2026
R01025,O016828,Size/Fit Issue,31-03-2026
R01026,O016837,Quality Issue,25-07-2026
R01027,O016856,Size/Fit Issue,19-04-2025
R01028,O016859,Quality Issue,11-10-2025
R01029,O016860,Quality Issue,01-01-2026
R01030,O016867,Wrong Item,20-12-2025
R01031,O016889,Changed Mind,05-09-2025
R01032,O016927,Wrong Item,27-05-2026
R01033,O016931,Wrong Item,13-08-2025
R01034,O016941,Damaged,20-05-2025
R01035,O016942,Late Delivery,10-09-2025
R01036,O016969,Wrong Item,29-01-2026
R01037,O016996,Size/Fit Issue,18-12-2025
R01038,O017034,Changed Mind,01-10-2025
R01039,O017075,Changed Mind,02-03-2026
R01040,O017111,Late Delivery,18-09-2025
R01041,O017115,Late Delivery,03-07-2025
R01042,O017116,Quality Issue,26-08-2026
R01043,O017152,Changed Mind,10-08-2025
R01044,O017194,Quality Issue,18-06-2025
R01045,O017216,Size/Fit Issue,20-06-2025
R01046,O017229,Size/Fit Issue,02-10-2025
R01047,O017231,Wrong Item,06-06-2026
R01048,O017243,Damaged,20-04-2025
R01049,O017244,Changed Mind,11-02-2025
R01050,O017259,Damaged,31-07-2025
R01051,O017278,Late Delivery,20-05-2026
R01052,O017279,Changed Mind,15-12-2025
R01053,O017282,Size/Fit Issue,23-03-2025
R01054,O017285,Quality Issue,04-02-2025
R01055,O017291,Size/Fit Issue,06-04-2026
R01056,O017320,Wrong Item,05-11-2025
R01057,O017321,Size/Fit Issue,25-02-2026
R01058,O017330,Quality Issue,07-09-2025
R01059,O017333,Size/Fit Issue,15-12-2025
R01060,O017353,Quality Issue,09-04-2026
R01061,O017366,Changed Mind,18-02-2025
R01062,O017381,Wrong Item,15-06-2025
R01063,O017409,Changed Mind,28-04-2026
R01064,O017421,Changed Mind,11-05-2025
R01065,O017446,Late Delivery,04-04-2026
R01066,O017455,Size/Fit Issue,15-06-2026
R01067,O017478,Damaged,29-11-2025
R01068,O017516,Wrong Item,04-05-2026
R01069,O017531,Late Delivery,12-03-2026
R01070,O017538,Changed Mind,16-06-2026
R01071,O017539,Size/Fit Issue,31-07-2025
R01072,O017553,Damaged,08-11-2025
R01073,O017584,Changed Mind,02-09-2025
R01074,O017633,Late Delivery,02-02-2026
R01075,O017641,Wrong Item,01-07-2025
R01076,O017662,Late Delivery,08-12-2025
R01077,O017663,Late Delivery,14-01-2026
R01078,O017676,Changed Mind,09-08-2025
R01079,O017702,Quality Issue,29-04-2026
R01080,O017712,Late Delivery,30-06-2025
R01081,O017721,Late Delivery,18-04-2026
R01082,O017736,Late Delivery,23-09-2025
R01083,O017741,Wrong Item,19-07-2026
R01084,O017765,Wrong Item,08-12-2025
R01085,O017775,Late Delivery,17-06-2025
R01086,O017789,Size/Fit Issue,31-08-2025
R01087,O017794,Wrong Item,11-04-2025
R01088,O017827,Late Delivery,22-06-2025
R01089,O017849,Changed Mind,02-03-2026
R01090,O017857,Quality Issue,02-08-2026
R01091,O017891,Quality Issue,20-12-2025
R01092,O017912,Size/Fit Issue,15-07-2026
R01093,O017913,Quality Issue,25-07-2026
R01094,O017932,Late Delivery,03-02-2025
R01095,O017935,Wrong Item,16-04-2025
R01096,O017939,Size/Fit Issue,13-08-2026
R01097,O017941,Size/Fit Issue,27-10-2025
R01098,O017999,Changed Mind,08-08-2025
R01099,O018001,Quality Issue,29-07-2025
R01100,O018002,Damaged,19-03-2026
R01101,O018004,Damaged,17-08-2025
R01102,O018008,Size/Fit Issue,30-06-2026
R01103,O018027,Late Delivery,26-02-2026
R01104,O018033,Changed Mind,29-04-2026
R01105,O018054,Size/Fit Issue,11-06-2026
R01106,O018057,Damaged,30-12-2025
R01107,O018105,Wrong Item,29-06-2025
R01108,O018115,Quality Issue,30-04-2025
R01109,O018117,Quality Issue,08-10-2025
R01110,O018146,Size/Fit Issue,29-04-2026
R01111,O018173,Late Delivery,29-08-2026
R01112,O018202,Quality Issue,24-03-2026
R01113,O018217,Quality Issue,18-08-2025
R01114,O018239,Quality Issue,25-04-2026
R01115,O018262,Damaged,18-06-2026
R01116,O018264,Late Delivery,30-06-2026
R01117,O018272,Quality Issue,10-07-2026
R01118,O018280,Wrong Item,28-06-2026
R01119,O018307,Wrong Item,02-04-2025
R01120,O018345,Size/Fit Issue,01-04-2025
R01121,O018351,Quality Issue,10-08-2026
R01122,O018353,Late Delivery,11-03-2025
R01123,O018361,Wrong Item,01-04-2026
R01124,O018367,Wrong Item,06-03-2026
R01125,O018418,Quality Issue,19-09-2025
R01126,O018424,Late Delivery,02-01-2026
R01127,O018434,Quality Issue,10-08-2025
R01128,O018458,Size/Fit Issue,18-01-2025
R01129,O018470,Damaged,22-10-2025
R01130,O018480,Size/Fit Issue,29-09-2025
R01131,O018484,Damaged,28-07-2025
R01132,O018534,Quality Issue,07-06-2026
R01133,O018538,Size/Fit Issue,08-04-2025
R01134,O018543,Size/Fit Issue,12-04-2025
R01135,O018562,Late Delivery,12-12-2025
R01136,O018587,Size/Fit Issue,17-01-2025
R01137,O018595,Changed Mind,28-04-2026
R01138,O018605,Late Delivery,06-06-2025
R01139,O018616,Wrong Item,12-03-2025
R01140,O018651,Quality Issue,16-06-2025
R01141,O018658,Damaged,24-07-2025
R01142,O018679,Changed Mind,03-05-2025
R01143,O018693,Size/Fit Issue,26-03-2026
R01144,O018697,Size/Fit Issue,27-02-2025
R01145,O018700,Quality Issue,26-01-2025
R01146,O018735,Changed Mind,22-03-2026
R01147,O018755,Late Delivery,16-08-2026
R01148,O018760,Size/Fit Issue,08-01-2026
R01149,O018782,Damaged,14-10-2025
R01150,O018788,Damaged,14-03-2026
R01151,O018794,Damaged,03-02-2025
R01152,O018795,Wrong Item,20-08-2026
R01153,O018812,Size/Fit Issue,18-06-2026
R01154,O018867,Wrong Item,20-08-2025
R01155,O018868,Damaged,14-09-2025
R01156,O018914,Damaged,20-12-2025
R01157,O018924,Size/Fit Issue,18-08-2026
R01158,O018925,Size/Fit Issue,11-02-2026
R01159,O018935,Size/Fit Issue,12-07-2026
R01160,O018957,Quality Issue,24-07-2025
R01161,O019049,Damaged,24-02-2025
R01162,O019070,Damaged,20-07-2026
R01163,O019073,Late Delivery,02-11-2025
R01164,O019075,Quality Issue,31-01-2026
R01165,O019092,Damaged,08-05-2026
R01166,O019097,Damaged,05-06-2025
R01167,O019101,Quality Issue,24-06-2025
R01168,O019114,Damaged,29-12-2025
R01169,O019159,Late Delivery,16-07-2026
R01170,O019182,Late Delivery,17-06-2025
R01171,O019208,Wrong Item,11-07-2026
R01172,O019218,Quality Issue,05-07-2025
R01173,O019269,Damaged,04-04-2025
R01174,O019290,Size/Fit Issue,01-05-2026
R01175,O019298,Damaged,01-08-2026
R01176,O019324,Quality Issue,10-03-2026
R01177,O019333,Quality Issue,15-09-2025
R01178,O019388,Late Delivery,11-06-2025
R01179,O019398,Quality Issue,17-02-2025
R01180,O019420,Size/Fit Issue,11-03-2025
R01181,O019427,Size/Fit Issue,04-04-2025
R01182,O019429,Wrong Item,08-08-2025
R01183,O019459,Quality Issue,17-11-2025
R01184,O019475,Size/Fit Issue,17-05-2026
R01185,O019498,Size/Fit Issue,01-07-2026
R01186,O019506,Size/Fit Issue,26-03-2025
R01187,O019546,Wrong Item,05-09-2025
R01188,O019552,Changed Mind,16-10-2025
R01189,O019565,Size/Fit Issue,17-07-2025
R01190,O019578,Size/Fit Issue,07-12-2025
R01191,O019636,Wrong Item,12-03-2026
R01192,O019638,Late Delivery,19-07-2026
R01193,O019660,Quality Issue,16-07-2026
R01194,O019694,Size/Fit Issue,28-05-2026
R01195,O019723,Size/Fit Issue,10-12-2025
R01196,O019733,Late Delivery,03-07-2025
R01197,O019747,Quality Issue,09-07-2025
R01198,O019753,Quality Issue,16-02-2026
R01199,O019757,Damaged,21-07-2025
R01200,O019758,Size/Fit Issue,11-05-2026
R01201,O019776,Wrong Item,28-03-2025
R01202,O019778,Late Delivery,06-01-2025
R01203,O019800,Changed Mind,13-02-2026
R01204,O019846,Wrong Item,13-03-2026
R01205,O019861,Quality Issue,27-08-2026
R01206,O019890,Damaged,19-08-2026
R01207,O019893,Late Delivery,17-07-2025
R01208,O019896,Quality Issue,12-07-2026
R01209,O019898,Damaged,17-05-2025
R01210,O019906,Damaged,29-08-2025
R01211,O019930,Size/Fit Issue,25-03-2025
R01212,O019950,Wrong Item,10-04-2026
R01213,O019960,Quality Issue,07-03-2026
R01214,O019985,Size/Fit Issue,18-01-2026
R01215,O019986,Wrong Item,25-02-2025
R01216,O020035,Quality Issue,29-11-2025
R01217,O020069,Size/Fit Issue,10-01-2026
R01218,O020081,Quality Issue,19-07-2025
R01219,O020090,Size/Fit Issue,21-03-2026
R01220,O020093,Damaged,11-10-2025
R01221,O020134,Wrong Item,15-07-2026
R01222,O020138,Size/Fit Issue,31-01-2025
R01223,O020143,Changed Mind,11-09-2025
R01224,O020178,Late Delivery,28-05-2025
R01225,O020181,Quality Issue,29-08-2026
R01226,O020183,Damaged,13-12-2025
R01227,O020188,Damaged,07-04-2025
R01228,O020200,Changed Mind,03-02-2025
R01229,O020212,Changed Mind,16-07-2026
R01230,O020228,Wrong Item,25-06-2026
R01231,O020230,Quality Issue,08-01-2025
R01232,O020240,Changed Mind,23-02-2026
R01233,O020261,Changed Mind,23-08-2025
R01234,O020266,Size/Fit Issue,10-11-2025
R01235,O020272,Quality Issue,28-11-2025
R01236,O020282,Late Delivery,19-01-2026
R01237,O020297,Quality Issue,22-08-2026
R01238,O020300,Quality Issue,10-10-2025
R01239,O020317,Damaged,04-05-2025
R01240,O020320,Wrong Item,24-03-2025
R01241,O020338,Size/Fit Issue,23-05-2026
R01242,O020344,Damaged,20-02-2025
R01243,O020352,Quality Issue,27-02-2025
R01244,O020357,Wrong Item,10-05-2025
R01245,O020372,Size/Fit Issue,01-11-2025
R01246,O020381,Wrong Item,14-04-2026
R01247,O020408,Wrong Item,29-01-2026
R01248,O020412,Size/Fit Issue,21-10-2025
R01249,O020417,Damaged,21-03-2025
R01250,O020435,Size/Fit Issue,22-03-2025
R01251,O020440,Damaged,26-01-2026
R01252,O020445,Size/Fit Issue,29-01-2026
R01253,O020464,Wrong Item,25-07-2025
R01254,O020505,Size/Fit Issue,18-03-2025
R01255,O020523,Size/Fit Issue,28-06-2025
R01256,O020543,Wrong Item,26-06-2025
R01257,O020569,Size/Fit Issue,05-05-2026
R01258,O020607,Damaged,11-12-2025
R01259,O020610,Wrong Item,19-05-2025
R01260,O020636,Wrong Item,26-04-2026
R01261,O020643,Wrong Item,07-01-2026
R01262,O020647,Changed Mind,07-06-2026
R01263,O020664,Size/Fit Issue,19-10-2025
R01264,O020682,Changed Mind,29-03-2025
R01265,O020700,Quality Issue,25-07-2026
R01266,O020704,Damaged,21-11-2025
R01267,O020706,Damaged,24-06-2025
R01268,O020730,Changed Mind,02-05-2025
R01269,O020731,Damaged,07-05-2025
R01270,O020755,Quality Issue,04-06-2025
R01271,O020763,Wrong Item,29-04-2026
R01272,O020801,Size/Fit Issue,05-02-2026
R01273,O020825,Quality Issue,02-07-2025
R01274,O020850,Quality Issue,10-06-2025
R01275,O020899,Changed Mind,06-05-2026
R01276,O020925,Changed Mind,16-08-2025
R01277,O020942,Changed Mind,11-01-2025
R01278,O020961,Damaged,16-06-2025
R01279,O020974,Damaged,11-02-2026
R01280,O021048,Changed Mind,18-11-2025
R01281,O021064,Size/Fit Issue,18-02-2026
R01282,O021070,Size/Fit Issue,01-02-2025
R01283,O021091,Damaged,10-11-2025
R01284,O021117,Late Delivery,10-08-2025
R01285,O021119,Damaged,08-08-2026
R01286,O021130,Quality Issue,11-07-2026
R01287,O021234,Damaged,08-09-2025
R01288,O021237,Size/Fit Issue,03-08-2026
R01289,O021270,Wrong Item,17-08-2025
R01290,O021285,Quality Issue,31-07-2025
R01291,O021312,Quality Issue,11-07-2026
R01292,O021326,Damaged,29-01-2025
R01293,O021329,Changed Mind,16-10-2025
R01294,O021343,Size/Fit Issue,18-02-2025
R01295,O021379,Wrong Item,11-05-2026
R01296,O021459,Wrong Item,18-10-2025
R01297,O021487,Changed Mind,14-04-2026
R01298,O021489,Late Delivery,29-06-2025
R01299,O021505,Damaged,15-02-2025
R01300,O021525,Damaged,23-04-2026
R01301,O021531,Damaged,11-05-2026
R01302,O021563,Changed Mind,24-07-2025
R01303,O021593,Wrong Item,03-06-2026
R01304,O021607,Late Delivery,13-07-2025
R01305,O021676,Wrong Item,31-08-2026
R01306,O021748,Size/Fit Issue,05-09-2025
R01307,O021753,Wrong Item,02-08-2026
R01308,O021766,Quality Issue,04-08-2026
R01309,O021783,Wrong Item,06-03-2026
R01310,O021800,Size/Fit Issue,29-09-2025
R01311,O021802,Wrong Item,27-06-2026
R01312,O021828,Size/Fit Issue,12-05-2025
R01313,O021857,Damaged,25-09-2025
R01314,O021863,Late Delivery,10-03-2026
R01315,O021884,Wrong Item,06-06-2026
R01316,O021904,Wrong Item,27-05-2026
R01317,O021920,Wrong Item,22-10-2025
R01318,O021926,Damaged,22-07-2025
R01319,O021976,Wrong Item,26-03-2026
R01320,O022016,Wrong Item,25-07-2026
R01321,O022050,Damaged,23-05-2025
R01322,O022096,Wrong Item,01-09-2025
R01323,O022121,Damaged,22-01-2025
R01324,O022138,Damaged,25-08-2026
R01325,O022157,Changed Mind,16-11-2025
R01326,O022160,Late Delivery,21-02-2026
R01327,O022199,Changed Mind,06-04-2025
R01328,O022209,Wrong Item,27-08-2026
R01329,O022221,Late Delivery,22-08-2025
R01330,O022255,Damaged,04-08-2025
R01331,O022257,Quality Issue,20-02-2025
R01332,O022263,Size/Fit Issue,31-03-2026
R01333,O022265,Wrong Item,27-07-2025
R01334,O022292,Damaged,05-06-2026
R01335,O022296,Late Delivery,28-02-2025
R01336,O022330,Late Delivery,26-06-2026
R01337,O022333,Wrong Item,06-03-2026
R01338,O022335,Size/Fit Issue,02-09-2025
R01339,O022346,Wrong Item,05-07-2026
R01340,O022371,Size/Fit Issue,10-07-2025
R01341,O022373,Size/Fit Issue,09-09-2025
R01342,O022386,Damaged,14-06-2025
R01343,O022394,Changed Mind,12-09-2025
R01344,O022415,Changed Mind,28-12-2025
R01345,O022421,Size/Fit Issue,07-04-2025
R01346,O022435,Damaged,08-08-2025
R01347,O022442,Size/Fit Issue,22-04-2025
R01348,O022448,Damaged,28-04-2025
R01349,O022467,Changed Mind,11-06-2026
R01350,O022494,Damaged,04-03-2026
R01351,O022513,Changed Mind,15-09-2025
R01352,O022517,Damaged,09-06-2025
R01353,O022532,Quality Issue,12-07-2026
R01354,O022535,Damaged,07-05-2026
R01355,O022542,Wrong Item,15-05-2026
R01356,O022546,Changed Mind,12-05-2026
R01357,O022549,Size/Fit Issue,15-11-2025
R01358,O022552,Size/Fit Issue,22-09-2025
R01359,O022558,Changed Mind,06-10-2025
R01360,O022559,Quality Issue,18-10-2025
R01361,O022572,Size/Fit Issue,04-09-2025
R01362,O022633,Wrong Item,13-02-2026
R01363,O022652,Quality Issue,08-03-2025
R01364,O022655,Damaged,15-03-2026
R01365,O022686,Changed Mind,03-08-2025
R01366,O022689,Size/Fit Issue,13-05-2026
R01367,O022712,Damaged,23-02-2026
R01368,O022717,Damaged,12-06-2026
R01369,O022760,Size/Fit Issue,20-03-2026
R01370,O022780,Size/Fit Issue,12-03-2025
R01371,O022782,Changed Mind,05-04-2025
R01372,O022814,Size/Fit Issue,16-11-2025
R01373,O022823,Damaged,17-06-2026
R01374,O022829,Late Delivery,29-01-2026
R01375,O022843,Quality Issue,31-10-2025
R01376,O022851,Damaged,10-07-2026
R01377,O022872,Late Delivery,23-08-2026
R01378,O022950,Changed Mind,12-06-2025
R01379,O022961,Damaged,09-10-2025
R01380,O022986,Quality Issue,01-03-2025
R01381,O023029,Changed Mind,11-09-2025
R01382,O023042,Quality Issue,26-06-2025
R01383,O023056,Quality Issue,10-06-2026
R01384,O023066,Changed Mind,02-01-2026
R01385,O023077,Damaged,08-05-2026
R01386,O023109,Quality Issue,21-03-2025
R01387,O023126,Wrong Item,24-03-2026
R01388,O023135,Damaged,11-01-2025
R01389,O023140,Quality Issue,15-10-2025
R01390,O023151,Quality Issue,12-04-2026
R01391,O023170,Wrong Item,05-03-2026
R01392,O023233,Late Delivery,06-11-2025
R01393,O023297,Late Delivery,25-03-2025
R01394,O023314,Wrong Item,17-12-2025
R01395,O023377,Size/Fit Issue,05-01-2026
R01396,O023387,Damaged,21-12-2025
R01397,O023389,Quality Issue,24-08-2026
R01398,O023391,Changed Mind,29-09-2025
R01399,O023395,Quality Issue,30-04-2026
R01400,O023425,Size/Fit Issue,18-03-2026
R01401,O023433,Changed Mind,02-10-2025
R01402,O023448,Quality Issue,25-07-2026
R01403,O023460,Size/Fit Issue,13-02-2025
R01404,O023473,Late Delivery,22-04-2026
R01405,O023495,Late Delivery,23-03-2026
R01406,O023504,Changed Mind,20-10-2025
R01407,O023523,Damaged,18-08-2026
R01408,O023525,Wrong Item,26-08-2025
R01409,O023526,Size/Fit Issue,23-12-2025
R01410,O023545,Wrong Item,04-05-2025
R01411,O023546,Wrong Item,31-05-2026
R01412,O023547,Late Delivery,26-04-2026
R01413,O023564,Damaged,03-03-2025
R01414,O023609,Size/Fit Issue,18-05-2026
R01415,O023640,Quality Issue,13-02-2025
R01416,O023643,Damaged,29-08-2025
R01417,O023646,Wrong Item,04-05-2026
R01418,O023647,Damaged,30-07-2025
R01419,O023649,Damaged,28-08-2025
R01420,O023659,Wrong Item,28-12-2025
R01421,O023661,Size/Fit Issue,18-04-2026
R01422,O023703,Size/Fit Issue,09-02-2026
R01423,O023709,Size/Fit Issue,26-07-2026
R01424,O023712,Changed Mind,15-09-2025
R01425,O023716,Size/Fit Issue,15-10-2025
R01426,O023740,Size/Fit Issue,11-07-2026
R01427,O023742,Damaged,25-04-2026
R01428,O023751,Size/Fit Issue,28-10-2025
R01429,O023774,Size/Fit Issue,29-05-2025
R01430,O023795,Damaged,21-01-2025
R01431,O023808,Size/Fit Issue,04-01-2026
R01432,O023824,Size/Fit Issue,16-02-2025
R01433,O023840,Changed Mind,25-07-2026
R01434,O023891,Damaged,12-04-2026
R01435,O023913,Quality Issue,26-08-2025
R01436,O023940,Damaged,02-03-2026
R01437,O023948,Quality Issue,06-12-2025
R01438,O023957,Changed Mind,18-07-2026
R01439,O023964,Changed Mind,28-03-2025
R01440,O023993,Late Delivery,24-03-2025
R01441,O024004,Wrong Item,22-07-2025
R01442,O024007,Damaged,02-08-2026
R01443,O024030,Quality Issue,10-04-2025
R01444,O024038,Late Delivery,03-12-2025
R01445,O024066,Damaged,22-02-2025
R01446,O024080,Size/Fit Issue,31-07-2026
R01447,O024135,Damaged,19-02-2026
R01448,O024137,Size/Fit Issue,01-07-2025
R01449,O024180,Damaged,11-09-2026
R01450,O024198,Quality Issue,27-11-2025
R01451,O024210,Damaged,28-07-2025
R01452,O024211,Late Delivery,25-07-2026
R01453,O024222,Wrong Item,10-05-2025
R01454,O024243,Wrong Item,27-08-2025
R01455,O024249,Damaged,20-01-2026
R01456,O024273,Wrong Item,14-10-2025
R01457,O024297,Size/Fit Issue,01-03-2025
R01458,O024300,Damaged,30-07-2026
R01459,O024311,Late Delivery,06-07-2025
R01460,O024329,Changed Mind,27-01-2025
R01461,O024347,Changed Mind,29-07-2026
R01462,O024357,Changed Mind,02-08-2026
R01463,O024399,Size/Fit Issue,14-10-2025
R01464,O024408,Late Delivery,17-09-2025
R01465,O024410,Late Delivery,04-02-2026
R01466,O024411,Damaged,18-06-2025
R01467,O024470,Size/Fit Issue,15-03-2026
R01468,O024510,Damaged,29-11-2025
R01469,O024515,Damaged,01-04-2025
R01470,O024575,Size/Fit Issue,11-09-2026
R01471,O024635,Wrong Item,26-04-2026
R01472,O024651,Damaged,24-04-2026
R01473,O024661,Damaged,08-09-2025
R01474,O024678,Damaged,10-09-2025
R01475,O024693,Damaged,07-08-2025
R01476,O024735,Size/Fit Issue,31-01-2026
R01477,O024741,Damaged,19-04-2026
R01478,O024743,Damaged,27-08-2025
R01479,O024751,Changed Mind,04-08-2025
R01480,O024769,Wrong Item,14-03-2026
R01481,O024775,Late Delivery,06-06-2025
R01482,O024786,Size/Fit Issue,30-01-2025
R01483,O024787,Size/Fit Issue,10-02-2025
R01484,O024794,Changed Mind,08-09-2025
R01485,O024798,Late Delivery,07-01-2026
R01486,O024800,Damaged,28-12-2025
R01487,O024801,Late Delivery,12-02-2026
R01488,O024837,Late Delivery,14-03-2026
R01489,O024854,Damaged,07-01-2026
R01490,O024867,Wrong Item,22-11-2025
R01491,O024889,Quality Issue,19-08-2025
R01492,O024917,Changed Mind,13-07-2025
R01493,O024936,Damaged,09-01-2026
R01494,O024938,Quality Issue,10-01-2026
R01495,O024977,Size/Fit Issue,30-07-2025
R01496,O024980,Damaged,11-07-2025
R01497,O024999,Damaged,24-08-2026
R01498,O025075,Damaged,03-05-2025
R01499,O025085,Changed Mind,26-01-2025
R01500,O025092,Damaged,30-03-2026
R01501,O025098,Size/Fit Issue,26-05-2025
R01502,O025115,Late Delivery,18-08-2026
R01503,O025131,Late Delivery,19-07-2026
R01504,O025153,Size/Fit Issue,14-05-2025
R01505,O025157,Changed Mind,26-03-2026
R01506,O025169,Late Delivery,30-06-2026
R01507,O025173,Quality Issue,01-03-2026
R01508,O025177,Wrong Item,10-04-2025
R01509,O025178,Damaged,12-03-2026
R01510,O025196,Quality Issue,25-07-2025
R01511,O025208,Wrong Item,14-03-2026
R01512,O025254,Size/Fit Issue,20-07-2025
R01513,O025255,Changed Mind,06-07-2026
R01514,O025262,Quality Issue,16-12-2025
R01515,O025348,Damaged,30-03-2026
R01516,O025365,Changed Mind,26-01-2026
R01517,O025366,Damaged,24-10-2025
R01518,O025394,Changed Mind,28-01-2025
R01519,O025395,Size/Fit Issue,21-05-2025
R01520,O025398,Quality Issue,30-12-2025
R01521,O025425,Quality Issue,17-09-2025
R01522,O025448,Size/Fit Issue,25-08-2025
R01523,O025463,Damaged,06-04-2025
R01524,O025469,Late Delivery,20-04-2026
R01525,O025472,Wrong Item,14-06-2026
R01526,O025481,Late Delivery,25-02-2025
R01527,O025485,Size/Fit Issue,20-02-2026
R01528,O025517,Size/Fit Issue,19-06-2026
R01529,O025529,Late Delivery,11-05-2026
R01530,O025552,Size/Fit Issue,29-05-2026
R01531,O025617,Changed Mind,01-02-2025
R01532,O025653,Late Delivery,15-08-2026
R01533,O025655,Size/Fit Issue,02-04-2025
R01534,O025661,Quality Issue,02-07-2026
R01535,O025691,Late Delivery,02-03-2026
R01536,O025699,Quality Issue,05-10-2025
R01537,O025700,Damaged,23-05-2025
R01538,O025735,Size/Fit Issue,13-09-2025
R01539,O025753,Quality Issue,04-02-2025
R01540,O025812,Late Delivery,12-11-2025
R01541,O025850,Quality Issue,17-05-2025
R01542,O025886,Damaged,07-01-2026
R01543,O025908,Quality Issue,16-08-2025
R01544,O025922,Size/Fit Issue,31-08-2025
R01545,O025954,Late Delivery,02-05-2025
R01546,O025955,Quality Issue,24-04-2026
R01547,O025966,Quality Issue,12-02-2025
R01548,O026001,Size/Fit Issue,15-06-2026
R01549,O026010,Wrong Item,21-04-2026
R01550,O026016,Size/Fit Issue,22-10-2025
R01551,O026024,Changed Mind,06-09-2025
R01552,O026031,Damaged,01-05-2026
R01553,O026056,Changed Mind,04-05-2026
R01554,O026080,Changed Mind,29-04-2026
R01555,O026081,Late Delivery,16-01-2026
R01556,O026120,Damaged,07-06-2025
R01557,O026124,Late Delivery,25-06-2026
R01558,O026131,Damaged,04-04-2025
R01559,O026138,Changed Mind,13-04-2025
R01560,O026139,Quality Issue,29-08-2026
R01561,O026145,Changed Mind,19-05-2025
R01562,O026167,Size/Fit Issue,07-02-2025
R01563,O026189,Size/Fit Issue,18-06-2025
R01564,O026206,Damaged,19-03-2026
R01565,O026298,Size/Fit Issue,20-05-2025
R01566,O026317,Changed Mind,25-03-2026
R01567,O026330,Size/Fit Issue,24-12-2025
R01568,O026349,Late Delivery,13-12-2025
R01569,O026350,Quality Issue,05-03-2026
R01570,O026358,Wrong Item,17-06-2025
R01571,O026416,Quality Issue,26-06-2026
R01572,O026422,Size/Fit Issue,18-01-2025
R01573,O026435,Size/Fit Issue,21-08-2025
R01574,O026441,Size/Fit Issue,12-03-2025
R01575,O026443,Size/Fit Issue,07-03-2025
R01576,O026481,Late Delivery,13-04-2026
R01577,O026489,Size/Fit Issue,21-03-2025
R01578,O026520,Damaged,09-09-2026
R01579,O026531,Quality Issue,19-08-2025
R01580,O026568,Size/Fit Issue,23-02-2025
R01581,O026584,Quality Issue,06-11-2025
R01582,O026586,Changed Mind,19-04-2025
R01583,O026587,Quality Issue,04-06-2025
R01584,O026613,Size/Fit Issue,07-11-2025
R01585,O026648,Quality Issue,06-04-2026
R01586,O026650,Quality Issue,24-09-2025
R01587,O026669,Size/Fit Issue,12-07-2025
R01588,O026682,Size/Fit Issue,16-10-2025
R01589,O026695,Size/Fit Issue,07-02-2026
R01590,O026697,Late Delivery,12-09-2025
R01591,O026705,Quality Issue,30-11-2025
R01592,O026722,Quality Issue,20-08-2025
R01593,O026751,Damaged,24-05-2026
R01594,O026785,Wrong Item,13-06-2026
R01595,O026804,Size/Fit Issue,26-07-2026
R01596,O026869,Size/Fit Issue,10-07-2025
R01597,O026904,Wrong Item,26-10-2025
R01598,O026927,Damaged,15-02-2026
R01599,O026929,Damaged,19-02-2026
R01600,O026931,Size/Fit Issue,28-06-2025
R01601,O026932,Quality Issue,22-11-2025
R01602,O026933,Changed Mind,15-09-2025
R01603,O026948,Damaged,06-10-2025
R01604,O026977,Size/Fit Issue,01-05-2026
R01605,O026986,Size/Fit Issue,06-07-2025
R01606,O026998,Quality Issue,28-01-2025
R01607,O027001,Damaged,29-05-2026
R01608,O027002,Quality Issue,18-06-2026
R01609,O027021,Changed Mind,17-02-2025
R01610,O027041,Size/Fit Issue,31-01-2025
R01611,O027042,Size/Fit Issue,30-10-2025
R01612,O027068,Wrong Item,29-05-2026
R01613,O027076,Wrong Item,17-10-2025
R01614,O027088,Quality Issue,15-01-2026
R01615,O027096,Changed Mind,22-01-2025
R01616,O027101,Changed Mind,28-02-2025
R01617,O027110,Changed Mind,02-08-2025
R01618,O027130,Quality Issue,20-08-2026
R01619,O027136,Size/Fit Issue,07-09-2025
R01620,O027146,Quality Issue,15-09-2025
R01621,O027161,Size/Fit Issue,13-08-2026
R01622,O027215,Size/Fit Issue,18-05-2025
R01623,O027221,Quality Issue,08-01-2026
R01624,O027248,Size/Fit Issue,12-03-2025
R01625,O027250,Changed Mind,28-01-2026
R01626,O027257,Quality Issue,10-01-2025
R01627,O027262,Damaged,06-04-2026
R01628,O027270,Quality Issue,01-01-2026
R01629,O027285,Size/Fit Issue,04-04-2026
R01630,O027291,Damaged,22-09-2025
R01631,O027371,Late Delivery,10-06-2025
R01632,O027384,Size/Fit Issue,17-04-2025
R01633,O027394,Size/Fit Issue,16-08-2026
R01634,O027396,Quality Issue,26-07-2026
R01635,O027399,Late Delivery,09-02-2025
R01636,O027418,Wrong Item,24-03-2026
R01637,O027432,Size/Fit Issue,13-08-2025
R01638,O027459,Late Delivery,22-07-2026
R01639,O027464,Size/Fit Issue,21-05-2025
R01640,O027497,Wrong Item,18-03-2025
R01641,O027520,Late Delivery,31-01-2026
R01642,O027531,Late Delivery,10-06-2025
R01643,O027579,Quality Issue,17-08-2025
R01644,O027598,Wrong Item,08-12-2025
R01645,O027614,Size/Fit Issue,15-11-2025
R01646,O027623,Size/Fit Issue,25-04-2025
R01647,O027626,Size/Fit Issue,24-11-2025
R01648,O027647,Wrong Item,03-10-2025
R01649,O027674,Changed Mind,14-04-2026
R01650,O027676,Quality Issue,10-03-2026
R01651,O027694,Wrong Item,22-10-2025
R01652,O027726,Size/Fit Issue,08-11-2025
R01653,O027728,Damaged,21-03-2025
R01654,O027772,Damaged,17-03-2026
R01655,O027778,Changed Mind,07-06-2025
R01656,O027784,Wrong Item,02-04-2025
R01657,O027795,Wrong Item,26-05-2026
R01658,O027812,Damaged,25-06-2026
R01659,O027814,Size/Fit Issue,20-12-2025
R01660,O027836,Changed Mind,03-06-2026
R01661,O027854,Changed Mind,09-09-2026
R01662,O027859,Quality Issue,27-09-2025
R01663,O027871,Damaged,29-04-2026
R01664,O027881,Quality Issue,21-02-2025
R01665,O027905,Late Delivery,01-05-2025
R01666,O027936,Wrong Item,07-08-2025
R01667,O027939,Damaged,14-07-2025
R01668,O027952,Damaged,25-08-2025
R01669,O027957,Wrong Item,18-02-2026
R01670,O027974,Size/Fit Issue,24-09-2025
R01671,O027997,Quality Issue,03-09-2026
R01672,O028002,Late Delivery,26-02-2025
R01673,O028022,Size/Fit Issue,14-03-2026
R01674,O028037,Wrong Item,01-10-2025
R01675,O028059,Quality Issue,27-02-2026
R01676,O028071,Size/Fit Issue,26-06-2025
R01677,O028081,Size/Fit Issue,12-04-2025
R01678,O028126,Damaged,14-01-2026
R01679,O028141,Quality Issue,19-02-2026
R01680,O028159,Wrong Item,05-06-2025
R01681,O028190,Wrong Item,17-03-2025
R01682,O028263,Quality Issue,06-04-2026
R01683,O028264,Size/Fit Issue,13-10-2025
R01684,O028269,Wrong Item,22-05-2026
R01685,O028293,Size/Fit Issue,28-12-2025
R01686,O028316,Late Delivery,08-02-2026
R01687,O028322,Size/Fit Issue,27-08-2025
R01688,O028333,Quality Issue,26-03-2025
R01689,O028336,Quality Issue,07-09-2025
R01690,O028342,Damaged,10-07-2026
R01691,O028372,Size/Fit Issue,22-01-2026
R01692,O028380,Size/Fit Issue,12-05-2026
R01693,O028427,Changed Mind,21-01-2026
R01694,O028463,Size/Fit Issue,21-07-2025
R01695,O028486,Wrong Item,26-11-2025
R01696,O028537,Damaged,18-12-2025
R01697,O028551,Late Delivery,24-05-2025
R01698,O028555,Late Delivery,21-02-2026
R01699,O028569,Size/Fit Issue,03-05-2025
R01700,O028575,Late Delivery,01-02-2026
R01701,O028620,Changed Mind,15-03-2026
R01702,O028656,Size/Fit Issue,13-02-2025
R01703,O028659,Damaged,27-04-2025
R01704,O028683,Size/Fit Issue,01-04-2026
R01705,O028740,Changed Mind,06-05-2026
R01706,O028800,Size/Fit Issue,27-06-2025
R01707,O028819,Damaged,24-05-2025
R01708,O028822,Late Delivery,26-09-2025
R01709,O028836,Wrong Item,13-02-2025
R01710,O028868,Wrong Item,15-01-2026
R01711,O028873,Quality Issue,03-04-2026
R01712,O028884,Size/Fit Issue,29-09-2025
R01713,O028903,Size/Fit Issue,05-07-2026
R01714,O028927,Wrong Item,20-01-2026
R01715,O028931,Wrong Item,26-08-2026
R01716,O028938,Changed Mind,13-08-2025
R01717,O028976,Damaged,22-05-2025
R01718,O029002,Wrong Item,13-04-2026
R01719,O029019,Changed Mind,31-08-2026
R01720,O029024,Late Delivery,07-03-2025
R01721,O029037,Size/Fit Issue,14-04-2026
R01722,O029039,Size/Fit Issue,10-02-2025
R01723,O029050,Changed Mind,17-03-2026
R01724,O029056,Size/Fit Issue,03-07-2025
R01725,O029064,Late Delivery,18-01-2025
R01726,O029075,Late Delivery,30-08-2025
R01727,O029080,Changed Mind,22-03-2025
R01728,O029093,Quality Issue,03-04-2025
R01729,O029125,Damaged,01-02-2026
R01730,O029129,Quality Issue,10-06-2026
R01731,O029152,Wrong Item,12-03-2026
R01732,O029173,Changed Mind,10-11-2025
R01733,O029175,Quality Issue,04-02-2026
R01734,O029197,Size/Fit Issue,18-02-2026
R01735,O029210,Size/Fit Issue,17-01-2025
R01736,O029224,Size/Fit Issue,26-09-2025
R01737,O029229,Size/Fit Issue,17-06-2026
R01738,O029272,Size/Fit Issue,28-05-2025
R01739,O029286,Quality Issue,27-02-2026
R01740,O029304,Damaged,06-04-2025
R01741,O029323,Size/Fit Issue,24-06-2026
R01742,O029328,Size/Fit Issue,04-05-2026
R01743,O029339,Quality Issue,18-02-2025
R01744,O029362,Size/Fit Issue,10-04-2026
R01745,O029388,Late Delivery,13-05-2025
R01746,O029394,Size/Fit Issue,01-01-2026
R01747,O029428,Late Delivery,07-09-2025
R01748,O029436,Quality Issue,18-05-2026
R01749,O029457,Wrong Item,21-11-2025
R01750,O029493,Quality Issue,03-05-2026
R01751,O029495,Changed Mind,25-04-2026
R01752,O029509,Wrong Item,06-04-2026
R01753,O029516,Damaged,06-07-2025
R01754,O029538,Changed Mind,16-05-2026
R01755,O029542,Wrong Item,15-04-2026
R01756,O029546,Quality Issue,09-03-2025
R01757,O029555,Late Delivery,05-03-2025
R01758,O029580,Quality Issue,27-05-2025
R01759,O029624,Damaged,05-06-2026
R01760,O029626,Size/Fit Issue,18-04-2025
R01761,O029663,Quality Issue,14-04-2025
R01762,O029674,Damaged,05-07-2026
R01763,O029699,Late Delivery,24-11-2025
R01764,O029706,Damaged,26-10-2025
R01765,O029777,Size/Fit Issue,14-08-2025
R01766,O029800,Changed Mind,03-08-2025
R01767,O029867,Late Delivery,27-02-2025
R01768,O029868,Damaged,20-03-2026
R01769,O029869,Size/Fit Issue,09-12-2025
R01770,O029880,Size/Fit Issue,18-03-2025
R01771,O029885,Quality Issue,30-08-2026
R01772,O029886,Changed Mind,27-07-2026
R01773,O029902,Changed Mind,24-07-2025
R01774,O029911,Size/Fit Issue,30-06-2025
R01775,O029913,Damaged,12-07-2025
R01776,O029918,Wrong Item,29-11-2025
R01777,O029974,Damaged,01-04-2026
R01778,O029977,Quality Issue,03-11-2025
R01779,O029980,Wrong Item,06-04-2025
R01780,O029986,Damaged,09-04-2025
R01781,O030007,Changed Mind,07-02-2025
R01782,O030023,Changed Mind,12-05-2025
R01783,O030036,Quality Issue,16-10-2025
R01784,O030050,Quality Issue,03-03-2025
R01785,O030052,Damaged,10-05-2026
R01786,O030059,Quality Issue,03-05-2026
R01787,O030060,Changed Mind,03-05-2026
R01788,O030063,Quality Issue,26-01-2026
R01789,O030087,Wrong Item,23-11-2025
R01790,O030101,Damaged,02-06-2025
R01791,O030151,Late Delivery,04-12-2025
R01792,O030157,Damaged,24-11-2025
R01793,O030177,Quality Issue,14-09-2025
R01794,O030196,Late Delivery,22-05-2026
R01795,O030237,Quality Issue,27-11-2025
R01796,O030250,Size/Fit Issue,28-03-2025
R01797,O030267,Late Delivery,21-05-2025
R01798,O030273,Quality Issue,19-11-2025
R01799,O030288,Size/Fit Issue,29-08-2026
R01800,O030302,Late Delivery,28-03-2025
R01801,O030316,Changed Mind,19-02-2025
R01802,O030318,Wrong Item,27-01-2025
R01803,O030322,Quality Issue,27-03-2026
R01804,O030324,Size/Fit Issue,02-04-2025
R01805,O030342,Wrong Item,11-08-2026
R01806,O030358,Size/Fit Issue,30-07-2025
R01807,O030362,Quality Issue,20-08-2025
R01808,O030363,Changed Mind,18-02-2026
R01809,O030393,Late Delivery,23-01-2026
R01810,O030402,Damaged,19-05-2025
R01811,O030403,Size/Fit Issue,23-05-2026
R01812,O030418,Late Delivery,24-12-2025
R01813,O030442,Quality Issue,08-06-2026
R01814,O030444,Damaged,28-02-2025
R01815,O030455,Quality Issue,11-08-2026
R01816,O030458,Size/Fit Issue,04-09-2026
R01817,O030467,Size/Fit Issue,25-09-2025
R01818,O030470,Late Delivery,02-05-2025
R01819,O030480,Late Delivery,16-03-2026
R01820,O030541,Size/Fit Issue,08-08-2026
R01821,O030551,Late Delivery,27-02-2025
R01822,O030553,Size/Fit Issue,21-05-2026
R01823,O030570,Damaged,15-02-2025
R01824,O030575,Quality Issue,26-06-2026
R01825,O030599,Damaged,24-12-2025
R01826,O030600,Damaged,24-06-2026
R01827,O030604,Damaged,20-05-2025
R01828,O030605,Changed Mind,18-01-2026
R01829,O030608,Size/Fit Issue,16-06-2025
R01830,O030615,Wrong Item,11-10-2025
R01831,O030656,Damaged,22-06-2026
R01832,O030661,Quality Issue,03-03-2025
R01833,O030668,Quality Issue,25-04-2026
R01834,O030706,Late Delivery,09-08-2026
R01835,O030710,Quality Issue,19-01-2025
R01836,O030740,Wrong Item,07-12-2025
R01837,O030778,Quality Issue,17-08-2025
R01838,O030783,Size/Fit Issue,01-08-2025
R01839,O030824,Size/Fit Issue,15-02-2025
R01840,O030833,Damaged,30-01-2026
R01841,O030844,Size/Fit Issue,08-02-2025
R01842,O030861,Changed Mind,06-08-2026
R01843,O030893,Size/Fit Issue,02-08-2026
R01844,O030904,Size/Fit Issue,10-12-2025
R01845,O030912,Damaged,12-05-2026
R01846,O030932,Late Delivery,26-11-2025
R01847,O030940,Size/Fit Issue,11-09-2025
R01848,O030952,Wrong Item,01-02-2026
R01849,O030960,Size/Fit Issue,28-10-2025
R01850,O030961,Changed Mind,25-10-2025
R01851,O030971,Damaged,22-08-2026
R01852,O031003,Quality Issue,22-03-2025
R01853,O031020,Size/Fit Issue,18-11-2025
R01854,O031050,Late Delivery,18-04-2025
R01855,O031117,Wrong Item,15-05-2025
R01856,O031140,Late Delivery,26-10-2025
R01857,O031148,Wrong Item,19-09-2025
R01858,O031178,Damaged,15-01-2026
R01859,O031193,Damaged,15-02-2025
R01860,O031194,Wrong Item,25-04-2026
R01861,O031223,Size/Fit Issue,06-06-2026
R01862,O031241,Damaged,09-03-2025
R01863,O031249,Damaged,28-04-2026
R01864,O031307,Size/Fit Issue,13-09-2025
R01865,O031329,Damaged,23-12-2025
R01866,O031365,Damaged,21-10-2025
R01867,O031372,Damaged,25-02-2026
R01868,O031377,Wrong Item,23-03-2025
R01869,O031424,Changed Mind,04-06-2026
R01870,O031427,Changed Mind,25-03-2025
R01871,O031434,Wrong Item,07-01-2026
R01872,O031442,Wrong Item,07-10-2025
R01873,O031498,Size/Fit Issue,05-04-2026
R01874,O031528,Size/Fit Issue,12-01-2026
R01875,O031533,Changed Mind,02-08-2026
R01876,O031536,Size/Fit Issue,08-07-2025
R01877,O031571,Size/Fit Issue,25-05-2025
R01878,O031573,Damaged,06-03-2025
R01879,O031606,Wrong Item,27-01-2026
R01880,O031613,Size/Fit Issue,16-03-2026
R01881,O031615,Size/Fit Issue,01-10-2025
R01882,O031630,Size/Fit Issue,23-02-2026
R01883,O031640,Damaged,01-05-2025
R01884,O031643,Wrong Item,24-08-2026
R01885,O031645,Size/Fit Issue,30-09-2025
R01886,O031662,Late Delivery,10-12-2025
R01887,O031667,Quality Issue,27-05-2026
R01888,O031673,Damaged,27-01-2026
R01889,O031682,Quality Issue,11-02-2026
R01890,O031685,Wrong Item,02-05-2025
R01891,O031687,Size/Fit Issue,28-03-2026
R01892,O031698,Damaged,09-03-2025
R01893,O031709,Late Delivery,30-12-2025
R01894,O031729,Damaged,01-02-2026
R01895,O031751,Changed Mind,29-03-2026
R01896,O031754,Damaged,28-01-2025
R01897,O031757,Damaged,27-06-2026
R01898,O031766,Late Delivery,19-04-2026
R01899,O031777,Size/Fit Issue,30-08-2025
R01900,O031781,Damaged,04-10-2025
R01901,O031789,Size/Fit Issue,17-02-2025
R01902,O031791,Quality Issue,13-07-2025
R01903,O031811,Quality Issue,21-04-2025
R01904,O031856,Damaged,21-02-2026
R01905,O031885,Quality Issue,14-01-2025
R01906,O031890,Size/Fit Issue,30-08-2025
R01907,O031903,Changed Mind,17-06-2025
R01908,O031928,Late Delivery,15-11-2025
R01909,O031941,Late Delivery,04-05-2026
R01910,O031945,Changed Mind,02-11-2025
R01911,O031948,Size/Fit Issue,05-03-2026
R01912,O031959,Damaged,16-03-2025
R01913,O031960,Late Delivery,14-06-2025
R01914,O031961,Damaged,28-03-2025
R01915,O031969,Late Delivery,21-06-2026
R01916,O031978,Late Delivery,25-04-2025
R01917,O031980,Quality Issue,16-07-2026
R01918,O032035,Size/Fit Issue,30-06-2026
R01919,O032043,Wrong Item,12-10-2025
R01920,O032050,Late Delivery,28-07-2025
R01921,O032058,Changed Mind,30-05-2026
R01922,O032087,Late Delivery,27-03-2025
R01923,O032096,Quality Issue,17-12-2025
R01924,O032097,Wrong Item,07-12-2025
R01925,O032098,Late Delivery,25-06-2025
R01926,O032100,Damaged,29-06-2026
R01927,O032132,Late Delivery,26-02-2025
R01928,O032164,Wrong Item,21-02-2026
R01929,O032165,Size/Fit Issue,09-02-2025
R01930,O032176,Wrong Item,23-10-2025
R01931,O032178,Changed Mind,20-08-2026
R01932,O032191,Wrong Item,30-04-2025
R01933,O032196,Late Delivery,05-05-2026
R01934,O032224,Quality Issue,02-05-2025
R01935,O032250,Damaged,03-06-2025
R01936,O032282,Wrong Item,20-02-2026
R01937,O032285,Quality Issue,16-06-2025
R01938,O032305,Size/Fit Issue,02-01-2026
R01939,O032326,Late Delivery,09-04-2025
R01940,O032328,Size/Fit Issue,14-06-2025
R01941,O032339,Size/Fit Issue,12-05-2026
R01942,O032358,Quality Issue,19-08-2026
R01943,O032362,Quality Issue,18-03-2026
R01944,O032364,Wrong Item,01-07-2026
R01945,O032373,Changed Mind,22-01-2026
R01946,O032381,Late Delivery,17-10-2025
R01947,O032399,Changed Mind,12-06-2026
R01948,O032440,Late Delivery,03-04-2025
R01949,O032449,Size/Fit Issue,23-12-2025
R01950,O032484,Wrong Item,24-03-2025
R01951,O032508,Damaged,17-04-2025
R01952,O032514,Quality Issue,21-04-2026
R01953,O032523,Damaged,17-09-2025
R01954,O032529,Changed Mind,28-05-2026
R01955,O032542,Wrong Item,21-07-2025
R01956,O032560,Damaged,02-09-2025
R01957,O032572,Wrong Item,12-01-2025
R01958,O032575,Size/Fit Issue,17-08-2025
R01959,O032582,Changed Mind,23-03-2025
R01960,O032584,Size/Fit Issue,02-08-2026
R01961,O032588,Size/Fit Issue,23-03-2025
R01962,O032595,Size/Fit Issue,03-06-2026
R01963,O032614,Changed Mind,25-06-2026
R01964,O032632,Wrong Item,20-04-2025
R01965,O032636,Size/Fit Issue,08-09-2026
R01966,O032647,Quality Issue,11-10-2025
R01967,O032663,Size/Fit Issue,29-08-2025
R01968,O032665,Wrong Item,25-05-2026
R01969,O032681,Size/Fit Issue,27-12-2025
R01970,O032690,Size/Fit Issue,05-06-2026
R01971,O032698,Size/Fit Issue,31-08-2026
R01972,O032718,Late Delivery,01-06-2026
R01973,O032733,Size/Fit Issue,31-12-2025
R01974,O032766,Damaged,08-06-2025
R01975,O032806,Damaged,27-05-2025
R01976,O032818,Changed Mind,08-02-2025
R01977,O032839,Late Delivery,19-04-2026
R01978,O032849,Size/Fit Issue,28-08-2025
R01979,O032856,Size/Fit Issue,26-08-2026
R01980,O032866,Changed Mind,12-01-2025
R01981,O032904,Quality Issue,04-01-2025
R01982,O032913,Late Delivery,26-04-2026
R01983,O032923,Wrong Item,15-03-2026
R01984,O032936,Wrong Item,18-09-2025
R01985,O032971,Size/Fit Issue,01-02-2025
R01986,O032988,Late Delivery,03-02-2025
R01987,O033011,Damaged,23-04-2025
R01988,O033026,Wrong Item,16-05-2025
R01989,O033052,Wrong Item,08-02-2026
R01990,O033058,Late Delivery,30-03-2025
R01991,O033064,Quality Issue,18-11-2025
R01992,O033065,Quality Issue,22-05-2025
R01993,O033082,Late Delivery,25-08-2026
R01994,O033106,Quality Issue,23-05-2026
R01995,O033118,Wrong Item,19-03-2026
R01996,O033145,Late Delivery,21-01-2026
R01997,O033146,Late Delivery,06-12-2025
R01998,O033170,Quality Issue,02-02-2026
R01999,O033175,Quality Issue,24-01-2026
R02000,O033183,Quality Issue,19-08-2025
R02001,O033187,Size/Fit Issue,28-04-2025
R02002,O033198,Damaged,20-05-2026
R02003,O033202,Size/Fit Issue,09-08-2026
R02004,O033204,Wrong Item,11-04-2025
R02005,O033210,Wrong Item,24-02-2025
R02006,O033217,Quality Issue,06-04-2026
R02007,O033228,Wrong Item,09-06-2025
R02008,O033238,Changed Mind,04-01-2026
R02009,O033259,Wrong Item,29-08-2026
R02010,O033261,Quality Issue,31-07-2026
R02011,O033278,Size/Fit Issue,29-04-2025
R02012,O033287,Size/Fit Issue,13-08-2025
R02013,O033294,Size/Fit Issue,19-02-2025
R02014,O033300,Late Delivery,22-12-2025
R02015,O033331,Quality Issue,02-04-2026
R02016,O033335,Size/Fit Issue,27-08-2025
R02017,O033355,Quality Issue,30-03-2026
R02018,O033368,Quality Issue,18-06-2026
R02019,O033372,Damaged,21-01-2025
R02020,O033391,Damaged,26-12-2025
R02021,O033405,Size/Fit Issue,07-05-2026
R02022,O033413,Late Delivery,26-06-2025
R02023,O033422,Late Delivery,14-12-2025
R02024,O033429,Late Delivery,25-01-2026
R02025,O033443,Damaged,13-05-2025
R02026,O033481,Damaged,09-11-2025
R02027,O033520,Size/Fit Issue,15-07-2026
R02028,O033527,Damaged,14-01-2026
R02029,O033548,Late Delivery,25-02-2026
R02030,O033595,Late Delivery,20-03-2025
R02031,O033599,Late Delivery,21-06-2025
R02032,O033622,Damaged,24-12-2025
R02033,O033643,Late Delivery,13-05-2025
R02034,O033648,Late Delivery,16-07-2026
R02035,O033663,Size/Fit Issue,07-08-2025
R02036,O033712,Quality Issue,19-11-2025
R02037,O033716,Damaged,09-06-2026
R02038,O033730,Quality Issue,01-05-2026
R02039,O033741,Quality Issue,18-07-2026
R02040,O033753,Size/Fit Issue,08-06-2026
R02041,O033755,Size/Fit Issue,06-06-2026
R02042,O033759,Size/Fit Issue,26-02-2025
R02043,O033767,Damaged,23-06-2026
R02044,O033770,Wrong Item,17-09-2025
R02045,O033779,Damaged,28-03-2025
R02046,O033794,Quality Issue,29-04-2026
R02047,O033816,Wrong Item,18-06-2025
R02048,O033830,Quality Issue,15-02-2025
R02049,O033876,Size/Fit Issue,24-08-2026
R02050,O033884,Quality Issue,16-01-2026
R02051,O033914,Wrong Item,26-07-2025
R02052,O033937,Late Delivery,17-08-2026
R02053,O033939,Damaged,29-06-2026
R02054,O033964,Wrong Item,18-03-2025
R02055,O033980,Damaged,08-10-2025
R02056,O033985,Damaged,08-07-2026
R02057,O033993,Late Delivery,06-09-2025
R02058,O034005,Size/Fit Issue,11-08-2026
R02059,O034052,Late Delivery,26-05-2026
R02060,O034060,Changed Mind,30-05-2025
R02061,O034063,Size/Fit Issue,31-03-2026
R02062,O034102,Wrong Item,29-05-2026
R02063,O034107,Late Delivery,09-07-2026
R02064,O034147,Late Delivery,21-03-2025
R02065,O034189,Size/Fit Issue,23-04-2025
R02066,O034203,Late Delivery,27-01-2025
R02067,O034229,Damaged,09-08-2026
R02068,O034251,Late Delivery,03-07-2025
R02069,O034298,Changed Mind,07-09-2026
R02070,O034307,Quality Issue,30-11-2025
R02071,O034323,Late Delivery,22-09-2025
R02072,O034339,Damaged,04-08-2025
R02073,O034344,Wrong Item,12-08-2025
R02074,O034353,Wrong Item,20-06-2026
R02075,O034364,Late Delivery,20-01-2026
R02076,O034377,Changed Mind,27-12-2025
R02077,O034390,Size/Fit Issue,25-06-2025
R02078,O034391,Size/Fit Issue,20-04-2025
R02079,O034403,Size/Fit Issue,20-07-2025
R02080,O034406,Wrong Item,17-11-2025
R02081,O034432,Damaged,10-05-2026
R02082,O034435,Size/Fit Issue,31-05-2025
R02083,O034468,Size/Fit Issue,01-06-2025
R02084,O034482,Size/Fit Issue,27-05-2025
R02085,O034494,Quality Issue,28-01-2025
R02086,O034507,Damaged,27-01-2025
R02087,O034514,Size/Fit Issue,04-12-2025
R02088,O034542,Changed Mind,18-07-2026
R02089,O034601,Size/Fit Issue,17-04-2025
R02090,O034602,Damaged,06-08-2026
R02091,O034603,Size/Fit Issue,03-05-2026
R02092,O034625,Changed Mind,05-10-2025
R02093,O034639,Late Delivery,04-03-2026
R02094,O034640,Wrong Item,29-09-2025
R02095,O034647,Late Delivery,14-05-2025
R02096,O034660,Size/Fit Issue,12-04-2025
R02097,O034663,Wrong Item,26-07-2025
R02098,O034700,Size/Fit Issue,04-09-2026
R02099,O034709,Quality Issue,17-04-2026
R02100,O034710,Changed Mind,12-01-2026
R02101,O034711,Damaged,01-05-2026
R02102,O034721,Size/Fit Issue,11-01-2026
R02103,O034727,Size/Fit Issue,22-03-2026
R02104,O034805,Quality Issue,09-07-2026
R02105,O034845,Damaged,20-02-2026
R02106,O034875,Damaged,08-11-2025
R02107,O034880,Size/Fit Issue,07-07-2025
R02108,O034881,Size/Fit Issue,22-12-2025
R02109,O034886,Late Delivery,02-07-2025
R02110,O034887,Late Delivery,13-12-2025
R02111,O034888,Size/Fit Issue,20-09-2025
R02112,O034889,Size/Fit Issue,17-02-2025
R02113,O034909,Quality Issue,25-04-2025
R02114,O034913,Quality Issue,14-12-2025
R02115,O034925,Damaged,31-12-2025
R02116,O034931,Changed Mind,14-12-2025
R02117,O034965,Quality Issue,29-08-2026
R02118,O034969,Damaged,08-09-2025
R02119,O034979,Damaged,15-02-2025
R02120,O035005,Quality Issue,16-06-2025
R02121,O035011,Damaged,16-07-2026
R02122,O035026,Damaged,07-01-2026
R02123,O035038,Size/Fit Issue,10-08-2025
R02124,O035040,Size/Fit Issue,17-03-2025
R02125,O035044,Damaged,18-02-2025
R02126,O035076,Quality Issue,23-07-2026
R02127,O035099,Quality Issue,17-10-2025
R02128,O035100,Size/Fit Issue,07-07-2026
R02129,O035104,Changed Mind,22-09-2025
R02130,O035144,Quality Issue,17-05-2026
R02131,O035156,Quality Issue,07-12-2025
R02132,O035160,Changed Mind,13-03-2025
R02133,O035173,Damaged,21-07-2025
R02134,O035206,Damaged,10-08-2026
R02135,O035217,Wrong Item,09-05-2025
R02136,O035250,Size/Fit Issue,08-06-2026
R02137,O035257,Wrong Item,08-05-2026
R02138,O035261,Damaged,11-09-2025
R02139,O035266,Damaged,04-12-2025
R02140,O035269,Damaged,01-01-2026
R02141,O035279,Size/Fit Issue,15-12-2025
R02142,O035290,Quality Issue,11-05-2026
R02143,O035319,Late Delivery,26-08-2025
R02144,O035324,Late Delivery,12-11-2025
R02145,O035338,Damaged,24-07-2026
R02146,O035345,Changed Mind,07-05-2026
R02147,O035348,Wrong Item,23-02-2025
R02148,O035355,Changed Mind,03-05-2025
R02149,O035365,Wrong Item,11-06-2025
R02150,O035369,Size/Fit Issue,04-08-2026
R02151,O035379,Quality Issue,08-08-2025
R02152,O035498,Late Delivery,13-01-2025
R02153,O035530,Wrong Item,19-06-2026
R02154,O035545,Wrong Item,26-12-2025
R02155,O035570,Quality Issue,09-09-2025
R02156,O035579,Wrong Item,25-03-2025
R02157,O035618,Changed Mind,15-01-2026
R02158,O035621,Size/Fit Issue,15-08-2026
R02159,O035635,Damaged,30-08-2025
R02160,O035649,Wrong Item,11-02-2026
R02161,O035660,Damaged,12-09-2025
R02162,O035699,Late Delivery,10-09-2025
R02163,O035707,Quality Issue,19-10-2025
R02164,O035710,Damaged,02-02-2025
R02165,O035715,Quality Issue,04-01-2025
R02166,O035721,Size/Fit Issue,11-03-2026
R02167,O035740,Quality Issue,07-03-2025
R02168,O035817,Late Delivery,20-06-2025
R02169,O035833,Late Delivery,06-12-2025
R02170,O035848,Late Delivery,11-08-2025
R02171,O035877,Changed Mind,02-05-2025
R02172,O035936,Size/Fit Issue,26-07-2025
R02173,O035959,Late Delivery,09-07-2026
R02174,O035976,Size/Fit Issue,08-02-2025
R02175,O035988,Damaged,24-01-2025
R02176,O036005,Size/Fit Issue,06-08-2026
R02177,O036008,Size/Fit Issue,12-01-2025
R02178,O036013,Damaged,08-10-2025
R02179,O036014,Wrong Item,12-04-2026
R02180,O036039,Size/Fit Issue,18-01-2025
R02181,O036086,Damaged,03-07-2025
R02182,O036100,Size/Fit Issue,02-10-2025
R02183,O036142,Wrong Item,21-12-2025
R02184,O036147,Size/Fit Issue,01-04-2026
R02185,O036148,Quality Issue,11-02-2025
R02186,O036156,Damaged,21-05-2025
R02187,O036181,Changed Mind,22-05-2026
R02188,O036201,Damaged,23-11-2025
R02189,O036207,Size/Fit Issue,16-05-2026
R02190,O036214,Late Delivery,08-01-2026
R02191,O036248,Size/Fit Issue,01-04-2025
R02192,O036258,Wrong Item,16-09-2025
R02193,O036269,Changed Mind,08-02-2025
R02194,O036286,Late Delivery,27-08-2025
R02195,O036288,Late Delivery,23-05-2026
R02196,O036297,Wrong Item,20-09-2025
R02197,O036330,Late Delivery,28-09-2025
R02198,O036370,Late Delivery,27-03-2025
R02199,O036373,Size/Fit Issue,21-02-2025
R02200,O036375,Size/Fit Issue,11-07-2025
R02201,O036376,Wrong Item,02-01-2026
R02202,O036379,Damaged,07-01-2026
R02203,O036407,Quality Issue,25-03-2025
R02204,O036454,Late Delivery,18-05-2025
R02205,O036477,Changed Mind,15-06-2025
R02206,O036487,Size/Fit Issue,03-08-2026
R02207,O036491,Damaged,17-02-2025
R02208,O036507,Wrong Item,08-07-2026
R02209,O036517,Damaged,25-04-2026
R02210,O036534,Size/Fit Issue,17-04-2025
R02211,O036548,Quality Issue,24-11-2025
R02212,O036550,Changed Mind,27-08-2025
R02213,O036560,Damaged,10-05-2026
R02214,O036562,Late Delivery,22-03-2026
R02215,O036598,Wrong Item,02-04-2026
R02216,O036601,Quality Issue,07-08-2025
R02217,O036613,Changed Mind,14-08-2026
R02218,O036614,Damaged,23-05-2026
R02219,O036615,Changed Mind,28-05-2025
R02220,O036625,Size/Fit Issue,27-05-2025
R02221,O036684,Size/Fit Issue,26-04-2026
R02222,O036710,Damaged,01-09-2026
R02223,O036713,Changed Mind,12-03-2025
R02224,O036716,Size/Fit Issue,30-09-2025
R02225,O036761,Quality Issue,29-01-2025
R02226,O036765,Quality Issue,09-04-2026
R02227,O036782,Size/Fit Issue,21-09-2025
R02228,O036829,Size/Fit Issue,21-07-2026
R02229,O036850,Wrong Item,07-03-2026
R02230,O036893,Damaged,20-07-2026
R02231,O036905,Changed Mind,09-05-2026
R02232,O036985,Damaged,17-11-2025
R02233,O036993,Damaged,09-11-2025
R02234,O037001,Wrong Item,24-10-2025
R02235,O037009,Quality Issue,25-09-2025
R02236,O037015,Size/Fit Issue,18-06-2026
R02237,O037019,Wrong Item,30-01-2025
R02238,O037029,Wrong Item,08-04-2026
R02239,O037063,Size/Fit Issue,20-05-2025
R02240,O037076,Damaged,08-01-2025
R02241,O037080,Size/Fit Issue,12-01-2026
R02242,O037086,Damaged,13-07-2026
R02243,O037092,Late Delivery,16-09-2025
R02244,O037115,Damaged,11-06-2025
R02245,O037120,Changed Mind,22-12-2025
R02246,O037124,Quality Issue,03-06-2026
R02247,O037154,Wrong Item,23-07-2025
R02248,O037162,Damaged,12-02-2026
R02249,O037182,Changed Mind,20-05-2025
R02250,O037184,Changed Mind,12-09-2025
R02251,O037186,Quality Issue,26-10-2025
R02252,O037203,Quality Issue,05-03-2026
R02253,O037210,Damaged,24-08-2025
R02254,O037214,Wrong Item,04-03-2026
R02255,O037223,Damaged,05-05-2025
R02256,O037265,Size/Fit Issue,31-10-2025
R02257,O037270,Changed Mind,02-04-2026
R02258,O037287,Size/Fit Issue,10-02-2026
R02259,O037298,Damaged,20-09-2025
R02260,O037320,Size/Fit Issue,17-05-2026
R02261,O037352,Size/Fit Issue,20-11-2025
R02262,O037360,Changed Mind,06-02-2026
R02263,O037363,Changed Mind,30-08-2026
R02264,O037418,Size/Fit Issue,18-04-2025
R02265,O037422,Wrong Item,04-02-2025
R02266,O037437,Wrong Item,16-11-2025
R02267,O037461,Quality Issue,20-06-2025
R02268,O037470,Size/Fit Issue,09-05-2026
R02269,O037479,Late Delivery,05-12-2025
R02270,O037512,Quality Issue,19-08-2026
R02271,O037523,Size/Fit Issue,09-09-2025
R02272,O037550,Changed Mind,24-01-2025
R02273,O037555,Size/Fit Issue,19-12-2025
R02274,O037623,Late Delivery,04-12-2025
R02275,O037625,Quality Issue,18-08-2026
R02276,O037637,Size/Fit Issue,21-03-2025
R02277,O037640,Damaged,09-12-2025
R02278,O037642,Damaged,12-10-2025
R02279,O037651,Size/Fit Issue,04-04-2026
R02280,O037666,Wrong Item,19-04-2025
R02281,O037673,Changed Mind,08-05-2025
R02282,O037715,Size/Fit Issue,02-09-2025
R02283,O037719,Changed Mind,09-04-2026
R02284,O037723,Changed Mind,07-03-2025
R02285,O037751,Size/Fit Issue,25-02-2026
R02286,O037777,Quality Issue,18-08-2026
R02287,O037786,Late Delivery,12-03-2026
R02288,O037787,Quality Issue,12-04-2026
R02289,O037791,Damaged,10-01-2026
R02290,O037798,Late Delivery,27-01-2026
R02291,O037806,Size/Fit Issue,23-02-2025
R02292,O037811,Size/Fit Issue,15-06-2025
R02293,O037821,Size/Fit Issue,19-03-2025
R02294,O037834,Damaged,23-05-2025
R02295,O037842,Damaged,04-03-2025
R02296,O037845,Quality Issue,03-08-2026
R02297,O037847,Damaged,30-10-2025
R02298,O037854,Quality Issue,12-08-2026
R02299,O037856,Size/Fit Issue,17-02-2026
R02300,O037877,Size/Fit Issue,30-07-2026
R02301,O037886,Quality Issue,20-03-2025
R02302,O037959,Late Delivery,06-08-2026
R02303,O037967,Damaged,06-11-2025
R02304,O038043,Wrong Item,16-08-2026
R02305,O038060,Late Delivery,30-04-2025
R02306,O038071,Size/Fit Issue,22-07-2026
R02307,O038076,Damaged,06-01-2026
R02308,O038083,Quality Issue,05-03-2025
R02309,O038088,Quality Issue,18-02-2026
R02310,O038101,Size/Fit Issue,30-01-2026
R02311,O038118,Size/Fit Issue,18-07-2026
R02312,O038155,Size/Fit Issue,26-08-2026
R02313,O038166,Quality Issue,06-12-2025
R02314,O038176,Size/Fit Issue,03-09-2026
R02315,O038199,Damaged,03-02-2026
R02316,O038208,Quality Issue,08-06-2026
R02317,O038213,Size/Fit Issue,27-06-2026
R02318,O038222,Wrong Item,05-02-2025
R02319,O038228,Quality Issue,25-07-2025
R02320,O038246,Wrong Item,16-01-2025
R02321,O038276,Changed Mind,28-02-2025
R02322,O038293,Quality Issue,19-08-2025
R02323,O038296,Size/Fit Issue,23-04-2026
R02324,O038375,Damaged,01-03-2025
R02325,O038402,Changed Mind,02-08-2025
R02326,O038430,Size/Fit Issue,22-07-2026
R02327,O038431,Size/Fit Issue,27-04-2026
R02328,O038438,Damaged,31-08-2026
R02329,O038453,Size/Fit Issue,27-11-2025
R02330,O038458,Size/Fit Issue,02-12-2025
R02331,O038462,Size/Fit Issue,21-04-2025
R02332,O038467,Late Delivery,05-02-2025
R02333,O038478,Size/Fit Issue,21-04-2026
R02334,O038510,Wrong Item,25-03-2025
R02335,O038532,Damaged,06-04-2025
R02336,O038543,Size/Fit Issue,09-05-2025
R02337,O038557,Size/Fit Issue,01-05-2026
R02338,O038558,Wrong Item,11-01-2025
R02339,O038567,Damaged,25-05-2026
R02340,O038584,Quality Issue,17-01-2026
R02341,O038588,Damaged,07-03-2026
R02342,O038632,Wrong Item,09-02-2025
R02343,O038633,Changed Mind,05-06-2025
R02344,O038638,Damaged,25-02-2025
R02345,O038643,Wrong Item,16-06-2025
R02346,O038667,Quality Issue,06-09-2026
R02347,O038691,Late Delivery,03-08-2026
R02348,O038710,Changed Mind,02-09-2025
R02349,O038713,Late Delivery,31-07-2025
R02350,O038715,Quality Issue,13-01-2026
R02351,O038723,Quality Issue,08-06-2025
R02352,O038744,Quality Issue,25-03-2025
R02353,O038747,Quality Issue,20-08-2026
R02354,O038763,Damaged,12-10-2025
R02355,O038795,Quality Issue,05-04-2025
R02356,O038816,Wrong Item,25-06-2026
R02357,O038875,Size/Fit Issue,03-06-2026
R02358,O038908,Size/Fit Issue,25-08-2025
R02359,O038927,Damaged,06-04-2026
R02360,O038929,Size/Fit Issue,01-12-2025
R02361,O038959,Size/Fit Issue,23-11-2025
R02362,O038969,Wrong Item,07-12-2025
R02363,O038979,Wrong Item,26-10-2025
R02364,O038987,Quality Issue,26-08-2026
R02365,O039042,Changed Mind,12-07-2026
R02366,O039067,Late Delivery,08-02-2025
R02367,O039109,Quality Issue,06-03-2026
R02368,O039133,Damaged,11-06-2026
R02369,O039150,Damaged,25-09-2025
R02370,O039188,Size/Fit Issue,01-05-2026
R02371,O039191,Damaged,07-04-2026
R02372,O039224,Late Delivery,07-08-2026
R02373,O039241,Size/Fit Issue,08-08-2026
R02374,O039251,Quality Issue,01-04-2025
R02375,O039277,Late Delivery,09-04-2025
R02376,O039287,Damaged,22-07-2026
R02377,O039293,Size/Fit Issue,12-08-2025
R02378,O039308,Size/Fit Issue,08-05-2026
R02379,O039352,Changed Mind,31-07-2025
R02380,O039423,Late Delivery,20-04-2026
R02381,O039470,Late Delivery,11-01-2026
R02382,O039490,Changed Mind,23-05-2026
R02383,O039501,Quality Issue,02-12-2025
R02384,O039523,Changed Mind,30-10-2025
R02385,O039559,Wrong Item,23-11-2025
R02386,O039580,Size/Fit Issue,08-02-2025
R02387,O039599,Changed Mind,25-05-2026
R02388,O039609,Damaged,17-06-2025
R02389,O039664,Wrong Item,13-02-2026
R02390,O039669,Late Delivery,17-05-2025
R02391,O039697,Wrong Item,14-01-2025
R02392,O039747,Wrong Item,30-06-2025
R02393,O039780,Damaged,31-03-2026
R02394,O039803,Damaged,08-02-2025
R02395,O039841,Late Delivery,07-04-2025
R02396,O039846,Damaged,31-03-2025
R02397,O039849,Changed Mind,26-07-2026
R02398,O039894,Quality Issue,26-05-2026
R02399,O039905,Size/Fit Issue,07-07-2026
R02400,O039916,Size/Fit Issue,26-06-2026
R02401,O039935,Size/Fit Issue,09-02-2025
R02402,O039940,Quality Issue,16-05-2026
R02403,O039952,Damaged,05-05-2025
R02404,O039983,Changed Mind,24-11-2025
R02405,O040000,Size/Fit Issue,02-07-2025
R02406,O040012,Size/Fit Issue,16-11-2025
R02407,O040014,Size/Fit Issue,30-01-2025
R02408,O040047,Size/Fit Issue,07-04-2026
R02409,O040060,Quality Issue,04-07-2025
R02410,O040063,Late Delivery,30-03-2025
R02411,O040085,Changed Mind,14-05-2025
R02412,O040091,Wrong Item,04-06-2025
R02413,O040096,Wrong Item,22-06-2025
R02414,O040112,Quality Issue,07-03-2026
R02415,O040117,Size/Fit Issue,13-02-2025
R02416,O040123,Damaged,16-08-2025
R02417,O040151,Size/Fit Issue,10-09-2026
R02418,O040154,Size/Fit Issue,03-05-2025
R02419,O040186,Size/Fit Issue,24-10-2025
R02420,O040195,Size/Fit Issue,02-01-2026
R02421,O040210,Size/Fit Issue,11-02-2025
R02422,O040215,Wrong Item,08-01-2026
R02423,O040234,Quality Issue,01-04-2025
R02424,O040263,Quality Issue,28-09-2025
R02425,O040283,Wrong Item,27-04-2025
R02426,O040294,Wrong Item,08-08-2025
R02427,O040298,Damaged,15-02-2026
R02428,O040305,Size/Fit Issue,20-08-2025
R02429,O040344,Quality Issue,13-07-2026
R02430,O040353,Size/Fit Issue,30-10-2025
R02431,O040363,Changed Mind,27-03-2026
R02432,O040366,Quality Issue,12-04-2026
R02433,O040369,Damaged,12-06-2026
R02434,O040373,Quality Issue,01-07-2025
R02435,O040374,Size/Fit Issue,20-12-2025
R02436,O040383,Quality Issue,05-12-2025
R02437,O040390,Changed Mind,02-09-2026
R02438,O040425,Size/Fit Issue,09-04-2025
R02439,O040426,Wrong Item,23-02-2025
R02440,O040453,Late Delivery,04-02-2026
R02441,O040472,Changed Mind,06-02-2026
R02442,O040479,Quality Issue,28-01-2025
R02443,O040498,Quality Issue,19-06-2026
R02444,O040578,Quality Issue,15-12-2025
R02445,O040590,Damaged,09-05-2026
R02446,O040599,Late Delivery,01-02-2025
R02447,O040624,Size/Fit Issue,05-02-2025
R02448,O040647,Wrong Item,18-05-2026
R02449,O040675,Quality Issue,10-09-2025
R02450,O040706,Damaged,11-04-2025
R02451,O040727,Damaged,18-11-2025
R02452,O040742,Size/Fit Issue,12-02-2026
R02453,O040759,Changed Mind,12-03-2026
R02454,O040785,Quality Issue,01-09-2026
R02455,O040832,Damaged,17-05-2025
R02456,O040909,Damaged,23-05-2025
R02457,O040914,Wrong Item,06-11-2025
R02458,O040923,Wrong Item,04-08-2026
R02459,O040944,Damaged,21-02-2026
R02460,O040974,Wrong Item,20-05-2026
R02461,O040979,Late Delivery,17-04-2026
R02462,O040983,Size/Fit Issue,16-06-2025
R02463,O040996,Wrong Item,25-02-2026
R02464,O040997,Changed Mind,25-01-2025
R02465,O041006,Size/Fit Issue,13-03-2025
R02466,O041009,Late Delivery,10-03-2026
R02467,O041014,Damaged,18-06-2026
R02468,O041039,Damaged,11-08-2026
R02469,O041060,Quality Issue,01-04-2026
R02470,O041065,Late Delivery,24-06-2026
R02471,O041070,Quality Issue,17-08-2026
R02472,O041084,Size/Fit Issue,28-12-2025
R02473,O041091,Size/Fit Issue,20-12-2025
R02474,O041099,Size/Fit Issue,21-08-2026
R02475,O041112,Wrong Item,08-09-2025
R02476,O041132,Wrong Item,02-02-2025
R02477,O041147,Wrong Item,17-04-2025
R02478,O041149,Quality Issue,12-02-2025
R02479,O041151,Changed Mind,24-11-2025
R02480,O041212,Late Delivery,25-06-2026
R02481,O041218,Late Delivery,01-04-2025
R02482,O041221,Damaged,04-03-2026
R02483,O041235,Late Delivery,04-09-2025
R02484,O041272,Size/Fit Issue,15-05-2026
R02485,O041278,Damaged,09-02-2025
R02486,O041281,Size/Fit Issue,26-01-2025
R02487,O041304,Damaged,28-05-2025
R02488,O041325,Late Delivery,15-06-2026
R02489,O041378,Wrong Item,28-03-2025
R02490,O041379,Size/Fit Issue,27-07-2025
R02491,O041380,Size/Fit Issue,25-01-2025
R02492,O041441,Damaged,24-11-2025
R02493,O041444,Damaged,31-03-2025
R02494,O041445,Size/Fit Issue,13-01-2025
R02495,O041448,Damaged,21-05-2026
R02496,O041472,Damaged,07-03-2026
R02497,O041537,Quality Issue,31-10-2025
R02498,O041547,Wrong Item,11-11-2025
R02499,O041566,Late Delivery,18-01-2025
R02500,O041571,Size/Fit Issue,14-05-2026
R02501,O041575,Size/Fit Issue,19-12-2025
R02502,O041588,Quality Issue,05-07-2025
R02503,O041614,Size/Fit Issue,13-01-2026
R02504,O041688,Size/Fit Issue,04-12-2025
R02505,O041716,Damaged,11-01-2026
R02506,O041742,Quality Issue,16-07-2026
R02507,O041774,Wrong Item,30-10-2025
R02508,O041781,Size/Fit Issue,22-02-2026
R02509,O041784,Size/Fit Issue,27-07-2025
R02510,O041800,Damaged,22-06-2025
R02511,O041805,Wrong Item,27-04-2026
R02512,O041821,Size/Fit Issue,20-10-2025
R02513,O041855,Quality Issue,29-07-2026
R02514,O041857,Wrong Item,23-12-2025
R02515,O041870,Damaged,28-06-2025
R02516,O041883,Size/Fit Issue,26-08-2025
R02517,O041899,Quality Issue,03-01-2025
R02518,O041918,Changed Mind,11-08-2025
R02519,O041936,Size/Fit Issue,11-10-2025
R02520,O041938,Quality Issue,21-05-2025
R02521,O042001,Wrong Item,17-01-2025
R02522,O042018,Changed Mind,11-05-2026
R02523,O042019,Quality Issue,11-06-2026
R02524,O042026,Quality Issue,19-02-2025
R02525,O042035,Wrong Item,18-05-2025
R02526,O042056,Quality Issue,04-05-2026
R02527,O042058,Wrong Item,09-07-2026
R02528,O042105,Wrong Item,31-10-2025
R02529,O042139,Size/Fit Issue,04-07-2025
R02530,O042143,Quality Issue,25-10-2025
R02531,O042152,Size/Fit Issue,17-04-2026
R02532,O042202,Late Delivery,26-01-2025
R02533,O042238,Wrong Item,15-07-2026
R02534,O042268,Late Delivery,08-07-2025
R02535,O042281,Late Delivery,24-06-2026
R02536,O042304,Late Delivery,21-02-2025
R02537,O042361,Size/Fit Issue,02-03-2025
R02538,O042425,Late Delivery,29-06-2025
R02539,O042436,Size/Fit Issue,22-06-2026
R02540,O042450,Late Delivery,25-06-2025
R02541,O042453,Damaged,25-02-2026
R02542,O042457,Changed Mind,10-06-2025
R02543,O042460,Changed Mind,29-03-2025
R02544,O042476,Size/Fit Issue,11-01-2026
R02545,O042493,Size/Fit Issue,04-05-2025
R02546,O042503,Damaged,30-03-2025
R02547,O042533,Size/Fit Issue,02-05-2025
R02548,O042534,Wrong Item,16-06-2026
R02549,O042540,Wrong Item,25-06-2026
R02550,O042555,Quality Issue,16-02-2026
R02551,O042587,Damaged,26-03-2026
R02552,O042592,Quality Issue,15-08-2025
R02553,O042608,Quality Issue,01-08-2026
R02554,O042616,Wrong Item,08-11-2025
R02555,O042620,Changed Mind,10-03-2026
R02556,O042621,Quality Issue,22-02-2026
R02557,O042632,Late Delivery,25-01-2025
R02558,O042638,Damaged,15-09-2025
R02559,O042697,Size/Fit Issue,07-05-2026
R02560,O042698,Size/Fit Issue,29-07-2025
R02561,O042719,Quality Issue,12-04-2025
R02562,O042770,Quality Issue,28-11-2025
R02563,O042798,Late Delivery,12-07-2026
R02564,O042814,Size/Fit Issue,13-06-2025
R02565,O042837,Late Delivery,29-09-2025
R02566,O042849,Size/Fit Issue,19-06-2025
R02567,O042869,Size/Fit Issue,01-06-2026
R02568,O042875,Late Delivery,10-05-2026
R02569,O042879,Damaged,03-06-2026
R02570,O042883,Late Delivery,26-10-2025
R02571,O042938,Size/Fit Issue,17-06-2025
R02572,O042987,Size/Fit Issue,26-07-2026
R02573,O042995,Wrong Item,06-11-2025
R02574,O043046,Quality Issue,11-05-2025
R02575,O043050,Size/Fit Issue,08-06-2025
R02576,O043051,Changed Mind,17-05-2025
R02577,O043067,Size/Fit Issue,08-11-2025
R02578,O043071,Changed Mind,10-08-2025
R02579,O043076,Damaged,20-08-2025
R02580,O043085,Size/Fit Issue,21-12-2025
R02581,O043098,Quality Issue,24-02-2026
R02582,O043124,Size/Fit Issue,30-08-2025
R02583,O043146,Size/Fit Issue,21-11-2025
R02584,O043172,Wrong Item,09-10-2025
R02585,O043191,Quality Issue,06-08-2026
R02586,O043205,Quality Issue,17-06-2026
R02587,O043229,Wrong Item,16-03-2025
R02588,O043237,Wrong Item,25-10-2025
R02589,O043249,Late Delivery,13-05-2026
R02590,O043258,Size/Fit Issue,18-03-2026
R02591,O043265,Size/Fit Issue,08-07-2025
R02592,O043275,Size/Fit Issue,31-01-2025
R02593,O043281,Damaged,09-02-2026
R02594,O043291,Quality Issue,11-05-2026
R02595,O043300,Changed Mind,11-01-2025
R02596,O043336,Changed Mind,20-06-2026
R02597,O043337,Quality Issue,18-01-2025
R02598,O043360,Late Delivery,06-07-2025
R02599,O043390,Damaged,07-06-2026
R02600,O043399,Damaged,27-08-2025
R02601,O043404,Quality Issue,11-02-2025
R02602,O043428,Changed Mind,07-05-2025
R02603,O043439,Damaged,19-06-2026
R02604,O043464,Late Delivery,14-10-2025
R02605,O043485,Size/Fit Issue,13-03-2026
R02606,O043492,Late Delivery,19-03-2026
R02607,O043497,Wrong Item,04-03-2026
R02608,O043506,Damaged,26-03-2026
R02609,O043518,Late Delivery,12-05-2025
R02610,O043531,Wrong Item,11-01-2025
R02611,O043560,Quality Issue,29-03-2025
R02612,O043561,Size/Fit Issue,30-12-2025
R02613,O043619,Damaged,26-08-2026
R02614,O043621,Late Delivery,11-02-2026
R02615,O043622,Quality Issue,24-02-2025
R02616,O043626,Size/Fit Issue,12-07-2025
R02617,O043641,Size/Fit Issue,15-02-2026
R02618,O043642,Damaged,12-08-2026
R02619,O043643,Damaged,13-03-2026
R02620,O043658,Wrong Item,12-06-2026
R02621,O043672,Damaged,16-07-2026
R02622,O043730,Wrong Item,06-09-2025
R02623,O043733,Damaged,13-05-2025
R02624,O043734,Changed Mind,19-09-2025
R02625,O043751,Changed Mind,30-01-2026
R02626,O043764,Late Delivery,07-01-2025
R02627,O043773,Quality Issue,29-07-2025
R02628,O043779,Changed Mind,07-12-2025
R02629,O043791,Late Delivery,26-09-2025
R02630,O043797,Quality Issue,01-04-2025
R02631,O043802,Damaged,28-06-2026
R02632,O043809,Size/Fit Issue,21-07-2026
R02633,O043818,Changed Mind,02-02-2025
R02634,O043823,Wrong Item,21-11-2025
R02635,O043829,Late Delivery,04-07-2025
R02636,O043839,Changed Mind,25-05-2025
R02637,O043863,Late Delivery,17-07-2026
R02638,O043874,Late Delivery,20-08-2026
R02639,O043896,Wrong Item,20-09-2025
R02640,O043903,Quality Issue,29-07-2026
R02641,O043915,Wrong Item,02-02-2026
R02642,O043935,Changed Mind,02-05-2025
R02643,O043969,Changed Mind,08-06-2025
R02644,O043988,Changed Mind,15-09-2025
R02645,O043989,Changed Mind,12-01-2026
R02646,O044003,Late Delivery,13-06-2025
R02647,O044045,Damaged,23-07-2025
R02648,O044058,Size/Fit Issue,15-08-2026
R02649,O044096,Changed Mind,31-03-2025
R02650,O044098,Wrong Item,26-12-2025
R02651,O044113,Late Delivery,26-03-2025
R02652,O044127,Quality Issue,11-03-2025
R02653,O044131,Changed Mind,29-12-2025
R02654,O044146,Quality Issue,24-05-2025
R02655,O044161,Late Delivery,02-03-2026
R02656,O044261,Damaged,01-07-2025
R02657,O044378,Late Delivery,16-07-2026
R02658,O044393,Quality Issue,12-02-2026
R02659,O044419,Wrong Item,29-09-2025
R02660,O044424,Wrong Item,19-04-2025
R02661,O044433,Quality Issue,14-03-2025
R02662,O044443,Size/Fit Issue,06-06-2025
R02663,O044451,Damaged,09-04-2026
R02664,O044523,Quality Issue,25-03-2026
R02665,O044526,Quality Issue,03-09-2026
R02666,O044551,Damaged,01-03-2025
R02667,O044562,Changed Mind,23-12-2025
R02668,O044564,Quality Issue,04-03-2025
R02669,O044578,Damaged,06-06-2025
R02670,O044593,Size/Fit Issue,20-07-2025
R02671,O044594,Quality Issue,26-02-2025
R02672,O044599,Quality Issue,27-03-2026
R02673,O044609,Late Delivery,27-12-2025
R02674,O044617,Size/Fit Issue,23-05-2025
R02675,O044648,Late Delivery,30-01-2025
R02676,O044664,Quality Issue,10-06-2026
R02677,O044667,Size/Fit Issue,29-09-2025
R02678,O044683,Late Delivery,22-09-2025
R02679,O044710,Size/Fit Issue,06-03-2026
R02680,O044716,Late Delivery,13-05-2025
R02681,O044724,Late Delivery,28-03-2026
R02682,O044765,Size/Fit Issue,13-05-2026
R02683,O044783,Size/Fit Issue,16-08-2026
R02684,O044799,Wrong Item,20-02-2025
R02685,O044819,Damaged,30-03-2026
R02686,O044820,Size/Fit Issue,13-06-2025
R02687,O044824,Size/Fit Issue,01-02-2025
R02688,O044841,Wrong Item,25-08-2026
R02689,O044843,Changed Mind,24-06-2025
R02690,O044869,Size/Fit Issue,28-08-2026
R02691,O044910,Quality Issue,06-05-2026
R02692,O044934,Changed Mind,07-01-2026
R02693,O044938,Size/Fit Issue,14-11-2025
R02694,O044981,Size/Fit Issue,27-04-2025
R02695,O044991,Changed Mind,13-05-2025
R02696,O045018,Damaged,29-01-2026
R02697,O045031,Late Delivery,11-01-2025
R02698,O045041,Wrong Item,14-07-2025
R02699,O045064,Damaged,05-08-2026
R02700,O045101,Late Delivery,17-02-2026
R02701,O045111,Damaged,18-08-2025
R02702,O045124,Late Delivery,24-09-2025
R02703,O045134,Size/Fit Issue,21-01-2025
R02704,O045149,Changed Mind,18-02-2026
R02705,O045152,Size/Fit Issue,28-12-2025
R02706,O045155,Quality Issue,22-02-2025
R02707,O045171,Changed Mind,21-01-2026
R02708,O045180,Changed Mind,17-02-2026
R02709,O045187,Size/Fit Issue,02-06-2025
R02710,O045236,Damaged,08-02-2026
R02711,O045265,Quality Issue,17-07-2026
R02712,O045326,Damaged,08-02-2026
R02713,O045333,Wrong Item,04-07-2025
R02714,O045340,Late Delivery,15-10-2025
R02715,O045341,Quality Issue,18-02-2026
R02716,O045343,Size/Fit Issue,28-05-2025
R02717,O045352,Damaged,05-07-2026
R02718,O045366,Size/Fit Issue,09-08-2025
R02719,O045397,Quality Issue,26-08-2025
R02720,O045401,Size/Fit Issue,09-09-2025
R02721,O045403,Changed Mind,13-07-2026
R02722,O045411,Quality Issue,27-08-2025
R02723,O045415,Wrong Item,27-09-2025
R02724,O045419,Late Delivery,22-08-2025
R02725,O045434,Size/Fit Issue,12-04-2025
R02726,O045445,Wrong Item,06-03-2025
R02727,O045488,Wrong Item,21-02-2026
R02728,O045501,Quality Issue,03-12-2025
R02729,O045506,Quality Issue,05-11-2025
R02730,O045569,Size/Fit Issue,20-06-2025
R02731,O045575,Damaged,07-04-2025
R02732,O045582,Quality Issue,14-07-2025
R02733,O045583,Changed Mind,17-06-2025
R02734,O045599,Quality Issue,10-04-2025
R02735,O045613,Quality Issue,20-04-2025
R02736,O045640,Size/Fit Issue,29-03-2025
R02737,O045658,Wrong Item,26-12-2025
R02738,O045661,Damaged,24-07-2025
R02739,O045682,Wrong Item,08-11-2025
R02740,O045703,Damaged,21-10-2025
R02741,O045708,Quality Issue,16-08-2026
R02742,O045710,Size/Fit Issue,16-07-2026
R02743,O045720,Size/Fit Issue,05-09-2025
R02744,O045725,Size/Fit Issue,15-06-2025
R02745,O045762,Damaged,12-04-2026
R02746,O045818,Size/Fit Issue,04-03-2026
R02747,O045822,Quality Issue,10-02-2026
R02748,O045836,Quality Issue,30-08-2026
R02749,O045847,Size/Fit Issue,25-01-2025
R02750,O045895,Late Delivery,23-01-2026
R02751,O045905,Quality Issue,14-06-2026
R02752,O045914,Late Delivery,25-02-2026
R02753,O045918,Changed Mind,26-01-2025
R02754,O045951,Changed Mind,08-02-2026
R02755,O045959,Late Delivery,28-04-2025
R02756,O045961,Wrong Item,21-02-2025
R02757,O045962,Wrong Item,18-01-2026
R02758,O045977,Changed Mind,26-01-2025
R02759,O045982,Wrong Item,22-03-2026
R02760,O045988,Wrong Item,23-02-2025
R02761,O045991,Wrong Item,03-08-2026
R02762,O046005,Damaged,01-01-2026
R02763,O046008,Damaged,30-09-2025
R02764,O046038,Size/Fit Issue,03-01-2026
R02765,O046109,Late Delivery,22-04-2025
R02766,O046114,Changed Mind,15-02-2025
R02767,O046149,Quality Issue,17-02-2025
R02768,O046187,Damaged,24-10-2025
R02769,O046217,Size/Fit Issue,22-01-2026
R02770,O046233,Damaged,24-07-2026
R02771,O046261,Late Delivery,27-07-2026
R02772,O046297,Changed Mind,15-01-2025
R02773,O046301,Quality Issue,30-04-2026
R02774,O046302,Quality Issue,04-05-2026
R02775,O046327,Late Delivery,01-11-2025
R02776,O046330,Quality Issue,29-06-2025
R02777,O046340,Damaged,08-03-2025
R02778,O046348,Wrong Item,04-05-2025
R02779,O046368,Late Delivery,12-05-2026
R02780,O046373,Late Delivery,14-01-2026
R02781,O046376,Size/Fit Issue,18-07-2025
R02782,O046387,Late Delivery,16-11-2025
R02783,O046401,Damaged,10-01-2026
R02784,O046405,Wrong Item,28-10-2025
R02785,O046436,Damaged,09-09-2025
R02786,O046440,Changed Mind,05-04-2026
R02787,O046444,Size/Fit Issue,14-06-2025
R02788,O046458,Size/Fit Issue,25-06-2025
R02789,O046465,Size/Fit Issue,25-01-2025
R02790,O046475,Wrong Item,12-05-2025
R02791,O046513,Size/Fit Issue,19-08-2025
R02792,O046532,Damaged,03-04-2025
R02793,O046565,Quality Issue,19-01-2025
R02794,O046569,Damaged,20-08-2026
R02795,O046581,Size/Fit Issue,28-04-2025
R02796,O046582,Damaged,27-01-2026
R02797,O046599,Wrong Item,07-06-2026
R02798,O046623,Wrong Item,20-06-2025
R02799,O046626,Size/Fit Issue,11-06-2025
R02800,O046627,Quality Issue,14-03-2025
R02801,O046631,Quality Issue,13-06-2026
R02802,O046655,Damaged,12-12-2025
R02803,O046664,Wrong Item,27-08-2026
R02804,O046670,Quality Issue,05-08-2026
R02805,O046682,Late Delivery,09-06-2025
R02806,O046719,Changed Mind,29-10-2025
R02807,O046737,Size/Fit Issue,08-02-2026
R02808,O046739,Quality Issue,12-04-2026
R02809,O046745,Size/Fit Issue,13-07-2025
R02810,O046758,Quality Issue,29-07-2026
R02811,O046769,Size/Fit Issue,27-08-2026
R02812,O046782,Quality Issue,23-04-2025
R02813,O046816,Damaged,13-05-2026
R02814,O046836,Late Delivery,30-12-2025
R02815,O046840,Size/Fit Issue,21-12-2025
R02816,O046842,Quality Issue,10-04-2026
R02817,O046870,Size/Fit Issue,21-07-2026
R02818,O046888,Quality Issue,22-05-2025
R02819,O046906,Damaged,12-03-2025
R02820,O046929,Damaged,26-05-2025
R02821,O046945,Size/Fit Issue,15-02-2026
R02822,O046946,Damaged,11-08-2026
R02823,O046948,Size/Fit Issue,16-02-2025
R02824,O046950,Size/Fit Issue,24-01-2025
R02825,O047036,Damaged,16-01-2025
R02826,O047053,Quality Issue,26-02-2025
R02827,O047062,Size/Fit Issue,23-02-2026
R02828,O047063,Size/Fit Issue,09-01-2026
R02829,O047096,Quality Issue,05-11-2025
R02830,O047098,Late Delivery,10-01-2025
R02831,O047122,Late Delivery,03-12-2025
R02832,O047124,Late Delivery,31-12-2025
R02833,O047148,Late Delivery,10-05-2025
R02834,O047167,Wrong Item,25-03-2026
R02835,O047197,Size/Fit Issue,25-08-2026
R02836,O047212,Quality Issue,31-08-2025
R02837,O047225,Damaged,06-03-2025
R02838,O047252,Changed Mind,24-02-2025
R02839,O047274,Size/Fit Issue,31-01-2025
R02840,O047276,Changed Mind,25-04-2025
R02841,O047287,Quality Issue,04-03-2026
R02842,O047292,Wrong Item,28-05-2025
R02843,O047309,Damaged,23-02-2026
R02844,O047349,Damaged,16-05-2025
R02845,O047394,Wrong Item,16-06-2025
R02846,O047415,Late Delivery,01-04-2025
R02847,O047430,Damaged,13-02-2025
R02848,O047455,Wrong Item,15-09-2025
R02849,O047458,Wrong Item,13-05-2026
R02850,O047477,Size/Fit Issue,26-04-2026
R02851,O047495,Changed Mind,05-04-2026
R02852,O047497,Damaged,20-09-2025
R02853,O047514,Size/Fit Issue,14-06-2025
R02854,O047521,Quality Issue,12-08-2025
R02855,O047540,Wrong Item,03-12-2025
R02856,O047571,Size/Fit Issue,19-06-2026
R02857,O047578,Late Delivery,15-06-2025
R02858,O047583,Wrong Item,22-04-2026
R02859,O047600,Late Delivery,04-09-2025
R02860,O047634,Quality Issue,28-02-2025
R02861,O047682,Late Delivery,11-04-2025
R02862,O047727,Size/Fit Issue,13-04-2026
R02863,O047736,Size/Fit Issue,18-01-2026
R02864,O047780,Late Delivery,26-04-2025
R02865,O047787,Late Delivery,30-05-2025
R02866,O047800,Quality Issue,06-07-2026
R02867,O047815,Damaged,02-07-2026
R02868,O047929,Damaged,31-01-2025
R02869,O047972,Size/Fit Issue,09-04-2025
R02870,O047993,Changed Mind,13-11-2025
R02871,O048021,Changed Mind,13-02-2025
R02872,O048039,Changed Mind,26-07-2025
R02873,O048065,Late Delivery,02-02-2025
R02874,O048091,Quality Issue,20-10-2025
R02875,O048113,Changed Mind,11-04-2026
R02876,O048114,Size/Fit Issue,12-10-2025
R02877,O048117,Size/Fit Issue,12-07-2025
R02878,O048118,Size/Fit Issue,15-03-2026
R02879,O048133,Changed Mind,13-03-2025
R02880,O048165,Damaged,26-02-2025
R02881,O048166,Wrong Item,12-12-2025
R02882,O048167,Size/Fit Issue,27-10-2025
R02883,O048178,Quality Issue,09-10-2025
R02884,O048185,Late Delivery,21-05-2026
R02885,O048189,Changed Mind,05-03-2025
R02886,O048190,Damaged,21-04-2026
R02887,O048201,Quality Issue,21-06-2026
R02888,O048210,Late Delivery,26-04-2025
R02889,O048220,Changed Mind,01-04-2025
R02890,O048245,Size/Fit Issue,10-08-2025
R02891,O048271,Late Delivery,27-05-2026
R02892,O048294,Damaged,06-02-2025
R02893,O048305,Quality Issue,25-04-2026
R02894,O048307,Late Delivery,05-03-2026
R02895,O048316,Quality Issue,27-05-2025
R02896,O048321,Size/Fit Issue,02-02-2025
R02897,O048330,Damaged,27-09-2025
R02898,O048341,Size/Fit Issue,06-03-2026
R02899,O048358,Quality Issue,10-10-2025
R02900,O048362,Quality Issue,17-05-2025
R02901,O048383,Late Delivery,07-04-2025
R02902,O048387,Wrong Item,04-04-2026
R02903,O048414,Late Delivery,09-04-2026
R02904,O048421,Late Delivery,15-11-2025
R02905,O048449,Changed Mind,17-08-2026
R02906,O048450,Changed Mind,28-05-2025
R02907,O048453,Size/Fit Issue,26-05-2025
R02908,O048509,Late Delivery,14-06-2026
R02909,O048512,Size/Fit Issue,25-12-2025
R02910,O048513,Changed Mind,10-09-2025
R02911,O048514,Size/Fit Issue,12-10-2025
R02912,O048515,Damaged,24-07-2025
R02913,O048574,Damaged,05-09-2026
R02914,O048623,Damaged,08-09-2025
R02915,O048649,Wrong Item,23-10-2025
R02916,O048669,Size/Fit Issue,22-07-2026
R02917,O048675,Damaged,19-08-2026
R02918,O048707,Quality Issue,12-03-2026
R02919,O048737,Quality Issue,14-03-2026
R02920,O048750,Size/Fit Issue,31-12-2025
R02921,O048776,Size/Fit Issue,01-05-2025
R02922,O048781,Changed Mind,20-05-2026
R02923,O048801,Quality Issue,02-10-2025
R02924,O048805,Quality Issue,08-04-2025
R02925,O048814,Size/Fit Issue,14-05-2026
R02926,O048831,Size/Fit Issue,08-04-2025
R02927,O048846,Damaged,01-05-2026
R02928,O048848,Changed Mind,12-08-2026
R02929,O048852,Size/Fit Issue,03-08-2025
R02930,O048861,Size/Fit Issue,02-02-2025
R02931,O048873,Quality Issue,26-10-2025
R02932,O048875,Quality Issue,29-05-2026
R02933,O048878,Damaged,20-08-2026
R02934,O048880,Wrong Item,13-12-2025
R02935,O048902,Late Delivery,05-12-2025
R02936,O048905,Late Delivery,24-08-2025
R02937,O048917,Size/Fit Issue,25-05-2025
R02938,O049013,Damaged,06-12-2025
R02939,O049019,Damaged,20-07-2025
R02940,O049040,Size/Fit Issue,05-07-2026
R02941,O049041,Late Delivery,15-07-2026
R02942,O049086,Size/Fit Issue,17-08-2025
R02943,O049096,Wrong Item,24-07-2026
R02944,O049108,Damaged,13-02-2026
R02945,O049144,Size/Fit Issue,07-03-2025
R02946,O049153,Size/Fit Issue,22-01-2025
R02947,O049169,Late Delivery,21-01-2025
R02948,O049201,Wrong Item,18-02-2025
R02949,O049226,Quality Issue,29-01-2026
R02950,O049268,Size/Fit Issue,02-01-2026
R02951,O049280,Wrong Item,06-07-2026
R02952,O049296,Size/Fit Issue,06-02-2026
R02953,O049316,Quality Issue,08-02-2026
R02954,O049344,Size/Fit Issue,22-08-2025
R02955,O049349,Wrong Item,31-01-2026
R02956,O049361,Late Delivery,30-06-2025
R02957,O049374,Late Delivery,18-07-2026
R02958,O049378,Wrong Item,06-05-2025
R02959,O049390,Wrong Item,08-11-2025
R02960,O049391,Quality Issue,11-06-2025
R02961,O049394,Damaged,12-05-2026
R02962,O049402,Damaged,06-07-2026
R02963,O049417,Quality Issue,05-05-2025
R02964,O049448,Late Delivery,19-06-2025
R02965,O049493,Quality Issue,16-03-2026
R02966,O049494,Damaged,19-12-2025
R02967,O049569,Size/Fit Issue,19-12-2025
R02968,O049585,Size/Fit Issue,24-01-2026
R02969,O049587,Damaged,16-08-2026
R02970,O049640,Size/Fit Issue,20-04-2025
R02971,O049650,Size/Fit Issue,09-11-2025
R02972,O049654,Changed Mind,01-08-2026
R02973,O049661,Quality Issue,26-05-2026
R02974,O049663,Quality Issue,19-07-2025
R02975,O049674,Wrong Item,11-06-2026
R02976,O049713,Damaged,24-06-2026
R02977,O049727,Quality Issue,28-02-2025
R02978,O049732,Wrong Item,24-06-2026
R02979,O049744,Wrong Item,01-06-2026
R02980,O049747,Late Delivery,09-03-2026
R02981,O049759,Size/Fit Issue,18-05-2026
R02982,O049811,Changed Mind,09-01-2026
R02983,O049813,Damaged,28-06-2026
R02984,O049814,Late Delivery,22-05-2026
R02985,O049826,Late Delivery,25-01-2026
R02986,O049828,Damaged,04-03-2025
R02987,O049890,Quality Issue,18-08-2026
R02988,O049897,Damaged,28-05-2026
R02989,O049901,Changed Mind,15-05-2026
R02990,O049946,Size/Fit Issue,19-04-2026
R02991,O049963,Damaged,06-09-2025
R02992,O049970,Size/Fit Issue,10-09-2025
R02993,O049979,Wrong Item,09-02-2025
R02994,O049992,Size/Fit Issue,25-06-2026
R02995,O050014,Size/Fit Issue,11-07-2026
R02996,O050021,Damaged,13-01-2026
R02997,O050025,Changed Mind,19-05-2026
R02998,O050034,Quality Issue,29-07-2026
R02999,O050046,Late Delivery,17-02-2025
R03000,O050057,Damaged,28-01-2025
R03001,O050064,Quality Issue,07-05-2025
R03002,O050073,Damaged,16-02-2025
R03003,O050087,Damaged,24-03-2025
R03004,O050121,Size/Fit Issue,06-02-2026
R03005,O050189,Size/Fit Issue,25-12-2025
R03006,O050196,Wrong Item,25-08-2025
R03007,O050201,Quality Issue,25-03-2026
R03008,O050231,Size/Fit Issue,28-10-2025
R03009,O050248,Damaged,09-05-2026
R03010,O050282,Changed Mind,26-02-2026
R03011,O050343,Wrong Item,01-11-2025
R03012,O050363,Late Delivery,23-07-2025
R03013,O050366,Quality Issue,12-06-2025
R03014,O050368,Damaged,30-09-2025
R03015,O050376,Late Delivery,10-04-2026
R03016,O050394,Changed Mind,28-02-2026
R03017,O050422,Damaged,04-09-2025
R03018,O050437,Changed Mind,12-05-2026
R03019,O050445,Size/Fit Issue,28-05-2025
R03020,O050448,Late Delivery,01-06-2026
R03021,O050464,Size/Fit Issue,29-03-2025
R03022,O050481,Late Delivery,02-03-2026
R03023,O050503,Damaged,29-06-2026
R03024,O050516,Damaged,20-01-2025
R03025,O050539,Size/Fit Issue,18-03-2026
R03026,O050541,Size/Fit Issue,30-05-2026
R03027,O050542,Size/Fit Issue,17-03-2025
R03028,O050558,Quality Issue,13-05-2025
R03029,O050593,Damaged,02-05-2025
R03030,O050609,Size/Fit Issue,15-01-2026
R03031,O050615,Late Delivery,16-10-2025
R03032,O050621,Late Delivery,07-03-2026
R03033,O050643,Size/Fit Issue,03-08-2026
R03034,O050648,Damaged,07-02-2026
R03035,O050650,Quality Issue,06-05-2026
R03036,O050652,Size/Fit Issue,24-08-2025
R03037,O050653,Changed Mind,13-07-2026
R03038,O050664,Size/Fit Issue,10-11-2025
R03039,O050669,Late Delivery,22-05-2025
R03040,O050674,Quality Issue,02-06-2025
R03041,O050676,Late Delivery,31-07-2025
R03042,O050705,Quality Issue,12-05-2025
R03043,O050706,Size/Fit Issue,18-05-2025
R03044,O050707,Damaged,20-10-2025
R03045,O050712,Size/Fit Issue,12-03-2026
R03046,O050742,Quality Issue,04-08-2026
R03047,O050764,Size/Fit Issue,27-04-2025
R03048,O050784,Changed Mind,26-10-2025
R03049,O050843,Wrong Item,01-09-2025
R03050,O050844,Size/Fit Issue,04-06-2026
R03051,O050857,Wrong Item,21-08-2026
R03052,O050865,Quality Issue,15-07-2026
R03053,O050895,Late Delivery,18-11-2025
R03054,O050899,Late Delivery,04-01-2026
R03055,O050908,Size/Fit Issue,17-10-2025
R03056,O050910,Wrong Item,03-06-2025
R03057,O050927,Damaged,19-12-2025
R03058,O050937,Damaged,07-07-2025
R03059,O050964,Size/Fit Issue,31-08-2025
R03060,O050996,Damaged,04-11-2025
R03061,O051000,Size/Fit Issue,22-06-2026
R03062,O051004,Changed Mind,24-03-2025
R03063,O051009,Quality Issue,01-03-2025
R03064,O051021,Size/Fit Issue,12-02-2026
R03065,O051040,Size/Fit Issue,18-04-2025
R03066,O051088,Size/Fit Issue,28-02-2025
R03067,O051092,Changed Mind,06-06-2026
R03068,O051094,Late Delivery,26-02-2026
R03069,O051098,Wrong Item,03-08-2026
R03070,O051104,Quality Issue,10-04-2026
R03071,O051110,Size/Fit Issue,02-11-2025
R03072,O051111,Late Delivery,23-03-2026
R03073,O051140,Changed Mind,26-06-2026
R03074,O051152,Late Delivery,01-08-2025
R03075,O051158,Wrong Item,30-08-2025
R03076,O051177,Damaged,23-07-2026
R03077,O051208,Wrong Item,24-01-2025
R03078,O051209,Wrong Item,27-11-2025
R03079,O051217,Late Delivery,02-02-2025
R03080,O051253,Damaged,26-01-2026
R03081,O051258,Changed Mind,19-02-2025
R03082,O051259,Quality Issue,19-08-2026
R03083,O051261,Quality Issue,09-11-2025
R03084,O051272,Quality Issue,29-09-2025
R03085,O051282,Changed Mind,20-02-2026
R03086,O051311,Quality Issue,20-07-2026
R03087,O051333,Damaged,15-03-2026
R03088,O051339,Late Delivery,06-02-2026
R03089,O051374,Damaged,28-02-2025
R03090,O051375,Changed Mind,03-07-2026
R03091,O051418,Size/Fit Issue,19-05-2026
R03092,O051424,Size/Fit Issue,05-09-2026
R03093,O051433,Late Delivery,11-10-2025
R03094,O051447,Wrong Item,16-08-2025
R03095,O051484,Changed Mind,05-09-2025
R03096,O051572,Late Delivery,17-06-2025
R03097,O051583,Quality Issue,27-07-2026
R03098,O051592,Quality Issue,28-01-2025
R03099,O051637,Changed Mind,16-06-2026
R03100,O051641,Changed Mind,23-11-2025
R03101,O051647,Late Delivery,08-09-2026
R03102,O051653,Changed Mind,27-08-2026
R03103,O051673,Wrong Item,16-08-2025
R03104,O051694,Size/Fit Issue,01-09-2025
R03105,O051744,Changed Mind,29-04-2026
R03106,O051752,Wrong Item,22-10-2025
R03107,O051792,Damaged,05-08-2025
R03108,O051811,Size/Fit Issue,21-06-2026
R03109,O051824,Damaged,05-01-2025
R03110,O051834,Quality Issue,01-03-2026
R03111,O051853,Wrong Item,09-07-2025
R03112,O051869,Quality Issue,24-08-2025
R03113,O051885,Size/Fit Issue,10-08-2025
R03114,O051886,Size/Fit Issue,06-02-2026
R03115,O051898,Wrong Item,13-12-2025
R03116,O051901,Changed Mind,03-11-2025
R03117,O051905,Size/Fit Issue,11-05-2026
R03118,O051914,Size/Fit Issue,22-04-2026
R03119,O051961,Changed Mind,06-08-2026
R03120,O051999,Quality Issue,08-07-2026
R03121,O052005,Damaged,12-09-2025
R03122,O052018,Size/Fit Issue,30-01-2025
R03123,O052021,Late Delivery,11-03-2025
R03124,O052022,Quality Issue,06-03-2025
R03125,O052033,Size/Fit Issue,01-07-2026
R03126,O052036,Size/Fit Issue,20-01-2026
R03127,O052040,Damaged,28-03-2025
R03128,O052094,Changed Mind,08-09-2025
R03129,O052097,Size/Fit Issue,08-06-2026
R03130,O052107,Quality Issue,04-09-2025
R03131,O052110,Size/Fit Issue,13-01-2025
R03132,O052122,Wrong Item,07-09-2025
R03133,O052169,Size/Fit Issue,13-02-2026
R03134,O052179,Size/Fit Issue,27-11-2025
R03135,O052192,Size/Fit Issue,13-12-2025
R03136,O052207,Size/Fit Issue,23-05-2026
R03137,O052260,Damaged,05-07-2025
R03138,O052265,Damaged,15-05-2025
R03139,O052279,Quality Issue,27-02-2025
R03140,O052282,Wrong Item,03-03-2026
R03141,O052289,Changed Mind,08-01-2026
R03142,O052337,Wrong Item,22-08-2026
R03143,O052343,Size/Fit Issue,18-06-2025
R03144,O052362,Damaged,06-09-2026
R03145,O052403,Damaged,23-06-2025
R03146,O052411,Changed Mind,23-07-2025
R03147,O052413,Changed Mind,29-03-2025
R03148,O052418,Late Delivery,08-07-2025
R03149,O052461,Wrong Item,25-03-2025
R03150,O052480,Changed Mind,10-04-2025
R03151,O052481,Wrong Item,22-07-2026
R03152,O052482,Size/Fit Issue,02-12-2025
R03153,O052516,Size/Fit Issue,18-02-2025
R03154,O052532,Late Delivery,01-05-2026
R03155,O052556,Damaged,23-06-2026
R03156,O052565,Quality Issue,23-03-2025
R03157,O052604,Wrong Item,16-08-2025
R03158,O052616,Wrong Item,08-03-2025
R03159,O052619,Size/Fit Issue,11-01-2026
R03160,O052660,Late Delivery,09-12-2025
R03161,O052661,Late Delivery,31-08-2026
R03162,O052671,Late Delivery,11-08-2025
R03163,O052683,Damaged,13-06-2025
R03164,O052707,Damaged,24-11-2025
R03165,O052713,Quality Issue,30-08-2025
R03166,O052731,Damaged,01-07-2026
R03167,O052757,Late Delivery,13-08-2026
R03168,O052798,Size/Fit Issue,26-07-2026
R03169,O052814,Changed Mind,10-04-2025
R03170,O052823,Size/Fit Issue,19-02-2025
R03171,O052836,Size/Fit Issue,20-03-2025
R03172,O052852,Size/Fit Issue,04-07-2025
R03173,O052874,Quality Issue,22-03-2026
R03174,O052878,Late Delivery,27-09-2025
R03175,O052879,Changed Mind,24-07-2025
R03176,O052898,Changed Mind,13-03-2025
R03177,O052904,Damaged,21-04-2026
R03178,O052927,Damaged,03-01-2026
R03179,O052939,Size/Fit Issue,07-10-2025
R03180,O052969,Quality Issue,08-09-2026
R03181,O052971,Late Delivery,08-04-2025
R03182,O053028,Size/Fit Issue,25-04-2025
R03183,O053046,Size/Fit Issue,01-04-2025
R03184,O053059,Size/Fit Issue,25-04-2025
R03185,O053068,Quality Issue,31-05-2026
R03186,O053113,Size/Fit Issue,18-06-2025
R03187,O053127,Size/Fit Issue,22-02-2026
R03188,O053134,Wrong Item,13-07-2026
R03189,O053135,Late Delivery,22-08-2026
R03190,O053144,Size/Fit Issue,09-12-2025
R03191,O053151,Quality Issue,22-02-2026
R03192,O053186,Damaged,03-07-2026
R03193,O053194,Late Delivery,13-02-2025
R03194,O053237,Size/Fit Issue,10-10-2025
R03195,O053240,Wrong Item,11-05-2025
R03196,O053241,Changed Mind,25-04-2025
R03197,O053242,Late Delivery,16-03-2025
R03198,O053245,Wrong Item,27-04-2025
R03199,O053249,Wrong Item,13-06-2026
R03200,O053269,Quality Issue,23-02-2026
R03201,O053274,Wrong Item,30-11-2025
R03202,O053313,Late Delivery,04-04-2026
R03203,O053314,Size/Fit Issue,26-09-2025
R03204,O053319,Damaged,12-08-2025
R03205,O053323,Quality Issue,22-04-2025
R03206,O053324,Late Delivery,08-05-2026
R03207,O053332,Quality Issue,07-05-2026
R03208,O053347,Size/Fit Issue,27-01-2025
R03209,O053350,Quality Issue,12-05-2025
R03210,O053363,Damaged,07-01-2026
R03211,O053369,Late Delivery,12-02-2025
R03212,O053380,Quality Issue,26-06-2026
R03213,O053386,Late Delivery,27-02-2025
R03214,O053412,Size/Fit Issue,14-05-2026
R03215,O053415,Quality Issue,28-03-2025
R03216,O053447,Size/Fit Issue,29-07-2025
R03217,O053451,Size/Fit Issue,19-02-2026
R03218,O053481,Late Delivery,30-07-2026
R03219,O053500,Size/Fit Issue,10-06-2026
R03220,O053516,Quality Issue,19-08-2025
R03221,O053562,Late Delivery,02-02-2025
R03222,O053579,Damaged,19-04-2026
R03223,O053600,Size/Fit Issue,28-12-2025
R03224,O053603,Late Delivery,05-02-2025
R03225,O053607,Late Delivery,16-12-2025
R03226,O053613,Quality Issue,19-11-2025
R03227,O053630,Quality Issue,20-05-2026
R03228,O053639,Damaged,30-05-2025
R03229,O053642,Wrong Item,17-05-2026
R03230,O053694,Wrong Item,30-06-2026
R03231,O053695,Damaged,29-07-2025
R03232,O053706,Changed Mind,13-11-2025
R03233,O053707,Wrong Item,10-02-2026
R03234,O053717,Size/Fit Issue,17-06-2025
R03235,O053722,Quality Issue,12-06-2025
R03236,O053759,Damaged,03-05-2026
R03237,O053771,Late Delivery,16-02-2025
R03238,O053783,Size/Fit Issue,30-07-2026
R03239,O053795,Quality Issue,02-07-2025
R03240,O053809,Wrong Item,16-01-2026
R03241,O053819,Quality Issue,28-06-2025
R03242,O053834,Changed Mind,11-10-2025
R03243,O053841,Quality Issue,15-08-2025
R03244,O053864,Quality Issue,21-02-2026
R03245,O053865,Wrong Item,20-06-2025
R03246,O053871,Late Delivery,23-08-2026
R03247,O053899,Damaged,13-08-2026
R03248,O053914,Quality Issue,30-12-2025
R03249,O053921,Quality Issue,26-08-2025
R03250,O053930,Late Delivery,26-10-2025
R03251,O053960,Quality Issue,15-08-2025
R03252,O053965,Quality Issue,23-07-2026
R03253,O053969,Damaged,20-05-2026
R03254,O053976,Late Delivery,13-06-2026
R03255,O054041,Late Delivery,16-05-2025
R03256,O054044,Size/Fit Issue,05-04-2025
R03257,O054060,Size/Fit Issue,16-08-2025
R03258,O054094,Late Delivery,15-07-2026
R03259,O054104,Size/Fit Issue,15-06-2026
R03260,O054113,Wrong Item,12-09-2025
R03261,O054121,Size/Fit Issue,22-05-2025
R03262,O054162,Size/Fit Issue,01-11-2025
R03263,O054210,Wrong Item,10-09-2026
R03264,O054232,Late Delivery,19-09-2025
R03265,O054234,Quality Issue,18-04-2026
R03266,O054239,Quality Issue,20-04-2026
R03267,O054247,Changed Mind,04-04-2026
R03268,O054251,Quality Issue,27-05-2025
R03269,O054266,Late Delivery,26-05-2026
R03270,O054283,Wrong Item,11-03-2025
R03271,O054291,Damaged,16-05-2026
R03272,O054305,Size/Fit Issue,21-10-2025
R03273,O054308,Quality Issue,28-12-2025
R03274,O054320,Changed Mind,19-04-2025
R03275,O054327,Size/Fit Issue,02-05-2025
R03276,O054329,Quality Issue,16-10-2025
R03277,O054368,Size/Fit Issue,09-12-2025
R03278,O054374,Damaged,08-12-2025
R03279,O054403,Damaged,28-06-2026
R03280,O054431,Quality Issue,30-03-2025
R03281,O054440,Quality Issue,01-07-2025
R03282,O054470,Quality Issue,22-01-2026
R03283,O054480,Size/Fit Issue,15-06-2026
R03284,O054490,Changed Mind,14-12-2025
R03285,O054494,Quality Issue,05-12-2025
R03286,O054508,Damaged,28-02-2025
R03287,O054512,Quality Issue,29-12-2025
R03288,O054518,Damaged,13-04-2025
R03289,O054556,Size/Fit Issue,22-03-2025
R03290,O054557,Changed Mind,10-05-2025
R03291,O054574,Damaged,27-01-2026
R03292,O054578,Quality Issue,03-07-2025
R03293,O054595,Changed Mind,04-03-2025
R03294,O054658,Quality Issue,18-05-2026
R03295,O054676,Size/Fit Issue,10-10-2025
R03296,O054688,Late Delivery,27-06-2025
R03297,O054701,Changed Mind,23-10-2025
R03298,O054703,Wrong Item,21-08-2026
R03299,O054717,Late Delivery,21-02-2025
R03300,O054719,Changed Mind,20-01-2026
R03301,O054727,Quality Issue,07-12-2025
R03302,O054759,Quality Issue,01-09-2026
R03303,O054789,Wrong Item,14-02-2026
R03304,O054809,Changed Mind,11-08-2026
R03305,O054875,Late Delivery,04-06-2025
R03306,O054900,Wrong Item,05-11-2025
R03307,O054902,Quality Issue,29-04-2025
R03308,O054910,Quality Issue,22-03-2026
R03309,O054918,Changed Mind,08-04-2026
R03310,O054937,Size/Fit Issue,11-04-2025
R03311,O054977,Quality Issue,10-10-2025
R03312,O054985,Size/Fit Issue,21-09-2025
R03313,O054994,Size/Fit Issue,20-10-2025
R03314,O054999,Size/Fit Issue,08-06-2026
R03315,O055006,Late Delivery,31-01-2026
R03316,O055020,Quality Issue,24-05-2026
R03317,O055045,Quality Issue,25-12-2025
R03318,O055056,Damaged,25-12-2025
R03319,O055090,Wrong Item,08-02-2025
R03320,O055095,Quality Issue,18-03-2026
R03321,O055132,Changed Mind,07-06-2025
R03322,O055140,Changed Mind,25-03-2026
R03323,O055167,Late Delivery,01-04-2025
R03324,O055169,Late Delivery,15-03-2026
R03325,O055182,Size/Fit Issue,13-07-2025
R03326,O055232,Damaged,29-11-2025
R03327,O055250,Quality Issue,27-04-2026
R03328,O055278,Late Delivery,06-09-2025
R03329,O055332,Damaged,22-07-2025
R03330,O055343,Late Delivery,23-03-2025
R03331,O055365,Quality Issue,04-06-2026
R03332,O055378,Wrong Item,03-01-2026
R03333,O055390,Changed Mind,01-07-2026
R03334,O055400,Quality Issue,08-06-2025
R03335,O055412,Size/Fit Issue,25-02-2026
R03336,O055426,Quality Issue,03-08-2026
R03337,O055442,Late Delivery,06-06-2026
R03338,O055457,Late Delivery,01-04-2025
R03339,O055503,Quality Issue,19-05-2026
R03340,O055504,Wrong Item,31-08-2026
R03341,O055535,Size/Fit Issue,17-04-2025
R03342,O055576,Quality Issue,25-01-2026
R03343,O055579,Late Delivery,29-07-2026
R03344,O055584,Size/Fit Issue,01-07-2025
R03345,O055588,Changed Mind,13-12-2025
R03346,O055612,Size/Fit Issue,21-03-2026
R03347,O055618,Size/Fit Issue,09-03-2025
R03348,O055631,Damaged,20-05-2025
R03349,O055641,Wrong Item,29-03-2025
R03350,O055669,Late Delivery,14-05-2025
R03351,O055683,Size/Fit Issue,07-03-2026
R03352,O055741,Damaged,07-02-2025
R03353,O055743,Wrong Item,11-06-2025
R03354,O055744,Size/Fit Issue,22-01-2025
R03355,O055763,Size/Fit Issue,10-09-2025
R03356,O055778,Quality Issue,07-06-2025
R03357,O055801,Size/Fit Issue,12-05-2026
R03358,O055816,Changed Mind,06-10-2025
R03359,O055821,Size/Fit Issue,15-01-2026
R03360,O055830,Quality Issue,07-04-2025
R03361,O055839,Size/Fit Issue,10-12-2025
R03362,O055846,Changed Mind,29-03-2025
R03363,O055848,Quality Issue,02-11-2025
R03364,O055924,Size/Fit Issue,23-10-2025
R03365,O055927,Size/Fit Issue,28-07-2026
R03366,O055942,Damaged,02-02-2025
R03367,O055946,Damaged,19-02-2025
R03368,O055957,Quality Issue,08-08-2025
R03369,O055978,Changed Mind,05-04-2026
R03370,O056012,Changed Mind,04-06-2026
R03371,O056056,Size/Fit Issue,01-02-2025
R03372,O056060,Wrong Item,12-12-2025
R03373,O056084,Wrong Item,31-01-2025
R03374,O056086,Late Delivery,12-05-2026
R03375,O056100,Late Delivery,14-03-2025
R03376,O056105,Wrong Item,18-12-2025
R03377,O056108,Late Delivery,15-08-2025
R03378,O056114,Wrong Item,13-01-2025
R03379,O056144,Wrong Item,06-08-2025
R03380,O056160,Wrong Item,16-09-2025
R03381,O056193,Quality Issue,21-06-2025
R03382,O056194,Quality Issue,19-12-2025
R03383,O056233,Changed Mind,30-04-2026
R03384,O056244,Size/Fit Issue,04-12-2025
R03385,O056260,Size/Fit Issue,23-05-2025
R03386,O056272,Wrong Item,24-01-2026
R03387,O056278,Late Delivery,06-02-2026
R03388,O056297,Wrong Item,14-05-2025
R03389,O056309,Wrong Item,19-02-2025
R03390,O056311,Changed Mind,04-01-2026
R03391,O056313,Size/Fit Issue,17-05-2025
R03392,O056328,Damaged,06-06-2026
R03393,O056337,Late Delivery,19-07-2026
R03394,O056352,Damaged,16-05-2026
R03395,O056353,Quality Issue,11-07-2025
R03396,O056361,Damaged,31-07-2025
R03397,O056366,Damaged,24-01-2025
R03398,O056377,Size/Fit Issue,21-08-2025
R03399,O056391,Changed Mind,17-02-2025
R03400,O056422,Changed Mind,05-04-2025
R03401,O056426,Late Delivery,10-04-2026
R03402,O056457,Changed Mind,12-03-2025
R03403,O056484,Damaged,04-07-2026
R03404,O056489,Wrong Item,25-09-2025
R03405,O056490,Wrong Item,26-04-2026
R03406,O056508,Damaged,09-10-2025
R03407,O056527,Late Delivery,06-05-2025
R03408,O056573,Quality Issue,22-09-2025
R03409,O056578,Changed Mind,10-04-2026
R03410,O056585,Wrong Item,14-05-2026
R03411,O056590,Quality Issue,13-04-2025
R03412,O056592,Late Delivery,29-12-2025
R03413,O056595,Late Delivery,07-05-2026
R03414,O056608,Size/Fit Issue,02-05-2026
R03415,O056609,Quality Issue,01-02-2025
R03416,O056656,Size/Fit Issue,24-07-2026
R03417,O056657,Damaged,20-03-2026
R03418,O056681,Quality Issue,20-06-2025
R03419,O056692,Wrong Item,15-03-2025
R03420,O056695,Size/Fit Issue,26-09-2025
R03421,O056741,Wrong Item,04-08-2026
R03422,O056743,Size/Fit Issue,24-08-2025
R03423,O056753,Late Delivery,16-02-2026
R03424,O056767,Damaged,28-06-2025
R03425,O056786,Damaged,16-02-2026
R03426,O056793,Wrong Item,09-12-2025
R03427,O056799,Size/Fit Issue,30-06-2026
R03428,O056828,Wrong Item,04-05-2026
R03429,O056830,Quality Issue,06-02-2025
R03430,O056831,Changed Mind,09-01-2026
R03431,O056843,Damaged,12-01-2026
R03432,O056855,Quality Issue,19-03-2025
R03433,O056865,Changed Mind,19-01-2026
R03434,O056911,Wrong Item,25-06-2026
R03435,O056923,Damaged,14-12-2025
R03436,O056943,Quality Issue,08-09-2026
R03437,O056945,Wrong Item,29-07-2025
R03438,O056952,Wrong Item,18-12-2025
R03439,O056974,Late Delivery,11-02-2025
R03440,O056982,Damaged,08-08-2025
R03441,O056985,Size/Fit Issue,26-03-2026
R03442,O057009,Damaged,04-11-2025
R03443,O057031,Quality Issue,17-04-2026
R03444,O057059,Size/Fit Issue,25-03-2025
R03445,O057066,Late Delivery,16-10-2025
R03446,O057090,Size/Fit Issue,27-04-2026
R03447,O057100,Damaged,28-02-2025
R03448,O057117,Changed Mind,11-02-2026
R03449,O057131,Size/Fit Issue,03-03-2025
R03450,O057140,Late Delivery,03-04-2026
R03451,O057160,Quality Issue,06-12-2025
R03452,O057161,Quality Issue,05-06-2026
R03453,O057168,Size/Fit Issue,01-07-2026
R03454,O057178,Size/Fit Issue,24-08-2025
R03455,O057179,Size/Fit Issue,12-12-2025
R03456,O057186,Quality Issue,14-12-2025
R03457,O057191,Changed Mind,29-07-2026
R03458,O057198,Changed Mind,07-01-2026
R03459,O057236,Late Delivery,18-08-2026
R03460,O057238,Damaged,05-04-2025
R03461,O057251,Quality Issue,18-07-2026
R03462,O057260,Quality Issue,13-11-2025
R03463,O057264,Quality Issue,05-01-2026
R03464,O057270,Size/Fit Issue,25-08-2025
R03465,O057300,Quality Issue,19-04-2026
R03466,O057326,Quality Issue,02-08-2026
R03467,O057338,Wrong Item,06-03-2026
R03468,O057344,Wrong Item,08-04-2026
R03469,O057345,Damaged,29-04-2025
R03470,O057347,Damaged,25-01-2026
R03471,O057387,Changed Mind,11-03-2025
R03472,O057399,Late Delivery,24-05-2026
R03473,O057422,Late Delivery,01-04-2025
R03474,O057428,Quality Issue,07-05-2026
R03475,O057431,Damaged,20-10-2025
R03476,O057451,Late Delivery,06-08-2026
R03477,O057471,Quality Issue,09-06-2026
R03478,O057484,Quality Issue,29-03-2025
R03479,O057492,Quality Issue,06-09-2025
R03480,O057500,Size/Fit Issue,16-05-2026
R03481,O057526,Size/Fit Issue,06-12-2025
R03482,O057534,Changed Mind,03-01-2026
R03483,O057552,Changed Mind,12-07-2025
R03484,O057588,Quality Issue,26-01-2025
R03485,O057607,Damaged,06-03-2026
R03486,O057608,Quality Issue,02-04-2026
R03487,O057621,Quality Issue,24-03-2025
R03488,O057631,Wrong Item,26-07-2025
R03489,O057640,Late Delivery,16-05-2025
R03490,O057647,Damaged,25-05-2025
R03491,O057661,Size/Fit Issue,10-09-2025
R03492,O057680,Quality Issue,03-04-2026
R03493,O057690,Damaged,18-11-2025
R03494,O057694,Quality Issue,08-03-2026
R03495,O057696,Damaged,25-01-2025
R03496,O057715,Late Delivery,15-11-2025
R03497,O057723,Wrong Item,16-09-2025
R03498,O057728,Late Delivery,27-04-2026
R03499,O057747,Damaged,30-03-2025
R03500,O057753,Late Delivery,05-05-2026
R03501,O057766,Damaged,28-05-2025
R03502,O057801,Quality Issue,27-03-2026
R03503,O057816,Size/Fit Issue,19-05-2025
R03504,O057841,Damaged,19-07-2026
R03505,O057844,Late Delivery,05-03-2025
R03506,O057881,Size/Fit Issue,21-07-2026
R03507,O057888,Late Delivery,16-04-2026
R03508,O057911,Quality Issue,06-02-2026
R03509,O057913,Size/Fit Issue,20-08-2025
R03510,O057917,Quality Issue,16-06-2025
R03511,O057924,Wrong Item,16-09-2025
R03512,O057950,Size/Fit Issue,02-08-2026
R03513,O057957,Damaged,27-10-2025
R03514,O057964,Wrong Item,18-04-2026
R03515,O057968,Late Delivery,02-02-2026
R03516,O057971,Size/Fit Issue,06-04-2025
R03517,O058027,Size/Fit Issue,05-10-2025
R03518,O058051,Size/Fit Issue,28-06-2025
R03519,O058062,Size/Fit Issue,04-06-2025
R03520,O058064,Changed Mind,25-07-2026
R03521,O058088,Size/Fit Issue,10-03-2025
R03522,O058101,Quality Issue,24-10-2025
R03523,O058154,Size/Fit Issue,20-04-2026
R03524,O058176,Damaged,12-02-2026
R03525,O058177,Changed Mind,22-08-2026
R03526,O058201,Quality Issue,22-05-2026
R03527,O058224,Quality Issue,23-09-2025
R03528,O058236,Changed Mind,04-04-2026
R03529,O058256,Damaged,15-07-2025
R03530,O058277,Damaged,21-09-2025
R03531,O058278,Damaged,12-03-2026
R03532,O058308,Late Delivery,07-09-2025
R03533,O058329,Quality Issue,10-09-2025
R03534,O058354,Size/Fit Issue,23-04-2026
R03535,O058387,Size/Fit Issue,06-10-2025
R03536,O058395,Size/Fit Issue,23-07-2026
R03537,O058421,Changed Mind,30-06-2025
R03538,O058452,Late Delivery,01-01-2026
R03539,O058454,Wrong Item,11-12-2025
R03540,O058458,Size/Fit Issue,12-08-2025
R03541,O058472,Wrong Item,23-08-2026
R03542,O058476,Damaged,12-12-2025
R03543,O058487,Quality Issue,18-01-2025
R03544,O058490,Wrong Item,14-05-2026
R03545,O058526,Size/Fit Issue,25-01-2026
R03546,O058534,Quality Issue,29-03-2026
R03547,O058541,Size/Fit Issue,06-09-2025
R03548,O058545,Late Delivery,26-07-2025
R03549,O058559,Quality Issue,10-07-2026
R03550,O058582,Late Delivery,16-11-2025
R03551,O058615,Quality Issue,10-02-2026
R03552,O058620,Damaged,06-04-2025
R03553,O058631,Wrong Item,11-02-2026
R03554,O058644,Size/Fit Issue,16-01-2025
R03555,O058661,Damaged,29-01-2025
R03556,O058739,Changed Mind,14-06-2025
R03557,O058742,Quality Issue,22-03-2025
R03558,O058772,Damaged,14-04-2026
R03559,O058805,Size/Fit Issue,04-09-2026
R03560,O058809,Late Delivery,10-04-2025
R03561,O058847,Changed Mind,25-01-2026
R03562,O058855,Late Delivery,31-01-2026
R03563,O058872,Changed Mind,26-02-2026
R03564,O058875,Wrong Item,07-04-2026
R03565,O058885,Wrong Item,04-02-2026
R03566,O058889,Changed Mind,10-01-2026
R03567,O058923,Size/Fit Issue,23-10-2025
R03568,O058952,Size/Fit Issue,30-03-2026
R03569,O058955,Quality Issue,20-11-2025
R03570,O058967,Damaged,20-04-2025
R03571,O058991,Damaged,25-06-2026
R03572,O059015,Wrong Item,23-02-2026
R03573,O059053,Damaged,18-03-2025
R03574,O059080,Quality Issue,17-11-2025
R03575,O059086,Size/Fit Issue,20-02-2026
R03576,O059100,Late Delivery,10-07-2025
R03577,O059121,Quality Issue,05-07-2026
R03578,O059156,Size/Fit Issue,24-02-2026
R03579,O059203,Quality Issue,06-07-2026
R03580,O059212,Size/Fit Issue,23-02-2025
R03581,O059214,Size/Fit Issue,12-09-2025
R03582,O059217,Size/Fit Issue,24-09-2025
R03583,O059218,Wrong Item,20-03-2025
R03584,O059236,Size/Fit Issue,23-03-2026
R03585,O059266,Size/Fit Issue,21-01-2026
R03586,O059279,Late Delivery,07-08-2025
R03587,O059296,Size/Fit Issue,06-07-2025
R03588,O059306,Late Delivery,24-08-2026
R03589,O059310,Wrong Item,11-08-2026
R03590,O059357,Quality Issue,26-11-2025
R03591,O059361,Late Delivery,24-07-2026
R03592,O059372,Size/Fit Issue,13-04-2025
R03593,O059397,Size/Fit Issue,14-01-2026
R03594,O059409,Size/Fit Issue,23-10-2025
R03595,O059425,Late Delivery,21-08-2025
R03596,O059447,Size/Fit Issue,20-11-2025
R03597,O059448,Quality Issue,16-12-2025
R03598,O059449,Damaged,14-07-2025
R03599,O059457,Quality Issue,28-01-2026
R03600,O059460,Damaged,26-03-2026
R03601,O059483,Damaged,13-11-2025
R03602,O059494,Wrong Item,04-11-2025
R03603,O059539,Changed Mind,11-04-2025
R03604,O059541,Size/Fit Issue,11-10-2025
R03605,O059549,Wrong Item,06-01-2026
R03606,O059558,Quality Issue,16-08-2025
R03607,O059564,Wrong Item,03-09-2026
R03608,O059597,Changed Mind,29-08-2026
R03609,O059672,Size/Fit Issue,28-03-2025
R03610,O059690,Size/Fit Issue,15-05-2026
R03611,O059696,Damaged,09-03-2025
R03612,O059719,Size/Fit Issue,24-02-2025
R03613,O059720,Changed Mind,10-06-2026
R03614,O059725,Late Delivery,08-02-2026
R03615,O059740,Size/Fit Issue,24-03-2025
R03616,O059747,Wrong Item,02-11-2025
R03617,O059781,Quality Issue,16-01-2026
R03618,O059804,Quality Issue,18-07-2025
R03619,O059830,Late Delivery,08-07-2025
R03620,O059843,Size/Fit Issue,23-03-2025
R03621,O059856,Quality Issue,12-02-2026
R03622,O059870,Quality Issue,09-06-2025
R03623,O059901,Size/Fit Issue,02-03-2026
R03624,O059904,Damaged,28-07-2026
R03625,O059906,Changed Mind,11-06-2025
R03626,O059935,Wrong Item,14-07-2025
R03627,O059988,Late Delivery,18-07-2026
R03628,O060006,Late Delivery,09-08-2025
R03629,O060024,Size/Fit Issue,18-06-2025
R03630,O060036,Quality Issue,09-05-2026
R03631,O060045,Changed Mind,04-01-2026
R03632,O060064,Late Delivery,07-07-2025
R03633,O060067,Damaged,22-03-2025
R03634,O060069,Size/Fit Issue,30-05-2026
R03635,O060070,Size/Fit Issue,05-02-2026
R03636,O060082,Size/Fit Issue,24-12-2025
R03637,O060088,Changed Mind,21-02-2026
R03638,O060110,Quality Issue,16-03-2025
R03639,O060135,Wrong Item,08-06-2025
R03640,O060188,Size/Fit Issue,12-06-2025
R03641,O060200,Damaged,10-07-2025
R03642,O060217,Wrong Item,28-10-2025
R03643,O060230,Size/Fit Issue,10-04-2025
R03644,O060245,Late Delivery,13-07-2025
R03645,O060272,Damaged,29-05-2026
R03646,O060279,Damaged,22-03-2025
R03647,O060293,Late Delivery,03-07-2025
R03648,O060299,Wrong Item,14-05-2025
R03649,O060302,Quality Issue,25-01-2025
R03650,O060311,Quality Issue,18-05-2026
R03651,O060357,Changed Mind,23-08-2025
R03652,O060409,Wrong Item,04-07-2025
R03653,O060417,Changed Mind,10-02-2025
R03654,O060423,Wrong Item,27-01-2026
R03655,O060432,Size/Fit Issue,17-05-2026
R03656,O060465,Late Delivery,03-08-2025
R03657,O060490,Late Delivery,08-01-2026
R03658,O060512,Quality Issue,29-03-2025
R03659,O060514,Changed Mind,09-05-2026
R03660,O060518,Late Delivery,20-06-2025
R03661,O060554,Changed Mind,05-08-2026
R03662,O060574,Size/Fit Issue,13-09-2025
R03663,O060577,Wrong Item,01-03-2025
R03664,O060583,Wrong Item,05-06-2026
R03665,O060606,Quality Issue,04-04-2025
R03666,O060614,Wrong Item,04-05-2026
R03667,O060619,Size/Fit Issue,18-07-2026
R03668,O060628,Size/Fit Issue,20-02-2026
R03669,O060639,Size/Fit Issue,08-08-2025
R03670,O060670,Size/Fit Issue,26-02-2026
R03671,O060686,Wrong Item,12-06-2025
R03672,O060688,Wrong Item,20-01-2026
R03673,O060715,Late Delivery,11-03-2026
R03674,O060721,Quality Issue,23-11-2025
R03675,O060730,Size/Fit Issue,02-08-2026
R03676,O060747,Damaged,01-12-2025
R03677,O060763,Wrong Item,08-10-2025
R03678,O060808,Size/Fit Issue,23-06-2025
R03679,O060854,Quality Issue,20-04-2026
R03680,O060879,Late Delivery,12-06-2025
R03681,O060962,Damaged,21-08-2025
R03682,O060963,Wrong Item,13-08-2025
R03683,O060995,Damaged,14-01-2025
R03684,O061010,Wrong Item,14-12-2025
R03685,O061035,Quality Issue,11-03-2026
R03686,O061047,Size/Fit Issue,18-11-2025
R03687,O061078,Late Delivery,25-05-2026
R03688,O061087,Quality Issue,06-04-2026
R03689,O061091,Late Delivery,10-05-2026
R03690,O061143,Quality Issue,31-08-2025
R03691,O061194,Size/Fit Issue,06-05-2025
R03692,O061197,Changed Mind,20-05-2026
R03693,O061206,Quality Issue,20-06-2026
R03694,O061249,Damaged,12-01-2026
R03695,O061250,Late Delivery,16-06-2026
R03696,O061281,Damaged,31-10-2025
R03697,O061287,Size/Fit Issue,22-06-2026
R03698,O061292,Size/Fit Issue,20-03-2026
R03699,O061293,Changed Mind,28-06-2025
R03700,O061302,Changed Mind,31-12-2025
R03701,O061303,Damaged,26-08-2025
R03702,O061329,Damaged,25-08-2026
R03703,O061357,Damaged,21-11-2025
R03704,O061362,Changed Mind,21-02-2025
R03705,O061376,Quality Issue,06-05-2025
R03706,O061383,Changed Mind,17-02-2025
R03707,O061428,Late Delivery,15-03-2026
R03708,O061434,Size/Fit Issue,24-01-2026
R03709,O061450,Damaged,12-06-2025
R03710,O061486,Wrong Item,07-04-2026
R03711,O061515,Quality Issue,25-03-2026
R03712,O061530,Wrong Item,14-06-2026
R03713,O061537,Quality Issue,20-10-2025
R03714,O061552,Wrong Item,22-02-2025
R03715,O061569,Late Delivery,03-10-2025
R03716,O061575,Wrong Item,22-07-2026
R03717,O061577,Size/Fit Issue,30-01-2025
R03718,O061580,Changed Mind,20-02-2026
R03719,O061586,Damaged,14-06-2026
R03720,O061611,Damaged,09-11-2025
R03721,O061623,Size/Fit Issue,15-04-2025
R03722,O061634,Late Delivery,11-07-2025
R03723,O061639,Late Delivery,08-03-2026
R03724,O061665,Wrong Item,03-03-2026
R03725,O061677,Changed Mind,30-03-2026
R03726,O061681,Wrong Item,01-09-2025
R03727,O061693,Late Delivery,13-05-2025
R03728,O061707,Late Delivery,07-11-2025
R03729,O061718,Size/Fit Issue,03-01-2026
R03730,O061734,Changed Mind,25-05-2025
R03731,O061760,Quality Issue,22-07-2026
R03732,O061778,Damaged,29-11-2025
R03733,O061819,Damaged,09-04-2025
R03734,O061822,Late Delivery,28-02-2025
R03735,O061823,Damaged,28-03-2026
R03736,O061845,Size/Fit Issue,08-06-2026
R03737,O061848,Late Delivery,20-03-2026
R03738,O061879,Wrong Item,17-02-2026
R03739,O061886,Size/Fit Issue,16-12-2025
R03740,O061888,Wrong Item,09-01-2025
R03741,O061898,Late Delivery,17-06-2025
R03742,O061899,Size/Fit Issue,28-10-2025
R03743,O061925,Wrong Item,14-06-2026
R03744,O061949,Size/Fit Issue,15-11-2025
R03745,O061964,Damaged,05-06-2025
R03746,O062043,Size/Fit Issue,26-05-2025
R03747,O062044,Wrong Item,06-10-2025
R03748,O062103,Changed Mind,29-12-2025
R03749,O062123,Damaged,20-06-2025
R03750,O062177,Damaged,17-11-2025
R03751,O062200,Damaged,29-04-2026
R03752,O062214,Quality Issue,17-05-2026
R03753,O062219,Quality Issue,07-01-2025
R03754,O062232,Damaged,07-04-2025
R03755,O062240,Wrong Item,24-02-2026
R03756,O062246,Late Delivery,28-07-2025
R03757,O062274,Quality Issue,01-02-2026
R03758,O062288,Damaged,06-11-2025
R03759,O062301,Quality Issue,20-09-2025
R03760,O062330,Damaged,03-06-2026
R03761,O062348,Size/Fit Issue,22-06-2026
R03762,O062367,Quality Issue,15-10-2025
R03763,O062368,Size/Fit Issue,22-03-2026
R03764,O062371,Quality Issue,04-06-2025
R03765,O062388,Quality Issue,15-11-2025
R03766,O062399,Size/Fit Issue,22-06-2026
R03767,O062402,Damaged,03-04-2026
R03768,O062439,Quality Issue,17-06-2025
R03769,O062442,Quality Issue,07-12-2025
R03770,O062445,Size/Fit Issue,25-05-2026
R03771,O062471,Late Delivery,16-12-2025
R03772,O062519,Damaged,18-02-2025
R03773,O062521,Quality Issue,31-05-2026
R03774,O062532,Size/Fit Issue,01-02-2026
R03775,O062541,Damaged,08-03-2025
R03776,O062557,Size/Fit Issue,30-11-2025
R03777,O062606,Quality Issue,15-02-2025
R03778,O062643,Late Delivery,24-12-2025
R03779,O062664,Quality Issue,03-07-2025
R03780,O062667,Late Delivery,21-05-2026
R03781,O062672,Changed Mind,14-10-2025
R03782,O062673,Changed Mind,18-06-2025
R03783,O062701,Late Delivery,28-05-2025
R03784,O062705,Size/Fit Issue,01-03-2025
R03785,O062707,Damaged,11-12-2025
R03786,O062724,Wrong Item,02-03-2025
R03787,O062750,Damaged,04-06-2025
R03788,O062755,Size/Fit Issue,06-06-2026
R03789,O062791,Changed Mind,09-05-2026
R03790,O062824,Wrong Item,11-02-2025
R03791,O062868,Late Delivery,17-04-2026
R03792,O062870,Changed Mind,26-05-2025
R03793,O062877,Changed Mind,18-05-2025
R03794,O062882,Late Delivery,14-06-2025
R03795,O062890,Changed Mind,19-07-2026
R03796,O062918,Size/Fit Issue,17-10-2025
R03797,O062932,Changed Mind,17-06-2026
R03798,O062940,Size/Fit Issue,21-09-2025
R03799,O062943,Wrong Item,08-07-2025
R03800,O062948,Quality Issue,09-07-2026
R03801,O062972,Size/Fit Issue,05-08-2025
R03802,O062978,Size/Fit Issue,25-05-2025
R03803,O063014,Damaged,04-08-2025
R03804,O063036,Size/Fit Issue,21-04-2026
R03805,O063043,Quality Issue,19-08-2026
R03806,O063092,Damaged,05-03-2025
R03807,O063199,Damaged,04-12-2025
R03808,O063202,Size/Fit Issue,13-04-2025
R03809,O063205,Size/Fit Issue,11-11-2025
R03810,O063206,Quality Issue,19-02-2025
R03811,O063220,Damaged,05-06-2025
R03812,O063235,Quality Issue,08-03-2025
R03813,O063252,Wrong Item,01-03-2025
R03814,O063256,Damaged,23-08-2025
R03815,O063269,Late Delivery,16-04-2025
R03816,O063303,Damaged,10-04-2025
R03817,O063350,Wrong Item,04-10-2025
R03818,O063385,Size/Fit Issue,13-01-2025
R03819,O063390,Size/Fit Issue,04-04-2026
R03820,O063417,Wrong Item,03-03-2025
R03821,O063434,Wrong Item,21-07-2025
R03822,O063440,Size/Fit Issue,26-02-2026
R03823,O063494,Size/Fit Issue,24-09-2025
R03824,O063502,Changed Mind,28-08-2025
R03825,O063516,Quality Issue,11-10-2025
R03826,O063521,Size/Fit Issue,10-01-2026
R03827,O063536,Quality Issue,14-08-2026
R03828,O063547,Size/Fit Issue,23-07-2026
R03829,O063576,Size/Fit Issue,04-06-2026
R03830,O063590,Changed Mind,06-05-2026
R03831,O063591,Quality Issue,01-07-2025
R03832,O063605,Changed Mind,12-04-2026
R03833,O063606,Late Delivery,08-05-2025
R03834,O063637,Damaged,20-09-2025
R03835,O063644,Size/Fit Issue,02-06-2026
R03836,O063645,Size/Fit Issue,07-12-2025
R03837,O063650,Wrong Item,11-07-2025
R03838,O063706,Late Delivery,23-06-2026
R03839,O063758,Size/Fit Issue,05-05-2026
R03840,O063767,Damaged,28-01-2026
R03841,O063780,Late Delivery,15-03-2026
R03842,O063793,Damaged,31-12-2025
R03843,O063854,Size/Fit Issue,10-09-2026
R03844,O063867,Wrong Item,05-05-2025
R03845,O063880,Quality Issue,18-10-2025
R03846,O063919,Size/Fit Issue,16-04-2025
R03847,O063940,Changed Mind,23-06-2025
R03848,O063941,Quality Issue,19-09-2025
R03849,O063952,Late Delivery,13-02-2026
R03850,O063954,Changed Mind,15-03-2026
R03851,O063963,Quality Issue,06-05-2025
R03852,O063981,Quality Issue,02-05-2026
R03853,O064042,Late Delivery,30-04-2025
R03854,O064044,Late Delivery,23-04-2026
R03855,O064047,Size/Fit Issue,24-07-2026
R03856,O064051,Wrong Item,27-05-2025
R03857,O064059,Size/Fit Issue,06-06-2026
R03858,O064093,Size/Fit Issue,17-06-2026
R03859,O064128,Size/Fit Issue,11-11-2025
R03860,O064131,Size/Fit Issue,14-02-2026
R03861,O064177,Quality Issue,21-06-2025
R03862,O064191,Damaged,20-09-2025
R03863,O064203,Size/Fit Issue,03-05-2026
R03864,O064204,Quality Issue,08-06-2026
R03865,O064207,Size/Fit Issue,26-11-2025
R03866,O064216,Changed Mind,19-08-2025
R03867,O064244,Quality Issue,31-01-2025
R03868,O064276,Late Delivery,30-01-2025
R03869,O064287,Changed Mind,21-01-2026
R03870,O064295,Late Delivery,23-05-2026
R03871,O064316,Damaged,24-08-2025
R03872,O064334,Size/Fit Issue,06-06-2026
R03873,O064344,Quality Issue,22-10-2025
R03874,O064365,Quality Issue,07-02-2025
R03875,O064371,Quality Issue,03-05-2025
R03876,O064378,Quality Issue,01-07-2026
R03877,O064381,Size/Fit Issue,25-08-2025
R03878,O064405,Changed Mind,22-05-2025
R03879,O064436,Size/Fit Issue,07-09-2026
R03880,O064452,Size/Fit Issue,24-07-2026
R03881,O064475,Late Delivery,06-09-2026
R03882,O064477,Quality Issue,27-04-2026
R03883,O064495,Quality Issue,19-06-2026
R03884,O064540,Wrong Item,17-08-2025
R03885,O064552,Changed Mind,23-02-2026
R03886,O064557,Damaged,19-01-2025
R03887,O064561,Quality Issue,15-08-2025
R03888,O064596,Quality Issue,25-02-2025
R03889,O064599,Quality Issue,01-02-2026
R03890,O064629,Size/Fit Issue,28-03-2025
R03891,O064648,Late Delivery,16-08-2025
R03892,O064683,Wrong Item,22-09-2025
R03893,O064747,Changed Mind,30-10-2025
R03894,O064752,Damaged,15-09-2025
R03895,O064765,Changed Mind,25-01-2025
R03896,O064785,Wrong Item,06-05-2025
R03897,O064793,Size/Fit Issue,08-07-2025
R03898,O064812,Wrong Item,28-08-2025
R03899,O064815,Damaged,11-08-2025
R03900,O064817,Size/Fit Issue,07-05-2026
R03901,O064835,Quality Issue,01-11-2025
R03902,O064853,Size/Fit Issue,15-01-2026
R03903,O064870,Changed Mind,10-06-2025
R03904,O064878,Damaged,27-05-2026
R03905,O064884,Size/Fit Issue,22-12-2025
R03906,O064898,Wrong Item,25-03-2026
R03907,O064917,Quality Issue,05-09-2026
R03908,O064928,Size/Fit Issue,24-05-2025
R03909,O064980,Size/Fit Issue,10-12-2025
R03910,O064992,Quality Issue,29-12-2025
R03911,O065022,Quality Issue,22-11-2025
R03912,O065036,Late Delivery,17-04-2025
R03913,O065059,Late Delivery,17-11-2025
R03914,O065080,Late Delivery,30-04-2025
R03915,O065100,Quality Issue,09-03-2025
R03916,O065101,Size/Fit Issue,27-04-2026
R03917,O065106,Size/Fit Issue,29-08-2026
R03918,O065111,Changed Mind,10-10-2025
R03919,O065168,Late Delivery,20-05-2025
R03920,O065183,Quality Issue,18-08-2025
R03921,O065198,Changed Mind,16-03-2025
R03922,O065203,Size/Fit Issue,18-04-2026
R03923,O065229,Damaged,09-12-2025
R03924,O065240,Damaged,28-01-2026
R03925,O065259,Late Delivery,25-10-2025
R03926,O065272,Late Delivery,09-06-2025
R03927,O065300,Late Delivery,19-10-2025
R03928,O065349,Late Delivery,18-06-2026
R03929,O065378,Damaged,19-02-2025
R03930,O065394,Damaged,17-04-2026
R03931,O065396,Changed Mind,30-06-2025
R03932,O065405,Late Delivery,12-03-2026
R03933,O065444,Late Delivery,17-03-2026
R03934,O065472,Size/Fit Issue,11-07-2025
R03935,O065520,Wrong Item,17-05-2025
R03936,O065529,Quality Issue,18-07-2026
R03937,O065531,Size/Fit Issue,28-02-2026
R03938,O065550,Quality Issue,06-07-2025
R03939,O065564,Late Delivery,19-01-2025
R03940,O065572,Wrong Item,29-01-2026
R03941,O065573,Wrong Item,27-07-2025
R03942,O065591,Size/Fit Issue,21-05-2026
R03943,O065596,Damaged,19-12-2025
R03944,O065610,Quality Issue,11-10-2025
R03945,O065627,Late Delivery,08-02-2025
R03946,O065638,Late Delivery,09-05-2025
R03947,O065657,Wrong Item,14-03-2025
R03948,O065667,Damaged,26-11-2025
R03949,O065681,Changed Mind,25-03-2026
R03950,O065684,Late Delivery,08-11-2025
R03951,O065688,Changed Mind,02-05-2026
R03952,O065689,Late Delivery,15-06-2025
R03953,O065707,Late Delivery,13-12-2025
R03954,O065717,Late Delivery,10-02-2026
R03955,O065751,Quality Issue,26-01-2025
R03956,O065753,Quality Issue,05-07-2025
R03957,O065785,Changed Mind,18-02-2025
R03958,O065855,Damaged,21-02-2025
R03959,O065876,Size/Fit Issue,07-04-2026
R03960,O065879,Damaged,02-11-2025
R03961,O065910,Late Delivery,07-03-2025
R03962,O065921,Size/Fit Issue,24-02-2025
R03963,O065973,Changed Mind,09-08-2025
R03964,O066054,Size/Fit Issue,28-08-2026
R03965,O066058,Size/Fit Issue,16-02-2025
R03966,O066081,Damaged,19-05-2025
R03967,O066085,Changed Mind,18-09-2025
R03968,O066090,Size/Fit Issue,08-11-2025
R03969,O066096,Late Delivery,09-04-2025
R03970,O066103,Damaged,20-02-2025
R03971,O066104,Size/Fit Issue,26-11-2025
R03972,O066121,Damaged,22-01-2025
R03973,O066141,Damaged,14-06-2026
R03974,O066146,Size/Fit Issue,28-08-2026
R03975,O066154,Size/Fit Issue,03-05-2026
R03976,O066172,Late Delivery,17-05-2026
R03977,O066190,Changed Mind,17-06-2025
R03978,O066192,Late Delivery,15-07-2025
R03979,O066210,Size/Fit Issue,12-05-2026
R03980,O066238,Quality Issue,17-03-2025
R03981,O066250,Damaged,07-05-2026
R03982,O066260,Wrong Item,05-07-2025
R03983,O066271,Wrong Item,27-10-2025
R03984,O066280,Late Delivery,25-01-2026
R03985,O066327,Damaged,31-08-2025
R03986,O066350,Wrong Item,30-08-2025
R03987,O066409,Size/Fit Issue,31-08-2026
R03988,O066412,Damaged,04-04-2026
R03989,O066432,Damaged,26-05-2026
R03990,O066441,Wrong Item,20-08-2026
R03991,O066455,Changed Mind,28-05-2025
R03992,O066462,Quality Issue,07-12-2025
R03993,O066466,Damaged,06-02-2026
R03994,O066473,Size/Fit Issue,11-01-2026
R03995,O066484,Wrong Item,16-04-2025
R03996,O066485,Wrong Item,19-05-2025
R03997,O066488,Damaged,09-01-2026
R03998,O066504,Wrong Item,21-12-2025
R03999,O066515,Size/Fit Issue,21-01-2025
R04000,O066526,Late Delivery,24-09-2025
R04001,O066538,Quality Issue,20-06-2026
R04002,O066571,Wrong Item,19-04-2026
R04003,O066590,Quality Issue,21-04-2025
R04004,O066604,Quality Issue,15-01-2025
R04005,O066619,Quality Issue,29-07-2025
R04006,O066621,Quality Issue,19-07-2025
R04007,O066633,Changed Mind,08-10-2025
R04008,O066637,Quality Issue,29-05-2026
R04009,O066656,Late Delivery,04-02-2025
R04010,O066679,Size/Fit Issue,29-03-2026
R04011,O066721,Damaged,11-05-2025
R04012,O066723,Quality Issue,11-06-2026
R04013,O066729,Size/Fit Issue,04-07-2025
R04014,O066750,Quality Issue,03-01-2026
R04015,O066756,Quality Issue,22-05-2025
R04016,O066761,Changed Mind,03-07-2026
R04017,O066773,Late Delivery,30-11-2025
R04018,O066783,Wrong Item,18-06-2025
R04019,O066813,Changed Mind,02-09-2025
R04020,O066815,Wrong Item,27-02-2026
R04021,O066822,Damaged,20-02-2025
R04022,O066842,Damaged,18-05-2026
R04023,O066868,Size/Fit Issue,12-06-2025
R04024,O066895,Quality Issue,24-05-2026
R04025,O066915,Wrong Item,13-04-2025
R04026,O066924,Size/Fit Issue,03-04-2026
R04027,O066925,Late Delivery,21-06-2025
R04028,O066932,Quality Issue,30-05-2025
R04029,O066944,Changed Mind,13-09-2025
R04030,O066954,Late Delivery,02-06-2026
R04031,O067029,Quality Issue,21-04-2025
R04032,O067030,Quality Issue,03-08-2026
R04033,O067059,Size/Fit Issue,19-03-2025
R04034,O067114,Damaged,03-02-2026
R04035,O067142,Damaged,21-10-2025
R04036,O067151,Quality Issue,18-12-2025
R04037,O067160,Damaged,07-03-2025
R04038,O067162,Changed Mind,19-04-2025
R04039,O067191,Changed Mind,12-10-2025
R04040,O067201,Changed Mind,17-01-2025
R04041,O067202,Wrong Item,15-08-2026
R04042,O067230,Quality Issue,18-05-2026
R04043,O067250,Size/Fit Issue,23-04-2026
R04044,O067298,Size/Fit Issue,19-08-2026
R04045,O067304,Wrong Item,22-04-2026
R04046,O067326,Size/Fit Issue,11-06-2025
R04047,O067327,Size/Fit Issue,06-02-2025
R04048,O067357,Quality Issue,19-04-2025
R04049,O067367,Wrong Item,07-10-2025
R04050,O067376,Damaged,23-01-2026
R04051,O067425,Damaged,01-11-2025
R04052,O067433,Size/Fit Issue,28-01-2026
R04053,O067439,Quality Issue,16-02-2026
R04054,O067445,Changed Mind,22-02-2026
R04055,O067456,Damaged,08-11-2025
R04056,O067491,Quality Issue,27-12-2025
R04057,O067530,Size/Fit Issue,18-03-2025
R04058,O067570,Quality Issue,02-05-2025
R04059,O067604,Damaged,18-11-2025
R04060,O067642,Size/Fit Issue,21-12-2025
R04061,O067653,Late Delivery,23-08-2025
R04062,O067661,Size/Fit Issue,20-09-2025
R04063,O067664,Wrong Item,12-05-2026
R04064,O067689,Changed Mind,04-06-2025
R04065,O067728,Wrong Item,28-03-2025
R04066,O067729,Changed Mind,04-01-2026
R04067,O067736,Size/Fit Issue,29-08-2026
R04068,O067748,Quality Issue,01-05-2026
R04069,O067751,Quality Issue,18-07-2026
R04070,O067752,Changed Mind,28-02-2025
R04071,O067753,Size/Fit Issue,13-02-2025
R04072,O067785,Wrong Item,28-08-2026
R04073,O067794,Changed Mind,15-03-2026
R04074,O067799,Late Delivery,04-07-2026
R04075,O067814,Quality Issue,08-01-2026
R04076,O067817,Quality Issue,17-01-2026
R04077,O067851,Changed Mind,17-08-2026
R04078,O067891,Size/Fit Issue,19-12-2025
R04079,O067906,Wrong Item,14-01-2025
R04080,O067907,Damaged,28-09-2025
R04081,O067918,Changed Mind,13-08-2025
R04082,O067928,Late Delivery,17-06-2026
R04083,O067945,Changed Mind,21-12-2025
R04084,O067948,Quality Issue,04-05-2026
R04085,O067963,Quality Issue,01-07-2025
R04086,O067990,Size/Fit Issue,22-02-2025
R04087,O067999,Changed Mind,08-04-2026
R04088,O068007,Size/Fit Issue,15-04-2026
R04089,O068013,Wrong Item,12-04-2025
R04090,O068035,Damaged,09-06-2025
R04091,O068058,Size/Fit Issue,18-06-2026
R04092,O068064,Wrong Item,03-05-2026
R04093,O068101,Quality Issue,27-04-2026
R04094,O068120,Size/Fit Issue,15-05-2026
R04095,O068131,Quality Issue,19-06-2025
R04096,O068145,Wrong Item,14-12-2025
R04097,O068175,Size/Fit Issue,02-07-2026
R04098,O068187,Quality Issue,09-08-2026
R04099,O068189,Late Delivery,21-05-2025
R04100,O068218,Size/Fit Issue,22-05-2025
R04101,O068243,Changed Mind,01-02-2026
R04102,O068262,Damaged,08-09-2025
R04103,O068271,Changed Mind,31-01-2026
R04104,O068283,Size/Fit Issue,11-02-2026
R04105,O068314,Damaged,14-10-2025
R04106,O068318,Quality Issue,12-07-2025
R04107,O068325,Quality Issue,14-03-2025
R04108,O068341,Quality Issue,17-06-2026
R04109,O068345,Quality Issue,11-12-2025
R04110,O068359,Late Delivery,17-09-2025
R04111,O068371,Quality Issue,16-10-2025
R04112,O068376,Damaged,26-01-2025
R04113,O068418,Quality Issue,14-02-2026
R04114,O068428,Size/Fit Issue,24-08-2026
R04115,O068451,Size/Fit Issue,02-12-2025
R04116,O068474,Quality Issue,09-04-2026
R04117,O068475,Size/Fit Issue,12-01-2026
R04118,O068494,Size/Fit Issue,02-08-2025
R04119,O068502,Size/Fit Issue,02-05-2025
R04120,O068541,Damaged,10-01-2025
R04121,O068546,Quality Issue,11-08-2025
R04122,O068554,Late Delivery,05-05-2026
R04123,O068568,Wrong Item,09-04-2026
R04124,O068571,Damaged,18-03-2025
R04125,O068575,Quality Issue,09-01-2025
R04126,O068609,Size/Fit Issue,04-03-2026
R04127,O068643,Damaged,31-03-2025
R04128,O068681,Late Delivery,19-09-2025
R04129,O068693,Wrong Item,23-05-2025
R04130,O068752,Late Delivery,09-03-2026
R04131,O068754,Wrong Item,30-01-2025
R04132,O068756,Damaged,20-07-2026
R04133,O068767,Wrong Item,30-11-2025
R04134,O068796,Quality Issue,17-02-2026
R04135,O068797,Damaged,29-12-2025
R04136,O068803,Size/Fit Issue,07-08-2026
R04137,O068863,Quality Issue,06-06-2025
R04138,O068870,Damaged,21-12-2025
R04139,O068875,Changed Mind,14-08-2026
R04140,O068890,Size/Fit Issue,07-09-2026
R04141,O068939,Size/Fit Issue,11-08-2025
R04142,O068943,Damaged,14-05-2025
R04143,O068960,Damaged,07-01-2025
R04144,O068996,Late Delivery,21-05-2025
R04145,O069003,Quality Issue,05-01-2026
R04146,O069005,Size/Fit Issue,19-08-2026
R04147,O069011,Size/Fit Issue,16-05-2025
R04148,O069012,Damaged,07-11-2025
R04149,O069040,Late Delivery,03-06-2025
R04150,O069083,Size/Fit Issue,17-08-2025
R04151,O069090,Changed Mind,11-07-2025
R04152,O069102,Wrong Item,15-06-2025
R04153,O069117,Quality Issue,06-03-2026
R04154,O069121,Wrong Item,31-03-2025
R04155,O069172,Size/Fit Issue,30-07-2026
R04156,O069181,Quality Issue,30-01-2026
R04157,O069187,Damaged,06-07-2026
R04158,O069200,Size/Fit Issue,15-05-2026
R04159,O069202,Size/Fit Issue,20-10-2025
R04160,O069220,Quality Issue,26-02-2026
R04161,O069223,Changed Mind,08-05-2025
R04162,O069240,Quality Issue,12-11-2025
R04163,O069242,Quality Issue,12-09-2025
R04164,O069286,Wrong Item,11-06-2025
R04165,O069303,Size/Fit Issue,17-01-2026
R04166,O069306,Quality Issue,19-05-2025
R04167,O069310,Size/Fit Issue,04-07-2025
R04168,O069317,Changed Mind,16-04-2025
R04169,O069318,Size/Fit Issue,10-07-2025
R04170,O069326,Damaged,13-05-2025
R04171,O069343,Size/Fit Issue,26-05-2025
R04172,O069353,Quality Issue,03-03-2025
R04173,O069360,Wrong Item,01-06-2026
R04174,O069365,Size/Fit Issue,22-02-2026
R04175,O069369,Wrong Item,07-01-2026
R04176,O069396,Wrong Item,20-03-2025
R04177,O069408,Changed Mind,14-03-2025
R04178,O069422,Size/Fit Issue,03-02-2025
R04179,O069426,Quality Issue,28-10-2025
R04180,O069454,Damaged,10-03-2025
R04181,O069457,Wrong Item,03-05-2025
R04182,O069483,Quality Issue,25-07-2026
R04183,O069546,Damaged,19-06-2025
R04184,O069574,Wrong Item,16-05-2026
R04185,O069616,Quality Issue,23-06-2025
R04186,O069650,Size/Fit Issue,30-03-2026
R04187,O069709,Size/Fit Issue,11-07-2025
R04188,O069720,Quality Issue,21-02-2026
R04189,O069739,Quality Issue,10-05-2025
R04190,O069760,Wrong Item,13-10-2025
R04191,O069764,Wrong Item,05-01-2025
R04192,O069774,Size/Fit Issue,31-01-2026
R04193,O069832,Changed Mind,27-01-2026
R04194,O069836,Changed Mind,19-05-2025
R04195,O069852,Size/Fit Issue,07-08-2025
R04196,O069855,Quality Issue,28-01-2025
R04197,O069858,Wrong Item,17-05-2025
R04198,O069874,Changed Mind,03-02-2025
R04199,O069876,Changed Mind,24-08-2026
R04200,O069888,Size/Fit Issue,24-07-2025
R04201,O069901,Late Delivery,05-03-2026
R04202,O069913,Damaged,29-07-2026
R04203,O069915,Changed Mind,17-02-2025
R04204,O069929,Size/Fit Issue,24-12-2025
R04205,O069955,Damaged,17-04-2026
R04206,O069971,Size/Fit Issue,08-06-2026
R04207,O069977,Quality Issue,23-02-2026
R04208,O069983,Late Delivery,17-12-2025
R04209,O070000,Late Delivery,19-05-2026
R04210,O070002,Size/Fit Issue,21-08-2026
R04211,O070035,Size/Fit Issue,24-07-2025
R04212,O070066,Quality Issue,06-06-2026
R04213,O070076,Size/Fit Issue,06-08-2025
R04214,O070087,Quality Issue,09-05-2026
R04215,O070089,Size/Fit Issue,28-07-2025
R04216,O070095,Late Delivery,12-06-2025
R04217,O070124,Changed Mind,30-01-2025
R04218,O070135,Wrong Item,28-09-2025
R04219,O070152,Quality Issue,15-01-2026
R04220,O070172,Wrong Item,24-11-2025
R04221,O070173,Late Delivery,29-09-2025
R04222,O070198,Quality Issue,23-02-2026
R04223,O070210,Damaged,03-02-2026
R04224,O070215,Wrong Item,02-01-2025
R04225,O070223,Size/Fit Issue,30-07-2026
R04226,O070225,Quality Issue,29-12-2025
R04227,O070248,Damaged,26-11-2025
R04228,O070282,Quality Issue,16-08-2026
R04229,O070298,Size/Fit Issue,06-02-2026
R04230,O070338,Damaged,20-11-2025
R04231,O070358,Late Delivery,19-12-2025
R04232,O070375,Damaged,10-01-2025
R04233,O070415,Late Delivery,04-02-2025
R04234,O070418,Damaged,26-03-2025
R04235,O070428,Size/Fit Issue,11-09-2026
R04236,O070431,Changed Mind,25-01-2026
R04237,O070445,Changed Mind,18-10-2025
R04238,O070459,Damaged,26-05-2026
R04239,O070464,Quality Issue,24-02-2025
R04240,O070479,Size/Fit Issue,16-12-2025
R04241,O070481,Wrong Item,10-03-2026
R04242,O070487,Late Delivery,04-03-2026
R04243,O070491,Wrong Item,06-03-2025
R04244,O070503,Size/Fit Issue,18-04-2025
R04245,O070523,Late Delivery,07-11-2025
R04246,O070570,Size/Fit Issue,03-08-2025
R04247,O070587,Damaged,11-06-2025
R04248,O070600,Damaged,21-01-2025
R04249,O070606,Quality Issue,16-02-2025
R04250,O070667,Late Delivery,25-07-2026
R04251,O070695,Damaged,25-02-2025
R04252,O070696,Damaged,28-03-2025
R04253,O070734,Damaged,30-09-2025
R04254,O070761,Quality Issue,13-11-2025
R04255,O070769,Size/Fit Issue,28-11-2025
R04256,O070770,Quality Issue,21-07-2026
R04257,O070832,Changed Mind,26-06-2025
R04258,O070836,Size/Fit Issue,15-08-2026
R04259,O070840,Damaged,07-06-2025
R04260,O070845,Wrong Item,15-06-2025
R04261,O070868,Wrong Item,21-04-2025
R04262,O070883,Wrong Item,17-05-2025
R04263,O070884,Late Delivery,26-03-2026
R04264,O070905,Late Delivery,17-04-2025
R04265,O070920,Changed Mind,02-02-2026
R04266,O070953,Damaged,14-03-2025
R04267,O070956,Wrong Item,19-11-2025
R04268,O070965,Changed Mind,14-07-2026
R04269,O070972,Quality Issue,23-09-2025
R04270,O070973,Damaged,16-04-2025
R04271,O070980,Size/Fit Issue,15-03-2026
R04272,O070984,Changed Mind,23-02-2026
R04273,O071056,Late Delivery,15-12-2025
R04274,O071068,Damaged,15-12-2025
R04275,O071069,Wrong Item,29-01-2026
R04276,O071098,Quality Issue,10-01-2026
R04277,O071116,Damaged,24-04-2025
R04278,O071143,Damaged,10-01-2025
R04279,O071149,Changed Mind,04-12-2025
R04280,O071170,Wrong Item,02-08-2026
R04281,O071204,Wrong Item,13-12-2025
R04282,O071214,Wrong Item,03-11-2025
R04283,O071219,Wrong Item,08-10-2025
R04284,O071240,Late Delivery,21-11-2025
R04285,O071243,Size/Fit Issue,22-12-2025
R04286,O071248,Wrong Item,07-10-2025
R04287,O071273,Quality Issue,26-01-2026
R04288,O071285,Quality Issue,13-10-2025
R04289,O071340,Wrong Item,23-12-2025
R04290,O071344,Size/Fit Issue,17-01-2025
R04291,O071385,Size/Fit Issue,31-05-2026
R04292,O071396,Changed Mind,15-11-2025
R04293,O071406,Size/Fit Issue,19-05-2025
R04294,O071411,Size/Fit Issue,10-04-2025
R04295,O071425,Size/Fit Issue,01-07-2025
R04296,O071451,Changed Mind,26-05-2026
R04297,O071503,Quality Issue,27-06-2025
R04298,O071525,Changed Mind,10-08-2025
R04299,O071555,Size/Fit Issue,13-08-2025
R04300,O071566,Late Delivery,22-01-2026
R04301,O071579,Size/Fit Issue,05-06-2026
R04302,O071580,Late Delivery,24-02-2026
R04303,O071588,Damaged,13-07-2025
R04304,O071604,Damaged,08-08-2026
R04305,O071613,Size/Fit Issue,15-09-2025
R04306,O071629,Changed Mind,19-04-2026
R04307,O071633,Quality Issue,01-07-2025
R04308,O071640,Wrong Item,09-05-2025
R04309,O071645,Changed Mind,06-05-2025
R04310,O071653,Size/Fit Issue,02-02-2026
R04311,O071678,Damaged,24-10-2025
R04312,O071711,Changed Mind,02-04-2025
R04313,O071725,Size/Fit Issue,08-04-2026
R04314,O071743,Size/Fit Issue,08-05-2026
R04315,O071753,Late Delivery,14-07-2025
R04316,O071754,Size/Fit Issue,26-07-2026
R04317,O071777,Damaged,17-08-2026
R04318,O071783,Size/Fit Issue,17-06-2025
R04319,O071785,Quality Issue,28-04-2025
R04320,O071791,Changed Mind,21-11-2025
R04321,O071795,Wrong Item,11-08-2026
R04322,O071800,Quality Issue,24-05-2026
R04323,O071804,Size/Fit Issue,23-05-2026
R04324,O071818,Size/Fit Issue,22-08-2026
R04325,O071833,Late Delivery,23-02-2025
R04326,O071886,Wrong Item,07-08-2026
R04327,O071903,Late Delivery,29-03-2025
R04328,O071905,Wrong Item,01-01-2026
R04329,O071911,Late Delivery,22-01-2025
R04330,O071915,Size/Fit Issue,01-11-2025
R04331,O071981,Changed Mind,02-12-2025
R04332,O071998,Wrong Item,01-05-2025
R04333,O072012,Quality Issue,02-02-2025
R04334,O072023,Quality Issue,25-01-2025
R04335,O072040,Size/Fit Issue,07-02-2026
R04336,O072075,Changed Mind,14-09-2025
R04337,O072091,Wrong Item,24-07-2025
R04338,O072095,Wrong Item,06-07-2025
R04339,O072101,Changed Mind,22-10-2025
R04340,O072121,Late Delivery,05-12-2025
R04341,O072143,Damaged,25-01-2026
R04342,O072159,Damaged,25-08-2026
R04343,O072166,Changed Mind,13-06-2025
R04344,O072167,Late Delivery,01-01-2026
R04345,O072184,Quality Issue,29-05-2026
R04346,O072196,Quality Issue,20-03-2026
R04347,O072201,Damaged,22-06-2026
R04348,O072216,Damaged,16-11-2025
R04349,O072264,Damaged,18-05-2025
R04350,O072265,Late Delivery,04-01-2025
R04351,O072271,Size/Fit Issue,27-01-2026
R04352,O072288,Damaged,12-08-2025
R04353,O072294,Damaged,12-01-2026
R04354,O072308,Damaged,19-06-2025
R04355,O072327,Size/Fit Issue,27-11-2025
R04356,O072336,Changed Mind,29-04-2025
R04357,O072375,Size/Fit Issue,08-01-2026
R04358,O072378,Quality Issue,01-05-2026
R04359,O072390,Changed Mind,06-01-2026
R04360,O072430,Changed Mind,25-05-2026
R04361,O072452,Quality Issue,15-05-2025
R04362,O072466,Size/Fit Issue,22-06-2026
R04363,O072481,Damaged,07-12-2025
R04364,O072500,Late Delivery,01-06-2026
R04365,O072532,Late Delivery,29-03-2025
R04366,O072536,Damaged,22-08-2025
R04367,O072549,Wrong Item,17-01-2025
R04368,O072550,Changed Mind,27-05-2025
R04369,O072552,Late Delivery,17-02-2026
R04370,O072580,Quality Issue,01-08-2026
R04371,O072600,Size/Fit Issue,15-04-2026
R04372,O072612,Changed Mind,25-12-2025
R04373,O072623,Damaged,23-04-2026
R04374,O072664,Changed Mind,07-01-2026
R04375,O072670,Late Delivery,30-07-2025
R04376,O072671,Late Delivery,20-11-2025
R04377,O072693,Size/Fit Issue,06-12-2025
R04378,O072720,Quality Issue,20-08-2025
R04379,O072730,Changed Mind,19-05-2026
R04380,O072765,Changed Mind,24-09-2025
R04381,O072832,Size/Fit Issue,20-08-2026
R04382,O072835,Wrong Item,26-08-2026
R04383,O072898,Changed Mind,20-05-2026
R04384,O072908,Wrong Item,08-03-2026
R04385,O072914,Size/Fit Issue,09-09-2025
R04386,O072939,Changed Mind,12-05-2026
R04387,O072941,Late Delivery,15-08-2025
R04388,O073009,Size/Fit Issue,11-07-2025
R04389,O073012,Wrong Item,08-04-2026
R04390,O073023,Size/Fit Issue,08-05-2026
R04391,O073026,Late Delivery,22-07-2025
R04392,O073034,Size/Fit Issue,20-01-2026
R04393,O073057,Damaged,12-02-2026
R04394,O073058,Damaged,19-07-2026
R04395,O073070,Changed Mind,14-10-2025
R04396,O073082,Size/Fit Issue,04-06-2025
R04397,O073084,Late Delivery,22-05-2026
R04398,O073088,Size/Fit Issue,07-08-2026
R04399,O073125,Size/Fit Issue,14-08-2026
R04400,O073142,Size/Fit Issue,04-03-2025
R04401,O073146,Size/Fit Issue,11-05-2025
R04402,O073167,Late Delivery,09-12-2025
R04403,O073189,Wrong Item,27-11-2025
R04404,O073199,Size/Fit Issue,29-10-2025
R04405,O073204,Wrong Item,12-01-2025
R04406,O073209,Size/Fit Issue,03-04-2025
R04407,O073212,Quality Issue,18-05-2026
R04408,O073249,Wrong Item,08-09-2025
R04409,O073267,Late Delivery,29-09-2025
R04410,O073297,Late Delivery,28-03-2025
R04411,O073315,Size/Fit Issue,17-08-2025
R04412,O073329,Size/Fit Issue,15-09-2025
R04413,O073343,Wrong Item,07-06-2026
R04414,O073360,Damaged,25-10-2025
R04415,O073368,Changed Mind,02-03-2026
R04416,O073379,Size/Fit Issue,24-06-2026
R04417,O073383,Size/Fit Issue,08-08-2025
R04418,O073390,Late Delivery,21-01-2025
R04419,O073391,Damaged,27-11-2025
R04420,O073399,Damaged,27-01-2025
R04421,O073432,Wrong Item,31-10-2025
R04422,O073434,Size/Fit Issue,04-02-2025
R04423,O073441,Changed Mind,15-08-2025
R04424,O073464,Damaged,28-03-2026
R04425,O073471,Quality Issue,30-09-2025
R04426,O073485,Wrong Item,29-10-2025
R04427,O073501,Quality Issue,10-08-2025
R04428,O073502,Damaged,11-07-2026
R04429,O073521,Quality Issue,05-01-2026
R04430,O073523,Size/Fit Issue,13-05-2026
R04431,O073538,Changed Mind,04-05-2026
R04432,O073544,Changed Mind,18-03-2025
R04433,O073549,Changed Mind,20-04-2026
R04434,O073555,Late Delivery,15-05-2026
R04435,O073562,Late Delivery,14-06-2025
R04436,O073636,Quality Issue,01-11-2025
R04437,O073650,Damaged,15-12-2025
R04438,O073679,Size/Fit Issue,09-03-2025
R04439,O073705,Wrong Item,31-07-2025
R04440,O073712,Damaged,08-06-2025
R04441,O073744,Size/Fit Issue,27-06-2026
R04442,O073772,Changed Mind,07-01-2025
R04443,O073777,Size/Fit Issue,27-01-2026
R04444,O073794,Size/Fit Issue,15-03-2025
R04445,O073796,Size/Fit Issue,03-05-2026
R04446,O073817,Damaged,25-03-2025
R04447,O073818,Damaged,09-08-2026
R04448,O073863,Damaged,24-01-2026
R04449,O073879,Late Delivery,25-05-2026
R04450,O073881,Changed Mind,05-08-2025
R04451,O073946,Changed Mind,14-05-2025
R04452,O073957,Damaged,17-08-2025
R04453,O073966,Quality Issue,03-06-2025
R04454,O073968,Wrong Item,12-03-2026
R04455,O074037,Size/Fit Issue,09-05-2025
R04456,O074063,Size/Fit Issue,25-01-2025
R04457,O074075,Size/Fit Issue,24-05-2025
R04458,O074080,Size/Fit Issue,02-11-2025
R04459,O074083,Damaged,07-05-2026
R04460,O074088,Wrong Item,28-04-2025
R04461,O074095,Changed Mind,04-06-2026
R04462,O074129,Quality Issue,21-07-2026
R04463,O074140,Damaged,07-02-2026
R04464,O074142,Damaged,08-05-2026
R04465,O074181,Quality Issue,14-02-2025
R04466,O074211,Quality Issue,15-10-2025
R04467,O074226,Size/Fit Issue,22-10-2025
R04468,O074229,Changed Mind,04-04-2025
R04469,O074239,Wrong Item,02-11-2025
R04470,O074294,Quality Issue,04-03-2025
R04471,O074298,Size/Fit Issue,27-06-2025
R04472,O074304,Size/Fit Issue,14-07-2026
R04473,O074310,Wrong Item,06-02-2025
R04474,O074333,Size/Fit Issue,28-08-2025
R04475,O074339,Wrong Item,25-09-2025
R04476,O074340,Damaged,11-07-2025
R04477,O074365,Damaged,21-04-2025
R04478,O074391,Damaged,28-03-2026
R04479,O074394,Changed Mind,20-02-2026
R04480,O074420,Size/Fit Issue,04-08-2026
R04481,O074429,Size/Fit Issue,18-03-2026
R04482,O074470,Size/Fit Issue,14-08-2025
R04483,O074472,Damaged,28-09-2025
R04484,O074524,Damaged,14-01-2025
R04485,O074537,Late Delivery,16-04-2026
R04486,O074576,Size/Fit Issue,09-05-2026
R04487,O074581,Changed Mind,29-11-2025
R04488,O074620,Quality Issue,09-02-2025
R04489,O074632,Changed Mind,25-07-2026
R04490,O074711,Quality Issue,30-07-2026
R04491,O074729,Size/Fit Issue,05-02-2025
R04492,O074735,Quality Issue,31-01-2026
R04493,O074752,Changed Mind,04-03-2025
R04494,O074773,Wrong Item,25-08-2025
R04495,O074778,Size/Fit Issue,21-02-2025
R04496,O074781,Changed Mind,27-12-2025
R04497,O074782,Quality Issue,23-04-2025
R04498,O074792,Late Delivery,19-05-2025
R04499,O074817,Late Delivery,13-10-2025
R04500,O074820,Late Delivery,27-02-2026
R04501,O074840,Changed Mind,01-02-2026
R04502,O074854,Quality Issue,17-04-2026
R04503,O074875,Size/Fit Issue,18-02-2026
R04504,O074909,Quality Issue,21-01-2026
R04505,O074911,Late Delivery,25-04-2025
R04506,O074917,Size/Fit Issue,11-08-2025
R04507,O074929,Changed Mind,08-12-2025
R04508,O074933,Late Delivery,06-08-2026
R04509,O074940,Late Delivery,23-08-2025
R04510,O074987,Damaged,18-05-2026
R04511,O075016,Changed Mind,16-03-2025
R04512,O075029,Late Delivery,10-07-2025
R04513,O075043,Changed Mind,08-06-2025
R04514,O075044,Quality Issue,18-07-2025
R04515,O075046,Damaged,12-03-2026
R04516,O075048,Quality Issue,06-04-2025
R04517,O075060,Size/Fit Issue,27-09-2025
R04518,O075062,Late Delivery,28-02-2025
R04519,O075063,Changed Mind,24-09-2025
R04520,O075092,Damaged,12-05-2026
R04521,O075101,Damaged,28-10-2025
R04522,O075102,Quality Issue,04-06-2025
R04523,O075161,Damaged,13-04-2025
R04524,O075163,Size/Fit Issue,17-06-2025
R04525,O075174,Size/Fit Issue,10-06-2025
R04526,O075182,Size/Fit Issue,27-08-2026
R04527,O075188,Damaged,19-01-2026
R04528,O075193,Damaged,01-03-2026
R04529,O075197,Changed Mind,06-06-2025
R04530,O075211,Size/Fit Issue,12-02-2025
R04531,O075240,Late Delivery,10-06-2025
R04532,O075249,Size/Fit Issue,02-01-2026
R04533,O075278,Late Delivery,08-06-2025
R04534,O075305,Damaged,10-12-2025
R04535,O075317,Quality Issue,23-04-2026
R04536,O075323,Late Delivery,29-04-2025
R04537,O075334,Late Delivery,13-09-2025
R04538,O075335,Damaged,15-09-2025
R04539,O075357,Changed Mind,30-05-2025
R04540,O075364,Late Delivery,28-03-2025
R04541,O075379,Quality Issue,15-06-2026
R04542,O075401,Changed Mind,20-06-2026
R04543,O075403,Size/Fit Issue,08-02-2026
R04544,O075404,Changed Mind,02-05-2026
R04545,O075435,Damaged,14-06-2025
R04546,O075441,Wrong Item,28-07-2026
R04547,O075461,Wrong Item,20-06-2025
R04548,O075471,Size/Fit Issue,23-05-2025
R04549,O075491,Size/Fit Issue,13-07-2026
R04550,O075495,Damaged,05-01-2026
R04551,O075515,Damaged,23-10-2025
R04552,O075547,Quality Issue,22-07-2026
R04553,O075553,Size/Fit Issue,12-01-2025
R04554,O075597,Size/Fit Issue,21-05-2025
R04555,O075614,Changed Mind,10-05-2025
R04556,O075618,Damaged,11-02-2026
R04557,O075619,Size/Fit Issue,03-06-2025
R04558,O075623,Wrong Item,08-06-2025
R04559,O075647,Late Delivery,16-04-2025
R04560,O075668,Quality Issue,22-07-2025
R04561,O075686,Quality Issue,07-04-2025
R04562,O075688,Wrong Item,21-12-2025
R04563,O075698,Size/Fit Issue,28-04-2026
R04564,O075714,Late Delivery,29-07-2026
R04565,O075731,Late Delivery,13-04-2026
R04566,O075738,Quality Issue,08-02-2025
R04567,O075742,Changed Mind,13-08-2026
R04568,O075778,Quality Issue,01-07-2026
R04569,O075801,Changed Mind,24-05-2026
R04570,O075803,Late Delivery,03-12-2025
R04571,O075819,Changed Mind,27-10-2025
R04572,O075837,Size/Fit Issue,02-02-2026
R04573,O075840,Damaged,10-08-2025
R04574,O075890,Damaged,20-01-2025
R04575,O075891,Wrong Item,27-10-2025
R04576,O075918,Size/Fit Issue,24-01-2026
R04577,O075940,Size/Fit Issue,16-11-2025
R04578,O075997,Size/Fit Issue,10-03-2025
R04579,O076018,Quality Issue,14-01-2026
R04580,O076074,Size/Fit Issue,19-02-2026
R04581,O076094,Changed Mind,16-01-2025
R04582,O076156,Wrong Item,15-07-2026
R04583,O076162,Size/Fit Issue,06-05-2025
R04584,O076167,Size/Fit Issue,13-06-2026
R04585,O076182,Quality Issue,02-11-2025
R04586,O076262,Size/Fit Issue,10-10-2025
R04587,O076285,Size/Fit Issue,01-09-2026
R04588,O076306,Changed Mind,08-12-2025
R04589,O076315,Damaged,04-04-2025
R04590,O076345,Wrong Item,18-07-2026
R04591,O076359,Size/Fit Issue,09-06-2026
R04592,O076364,Late Delivery,04-03-2025
R04593,O076368,Quality Issue,05-05-2025
R04594,O076375,Size/Fit Issue,27-05-2025
R04595,O076382,Wrong Item,08-04-2025
R04596,O076400,Size/Fit Issue,05-05-2025
R04597,O076403,Wrong Item,21-06-2025
R04598,O076446,Wrong Item,01-06-2025
R04599,O076466,Changed Mind,10-05-2025
R04600,O076468,Damaged,27-07-2026
R04601,O076502,Changed Mind,13-07-2025
R04602,O076506,Quality Issue,07-06-2025
R04603,O076507,Late Delivery,06-08-2026
R04604,O076519,Size/Fit Issue,18-08-2025
R04605,O076535,Size/Fit Issue,04-12-2025
R04606,O076554,Quality Issue,24-07-2025
R04607,O076556,Late Delivery,01-06-2025
R04608,O076571,Quality Issue,02-08-2026
R04609,O076598,Damaged,30-08-2025
R04610,O076670,Changed Mind,12-05-2026
R04611,O076683,Wrong Item,20-08-2025
R04612,O076689,Quality Issue,06-12-2025
R04613,O076727,Changed Mind,02-01-2026
R04614,O076739,Wrong Item,05-09-2025
R04615,O076784,Size/Fit Issue,30-05-2025
R04616,O076785,Changed Mind,01-12-2025
R04617,O076793,Wrong Item,15-04-2026
R04618,O076830,Size/Fit Issue,15-05-2025
R04619,O076853,Changed Mind,22-07-2026
R04620,O076856,Late Delivery,07-08-2025
R04621,O076860,Damaged,27-04-2025
R04622,O076875,Changed Mind,15-03-2025
R04623,O076887,Quality Issue,19-04-2026
R04624,O076904,Wrong Item,22-07-2026
R04625,O076911,Quality Issue,27-02-2025
R04626,O076929,Damaged,15-10-2025
R04627,O076945,Quality Issue,16-09-2025
R04628,O076948,Damaged,03-02-2026
R04629,O076964,Size/Fit Issue,30-07-2025
R04630,O077002,Damaged,03-04-2026
R04631,O077012,Size/Fit Issue,23-07-2026
R04632,O077029,Wrong Item,02-12-2025
R04633,O077039,Damaged,07-02-2025
R04634,O077045,Damaged,13-09-2025
R04635,O077064,Late Delivery,07-08-2025
R04636,O077072,Damaged,21-08-2026
R04637,O077074,Wrong Item,11-04-2026
R04638,O077084,Damaged,16-05-2026
R04639,O077099,Quality Issue,11-07-2026
R04640,O077105,Changed Mind,27-01-2026
R04641,O077109,Late Delivery,02-02-2026
R04642,O077116,Size/Fit Issue,26-07-2026
R04643,O077128,Damaged,19-09-2025
R04644,O077141,Size/Fit Issue,20-03-2026
R04645,O077143,Late Delivery,11-01-2025
R04646,O077150,Size/Fit Issue,29-03-2026
R04647,O077151,Changed Mind,02-01-2026
R04648,O077188,Quality Issue,30-03-2025
R04649,O077196,Changed Mind,01-03-2026
R04650,O077212,Late Delivery,17-10-2025
R04651,O077243,Size/Fit Issue,17-07-2026
R04652,O077249,Damaged,12-05-2025
R04653,O077272,Wrong Item,06-10-2025
R04654,O077273,Wrong Item,16-05-2025
R04655,O077274,Quality Issue,20-05-2025
R04656,O077309,Size/Fit Issue,25-06-2025
R04657,O077330,Late Delivery,05-02-2025
R04658,O077340,Size/Fit Issue,09-01-2025
R04659,O077344,Size/Fit Issue,12-03-2025
R04660,O077354,Changed Mind,25-11-2025
R04661,O077357,Wrong Item,13-02-2026
R04662,O077398,Late Delivery,16-08-2026
R04663,O077412,Size/Fit Issue,17-12-2025
R04664,O077426,Late Delivery,23-05-2025
R04665,O077460,Quality Issue,08-02-2025
R04666,O077464,Damaged,03-10-2025
R04667,O077475,Size/Fit Issue,17-03-2025
R04668,O077495,Damaged,26-01-2025
R04669,O077512,Changed Mind,27-04-2025
R04670,O077525,Size/Fit Issue,10-03-2026
R04671,O077532,Wrong Item,09-05-2026
R04672,O077553,Quality Issue,18-12-2025
R04673,O077557,Size/Fit Issue,12-02-2026
R04674,O077575,Late Delivery,03-05-2026
R04675,O077580,Damaged,12-03-2025
R04676,O077584,Wrong Item,25-02-2025
R04677,O077631,Wrong Item,31-03-2026
R04678,O077667,Late Delivery,16-06-2026
R04679,O077669,Size/Fit Issue,03-05-2025
R04680,O077682,Size/Fit Issue,23-08-2025
R04681,O077740,Damaged,20-01-2026
R04682,O077747,Wrong Item,31-08-2026
R04683,O077822,Late Delivery,06-02-2026
R04684,O077829,Size/Fit Issue,27-07-2025
R04685,O077834,Damaged,07-09-2026
R04686,O077850,Damaged,27-05-2026
R04687,O077856,Damaged,11-06-2026
R04688,O077865,Size/Fit Issue,05-04-2025
R04689,O077873,Size/Fit Issue,12-12-2025
R04690,O077927,Changed Mind,16-11-2025
R04691,O077954,Changed Mind,14-04-2025
R04692,O078014,Size/Fit Issue,27-12-2025
R04693,O078025,Wrong Item,01-08-2026
R04694,O078035,Size/Fit Issue,31-03-2026
R04695,O078052,Quality Issue,24-10-2025
R04696,O078058,Damaged,20-04-2025
R04697,O078097,Late Delivery,19-06-2025
R04698,O078102,Late Delivery,29-04-2025
R04699,O078111,Damaged,17-01-2025
R04700,O078135,Late Delivery,09-09-2026
R04701,O078139,Quality Issue,22-06-2026
R04702,O078142,Wrong Item,30-03-2025
R04703,O078159,Wrong Item,06-03-2026
R04704,O078168,Damaged,16-06-2025
R04705,O078177,Changed Mind,03-10-2025
R04706,O078181,Damaged,10-03-2025
R04707,O078208,Damaged,26-07-2025
R04708,O078213,Late Delivery,29-03-2026
R04709,O078228,Quality Issue,05-07-2025
R04710,O078250,Late Delivery,24-06-2025
R04711,O078270,Damaged,17-03-2025
R04712,O078280,Size/Fit Issue,12-11-2025
R04713,O078370,Changed Mind,09-12-2025
R04714,O078379,Damaged,30-07-2025
R04715,O078410,Late Delivery,14-08-2026
R04716,O078461,Size/Fit Issue,14-07-2026
R04717,O078472,Wrong Item,12-03-2025
R04718,O078487,Changed Mind,01-09-2025
R04719,O078492,Changed Mind,27-02-2025
R04720,O078506,Wrong Item,13-11-2025
R04721,O078512,Damaged,08-05-2026
R04722,O078514,Late Delivery,02-02-2025
R04723,O078529,Changed Mind,16-08-2025
R04724,O078540,Size/Fit Issue,08-02-2025
R04725,O078564,Quality Issue,19-02-2025
R04726,O078566,Size/Fit Issue,06-12-2025
R04727,O078586,Size/Fit Issue,04-06-2025
R04728,O078617,Size/Fit Issue,29-08-2026
R04729,O078658,Damaged,28-04-2026
R04730,O078661,Size/Fit Issue,15-03-2026
R04731,O078670,Changed Mind,24-03-2026
R04732,O078718,Size/Fit Issue,21-04-2025
R04733,O078719,Quality Issue,04-08-2025
R04734,O078726,Late Delivery,21-02-2026
R04735,O078733,Size/Fit Issue,16-01-2025
R04736,O078736,Damaged,24-05-2026
R04737,O078779,Wrong Item,25-02-2025
R04738,O078795,Changed Mind,11-02-2026
R04739,O078812,Late Delivery,11-05-2026
R04740,O078826,Damaged,21-07-2026
R04741,O078863,Changed Mind,28-04-2025
R04742,O078882,Size/Fit Issue,19-12-2025
R04743,O078902,Size/Fit Issue,05-04-2025
R04744,O078919,Quality Issue,04-05-2026
R04745,O078924,Damaged,08-02-2026
R04746,O078935,Damaged,07-04-2026
R04747,O078954,Damaged,14-10-2025
R04748,O078992,Late Delivery,17-04-2025
R04749,O079008,Late Delivery,28-01-2025
R04750,O079009,Damaged,20-08-2026
R04751,O079048,Damaged,01-01-2026
R04752,O079075,Quality Issue,29-09-2025
R04753,O079076,Wrong Item,03-07-2025
R04754,O079077,Size/Fit Issue,13-03-2025
R04755,O079078,Size/Fit Issue,19-04-2026
R04756,O079081,Damaged,02-01-2026
R04757,O079103,Wrong Item,07-02-2026
R04758,O079113,Quality Issue,22-03-2025
R04759,O079156,Quality Issue,07-09-2025
R04760,O079161,Quality Issue,04-11-2025
R04761,O079163,Quality Issue,01-02-2026
R04762,O079167,Size/Fit Issue,14-10-2025
R04763,O079168,Late Delivery,10-06-2025
R04764,O079177,Damaged,08-09-2026
R04765,O079222,Size/Fit Issue,25-08-2025
R04766,O079226,Wrong Item,16-10-2025
R04767,O079252,Wrong Item,04-05-2026
R04768,O079273,Quality Issue,23-09-2025
R04769,O079283,Damaged,09-04-2026
R04770,O079340,Wrong Item,24-03-2025
R04771,O079343,Quality Issue,05-10-2025
R04772,O079353,Size/Fit Issue,18-05-2026
R04773,O079360,Size/Fit Issue,26-05-2026
R04774,O079369,Late Delivery,24-03-2026
R04775,O079379,Size/Fit Issue,21-07-2025
R04776,O079380,Size/Fit Issue,18-04-2026
R04777,O079441,Damaged,23-02-2025
R04778,O079461,Quality Issue,29-08-2025
R04779,O079464,Wrong Item,11-01-2026
R04780,O079479,Changed Mind,28-02-2026
R04781,O079513,Late Delivery,11-03-2026
R04782,O079532,Changed Mind,03-06-2025
R04783,O079535,Late Delivery,15-11-2025
R04784,O079603,Wrong Item,10-07-2026
R04785,O079613,Late Delivery,20-02-2026
R04786,O079616,Late Delivery,02-06-2025
R04787,O079642,Size/Fit Issue,14-08-2026
R04788,O079664,Wrong Item,06-04-2025
R04789,O079708,Damaged,08-04-2026
R04790,O079716,Changed Mind,05-07-2026
R04791,O079742,Size/Fit Issue,10-12-2025
R04792,O079765,Quality Issue,27-06-2025
R04793,O079789,Wrong Item,31-08-2026
R04794,O079800,Wrong Item,15-03-2026
R04795,O079840,Size/Fit Issue,05-09-2026
R04796,O079853,Wrong Item,28-10-2025
R04797,O079870,Size/Fit Issue,11-04-2026
R04798,O079880,Wrong Item,15-03-2025
R04799,O079916,Wrong Item,07-04-2025
R04800,O079929,Wrong Item,11-06-2025
R04801,O079944,Damaged,03-01-2026
R04802,O079951,Size/Fit Issue,02-08-2025
R04803,O079953,Changed Mind,13-10-2025
R04804,O079955,Damaged,26-07-2026
R04805,O079982,Wrong Item,15-04-2025
R04806,O080000,Quality Issue,26-06-2025
R04807,O080015,Quality Issue,03-05-2026
R04808,O080025,Late Delivery,13-11-2025
R04809,O080030,Quality Issue,27-03-2025
R04810,O080032,Quality Issue,08-09-2025
R04811,O080050,Wrong Item,28-07-2025
R04812,O080085,Quality Issue,21-05-2025
R04813,O080164,Late Delivery,11-08-2025
R04814,O080165,Late Delivery,31-07-2025
R04815,O080196,Quality Issue,08-02-2026
R04816,O080254,Late Delivery,24-07-2026
R04817,O080272,Quality Issue,22-10-2025
R04818,O080332,Size/Fit Issue,14-03-2025
R04819,O080334,Size/Fit Issue,08-10-2025
R04820,O080356,Quality Issue,24-12-2025
R04821,O080361,Damaged,23-01-2026
R04822,O080433,Late Delivery,22-05-2025
R04823,O080460,Late Delivery,02-06-2026
R04824,O080477,Late Delivery,22-02-2026
R04825,O080502,Late Delivery,14-08-2025
R04826,O080509,Size/Fit Issue,12-03-2026
R04827,O080530,Wrong Item,12-08-2026
R04828,O080545,Quality Issue,06-07-2026
R04829,O080573,Wrong Item,19-01-2025
R04830,O080582,Damaged,04-08-2026
R04831,O080586,Quality Issue,18-05-2025
R04832,O080596,Size/Fit Issue,22-04-2026
R04833,O080605,Late Delivery,17-12-2025
R04834,O080651,Quality Issue,06-10-2025
R04835,O080685,Damaged,27-03-2025
R04836,O080688,Size/Fit Issue,14-11-2025
R04837,O080704,Late Delivery,22-09-2025
R04838,O080719,Wrong Item,14-06-2025
R04839,O080743,Late Delivery,05-09-2026
R04840,O080755,Size/Fit Issue,21-07-2026
R04841,O080779,Late Delivery,20-12-2025
R04842,O080782,Size/Fit Issue,18-02-2025
R04843,O080815,Size/Fit Issue,14-05-2025
R04844,O080845,Wrong Item,19-05-2026
R04845,O080868,Changed Mind,19-04-2026
R04846,O080870,Quality Issue,01-01-2026
R04847,O080912,Size/Fit Issue,26-06-2026
R04848,O080943,Size/Fit Issue,27-07-2026
R04849,O080950,Quality Issue,06-08-2025
R04850,O080984,Quality Issue,18-04-2026
R04851,O081005,Damaged,15-02-2025
R04852,O081023,Size/Fit Issue,07-02-2025
R04853,O081027,Size/Fit Issue,12-06-2025
R04854,O081028,Quality Issue,03-11-2025
R04855,O081031,Size/Fit Issue,05-08-2026
R04856,O081034,Damaged,29-05-2026
R04857,O081036,Quality Issue,29-01-2026
R04858,O081037,Late Delivery,20-04-2025
R04859,O081040,Damaged,14-06-2026
R04860,O081045,Size/Fit Issue,15-09-2025
R04861,O081066,Quality Issue,21-01-2025
R04862,O081084,Late Delivery,09-04-2026
R04863,O081091,Changed Mind,29-08-2026
R04864,O081142,Size/Fit Issue,16-12-2025
R04865,O081162,Size/Fit Issue,23-02-2025
R04866,O081187,Late Delivery,20-01-2026
R04867,O081201,Wrong Item,13-08-2026
R04868,O081225,Size/Fit Issue,18-07-2026
R04869,O081266,Size/Fit Issue,12-12-2025
R04870,O081269,Late Delivery,12-11-2025
R04871,O081280,Changed Mind,23-11-2025
R04872,O081302,Changed Mind,16-02-2025
R04873,O081322,Size/Fit Issue,08-08-2025
R04874,O081325,Damaged,26-08-2025
R04875,O081332,Wrong Item,20-02-2026
R04876,O081334,Late Delivery,18-03-2026
R04877,O081343,Size/Fit Issue,27-06-2026
R04878,O081355,Quality Issue,26-04-2025
R04879,O081378,Quality Issue,06-11-2025
R04880,O081385,Size/Fit Issue,22-07-2025
R04881,O081404,Wrong Item,31-01-2025
R04882,O081424,Wrong Item,23-06-2025
R04883,O081440,Damaged,15-03-2025
R04884,O081463,Late Delivery,24-03-2025
R04885,O081481,Quality Issue,14-03-2025
R04886,O081493,Size/Fit Issue,06-06-2025
R04887,O081507,Size/Fit Issue,02-03-2026
R04888,O081517,Changed Mind,17-10-2025
R04889,O081518,Late Delivery,16-07-2025
R04890,O081521,Size/Fit Issue,15-05-2025
R04891,O081526,Damaged,16-01-2026
R04892,O081549,Size/Fit Issue,06-06-2026
R04893,O081579,Size/Fit Issue,20-06-2026
R04894,O081580,Wrong Item,20-12-2025
R04895,O081583,Wrong Item,18-04-2026
R04896,O081585,Late Delivery,15-08-2025
R04897,O081593,Quality Issue,04-04-2025
R04898,O081595,Damaged,26-04-2025
R04899,O081613,Changed Mind,14-08-2026
R04900,O081637,Wrong Item,05-03-2025
R04901,O081671,Changed Mind,02-04-2025
R04902,O081684,Changed Mind,10-08-2025
R04903,O081687,Quality Issue,12-02-2026
R04904,O081701,Wrong Item,28-06-2025
R04905,O081723,Quality Issue,21-06-2026
R04906,O081734,Size/Fit Issue,18-05-2025
R04907,O081746,Changed Mind,23-02-2025
R04908,O081773,Wrong Item,04-06-2026
R04909,O081797,Quality Issue,15-05-2026
R04910,O081801,Size/Fit Issue,14-04-2025
R04911,O081808,Damaged,01-05-2025
R04912,O081825,Quality Issue,19-01-2026
R04913,O081826,Changed Mind,31-05-2025
R04914,O081836,Changed Mind,24-02-2025
R04915,O081868,Size/Fit Issue,13-03-2025
R04916,O081882,Changed Mind,02-04-2025
R04917,O081946,Damaged,29-12-2025
R04918,O081950,Changed Mind,12-02-2026
R04919,O081967,Late Delivery,16-12-2025
R04920,O081993,Size/Fit Issue,15-08-2026
R04921,O081999,Late Delivery,24-03-2026
R04922,O082010,Size/Fit Issue,21-02-2026
R04923,O082029,Quality Issue,30-03-2025
R04924,O082040,Damaged,21-07-2025
R04925,O082052,Size/Fit Issue,03-06-2025
R04926,O082062,Changed Mind,14-02-2026
R04927,O082073,Quality Issue,21-10-2025
R04928,O082076,Late Delivery,14-11-2025
R04929,O082079,Late Delivery,21-01-2025
R04930,O082084,Late Delivery,21-06-2026
R04931,O082092,Wrong Item,24-03-2025
R04932,O082093,Damaged,29-07-2026
R04933,O082119,Damaged,14-11-2025
R04934,O082135,Damaged,01-04-2026
R04935,O082170,Changed Mind,09-02-2025
R04936,O082191,Quality Issue,10-03-2025
R04937,O082197,Size/Fit Issue,22-01-2026
R04938,O082225,Size/Fit Issue,15-09-2025
R04939,O082277,Quality Issue,13-07-2026
R04940,O082292,Size/Fit Issue,21-07-2026
R04941,O082294,Damaged,24-02-2025
R04942,O082301,Size/Fit Issue,09-08-2026
R04943,O082315,Wrong Item,25-05-2025
R04944,O082325,Changed Mind,21-06-2026
R04945,O082328,Quality Issue,20-06-2025
R04946,O082331,Changed Mind,19-08-2025
R04947,O082333,Size/Fit Issue,22-11-2025
R04948,O082341,Size/Fit Issue,17-04-2025
R04949,O082346,Damaged,06-10-2025
R04950,O082349,Damaged,10-01-2025
R04951,O082371,Quality Issue,21-06-2025
R04952,O082404,Wrong Item,20-08-2025
R04953,O082407,Damaged,01-11-2025
R04954,O082410,Late Delivery,30-04-2026
R04955,O082447,Wrong Item,23-02-2026
R04956,O082465,Late Delivery,17-12-2025
R04957,O082474,Late Delivery,18-04-2026
R04958,O082478,Size/Fit Issue,04-07-2026
R04959,O082510,Size/Fit Issue,04-09-2025
R04960,O082524,Changed Mind,24-06-2025
R04961,O082541,Quality Issue,03-03-2026
R04962,O082548,Damaged,28-12-2025
R04963,O082557,Size/Fit Issue,03-05-2026
R04964,O082566,Late Delivery,06-02-2025
R04965,O082584,Size/Fit Issue,10-02-2026
R04966,O082603,Size/Fit Issue,30-03-2025
R04967,O082605,Quality Issue,02-01-2026
R04968,O082627,Quality Issue,21-06-2026
R04969,O082689,Wrong Item,29-11-2025
R04970,O082704,Size/Fit Issue,10-03-2025
R04971,O082721,Quality Issue,01-05-2025
R04972,O082738,Quality Issue,08-05-2026
R04973,O082744,Damaged,16-04-2026
R04974,O082751,Size/Fit Issue,26-08-2026
R04975,O082757,Size/Fit Issue,28-10-2025
R04976,O082764,Size/Fit Issue,28-04-2025
R04977,O082768,Size/Fit Issue,20-12-2025
R04978,O082821,Damaged,08-05-2026
R04979,O082823,Late Delivery,26-01-2026
R04980,O082838,Damaged,25-07-2025
R04981,O082886,Size/Fit Issue,17-06-2026
R04982,O082887,Quality Issue,28-11-2025
R04983,O082944,Quality Issue,17-07-2025
R04984,O082974,Late Delivery,13-02-2025
R04985,O082988,Quality Issue,13-06-2025
R04986,O082999,Late Delivery,02-08-2026
R04987,O083027,Late Delivery,29-04-2026
R04988,O083047,Size/Fit Issue,08-01-2026
R04989,O083050,Changed Mind,27-04-2025
R04990,O083056,Size/Fit Issue,26-04-2025
R04991,O083067,Size/Fit Issue,09-11-2025
R04992,O083078,Size/Fit Issue,07-02-2026
R04993,O083096,Quality Issue,14-11-2025
R04994,O083111,Late Delivery,07-12-2025
R04995,O083125,Wrong Item,25-03-2026
R04996,O083129,Wrong Item,28-12-2025
R04997,O083135,Changed Mind,03-10-2025
R04998,O083141,Damaged,21-07-2025
R04999,O083146,Size/Fit Issue,11-02-2025
R05000,O083159,Late Delivery,30-10-2025
R05001,O083161,Wrong Item,19-09-2025
R05002,O083175,Changed Mind,11-08-2026
R05003,O083190,Size/Fit Issue,11-08-2026
R05004,O083201,Damaged,22-06-2026
R05005,O083204,Quality Issue,08-02-2025
R05006,O083218,Changed Mind,07-07-2025
R05007,O083224,Quality Issue,17-05-2026
R05008,O083228,Damaged,04-01-2026
R05009,O083238,Late Delivery,24-04-2025
R05010,O083253,Quality Issue,11-03-2025
R05011,O083256,Size/Fit Issue,11-05-2026
R05012,O083262,Size/Fit Issue,05-05-2025
R05013,O083272,Size/Fit Issue,12-02-2025
R05014,O083310,Wrong Item,29-07-2025
R05015,O083317,Size/Fit Issue,23-03-2026
R05016,O083318,Late Delivery,06-03-2026
R05017,O083327,Late Delivery,24-03-2025
R05018,O083331,Damaged,17-08-2026
R05019,O083340,Quality Issue,20-02-2026
R05020,O083362,Late Delivery,09-09-2025
R05021,O083364,Late Delivery,15-12-2025
R05022,O083405,Size/Fit Issue,21-08-2025
R05023,O083411,Wrong Item,28-04-2025
R05024,O083419,Changed Mind,27-05-2025
R05025,O083421,Damaged,25-09-2025
R05026,O083450,Late Delivery,28-03-2025
R05027,O083482,Wrong Item,01-08-2025
R05028,O083511,Size/Fit Issue,30-06-2025
R05029,O083516,Late Delivery,26-08-2025
R05030,O083530,Size/Fit Issue,01-10-2025
R05031,O083531,Size/Fit Issue,24-06-2026
R05032,O083536,Damaged,27-09-2025
R05033,O083552,Quality Issue,15-06-2025
R05034,O083566,Size/Fit Issue,04-08-2025
R05035,O083598,Size/Fit Issue,11-10-2025
R05036,O083605,Damaged,14-10-2025
R05037,O083607,Size/Fit Issue,03-05-2025
R05038,O083610,Size/Fit Issue,28-07-2026
R05039,O083636,Late Delivery,18-07-2026
R05040,O083643,Changed Mind,14-06-2026
R05041,O083645,Damaged,21-07-2025
R05042,O083648,Changed Mind,12-10-2025
R05043,O083666,Late Delivery,25-07-2025
R05044,O083685,Changed Mind,16-11-2025
R05045,O083702,Wrong Item,07-11-2025
R05046,O083715,Size/Fit Issue,26-05-2025
R05047,O083730,Wrong Item,11-03-2026
R05048,O083732,Size/Fit Issue,23-06-2026
R05049,O083734,Damaged,17-05-2025
R05050,O083740,Quality Issue,23-09-2025
R05051,O083748,Wrong Item,04-03-2026
R05052,O083789,Quality Issue,20-11-2025
R05053,O083819,Wrong Item,04-09-2026
R05054,O083837,Size/Fit Issue,18-07-2026
R05055,O083853,Quality Issue,29-01-2026
R05056,O083866,Changed Mind,27-04-2025
R05057,O083888,Damaged,12-08-2026
R05058,O083902,Size/Fit Issue,27-07-2025
R05059,O083910,Damaged,05-04-2025
R05060,O083913,Damaged,03-12-2025
R05061,O083915,Wrong Item,02-03-2026
R05062,O083933,Changed Mind,08-11-2025
R05063,O083946,Quality Issue,18-04-2025
R05064,O083967,Wrong Item,28-11-2025
R05065,O083998,Damaged,11-06-2026
R05066,O084000,Size/Fit Issue,03-06-2026
R05067,O084030,Size/Fit Issue,04-04-2025
R05068,O084031,Late Delivery,25-03-2025
R05069,O084042,Quality Issue,03-10-2025
R05070,O084043,Quality Issue,09-06-2026
R05071,O084059,Size/Fit Issue,20-03-2025
R05072,O084082,Size/Fit Issue,19-08-2026
R05073,O084088,Quality Issue,05-01-2026
R05074,O084089,Changed Mind,17-03-2025
R05075,O084134,Late Delivery,03-10-2025
R05076,O084142,Wrong Item,24-07-2025
R05077,O084175,Size/Fit Issue,16-12-2025
R05078,O084186,Damaged,21-08-2025
R05079,O084219,Damaged,09-05-2025
R05080,O084258,Changed Mind,20-01-2026
R05081,O084270,Quality Issue,06-05-2026
R05082,O084272,Changed Mind,10-04-2026
R05083,O084276,Quality Issue,14-01-2025
R05084,O084278,Quality Issue,16-02-2026
R05085,O084297,Damaged,02-10-2025
R05086,O084306,Late Delivery,14-08-2026
R05087,O084321,Wrong Item,08-07-2026
R05088,O084324,Damaged,10-05-2026
R05089,O084363,Quality Issue,19-04-2026
R05090,O084372,Damaged,18-01-2025
R05091,O084374,Size/Fit Issue,07-04-2026
R05092,O084401,Size/Fit Issue,04-08-2025
R05093,O084415,Size/Fit Issue,12-04-2025
R05094,O084430,Size/Fit Issue,21-08-2025
R05095,O084444,Damaged,28-02-2025
R05096,O084522,Size/Fit Issue,31-07-2026
R05097,O084537,Quality Issue,14-09-2025
R05098,O084542,Size/Fit Issue,20-05-2026
R05099,O084566,Size/Fit Issue,10-04-2025
R05100,O084608,Size/Fit Issue,11-01-2026
R05101,O084632,Late Delivery,07-02-2026
R05102,O084639,Size/Fit Issue,05-03-2026
R05103,O084640,Changed Mind,04-08-2026
R05104,O084660,Size/Fit Issue,13-08-2026
R05105,O084665,Late Delivery,11-10-2025
R05106,O084682,Size/Fit Issue,24-04-2025
R05107,O084699,Late Delivery,06-10-2025
R05108,O084716,Late Delivery,04-02-2025
R05109,O084756,Damaged,25-05-2025
R05110,O084761,Quality Issue,28-04-2025
R05111,O084812,Damaged,06-04-2026
R05112,O084854,Damaged,12-04-2026
R05113,O084868,Damaged,11-07-2026
R05114,O084881,Quality Issue,29-05-2026
R05115,O084899,Quality Issue,08-03-2026
R05116,O084938,Quality Issue,08-05-2025
R05117,O084948,Quality Issue,09-05-2026
R05118,O084957,Size/Fit Issue,18-05-2026
R05119,O084964,Wrong Item,07-12-2025
R05120,O084966,Wrong Item,05-10-2025
R05121,O084975,Changed Mind,20-01-2025
R05122,O084990,Quality Issue,17-04-2025
R05123,O085003,Size/Fit Issue,21-06-2026
R05124,O085028,Wrong Item,23-07-2026
R05125,O085032,Wrong Item,10-07-2026
R05126,O085044,Damaged,16-08-2025
R05127,O085052,Wrong Item,18-06-2025
R05128,O085092,Size/Fit Issue,27-12-2025
R05129,O085103,Wrong Item,05-07-2025
R05130,O085152,Size/Fit Issue,04-07-2026
R05131,O085158,Size/Fit Issue,01-04-2025
R05132,O085172,Late Delivery,05-10-2025
R05133,O085184,Size/Fit Issue,10-07-2025
R05134,O085218,Wrong Item,14-05-2025
R05135,O085226,Quality Issue,01-05-2025
R05136,O085243,Late Delivery,13-02-2025
R05137,O085267,Damaged,25-03-2026
R05138,O085307,Size/Fit Issue,04-08-2025
R05139,O085321,Wrong Item,03-03-2025
R05140,O085329,Quality Issue,07-04-2026
R05141,O085378,Late Delivery,15-08-2026
R05142,O085379,Wrong Item,26-04-2026
R05143,O085447,Late Delivery,31-07-2025
R05144,O085471,Damaged,17-03-2026
R05145,O085491,Wrong Item,24-06-2025
R05146,O085495,Damaged,12-01-2026
R05147,O085498,Damaged,26-02-2025
R05148,O085533,Size/Fit Issue,16-01-2026
R05149,O085554,Quality Issue,10-06-2026
R05150,O085556,Damaged,22-04-2026
R05151,O085558,Quality Issue,28-04-2025
R05152,O085569,Size/Fit Issue,13-07-2025
R05153,O085593,Size/Fit Issue,15-04-2026
R05154,O085635,Quality Issue,12-11-2025
R05155,O085664,Quality Issue,29-04-2025
R05156,O085677,Quality Issue,27-04-2026
R05157,O085689,Changed Mind,27-04-2026
R05158,O085721,Size/Fit Issue,22-01-2025
R05159,O085741,Wrong Item,26-03-2025
R05160,O085767,Size/Fit Issue,08-08-2025
R05161,O085768,Changed Mind,03-05-2025
R05162,O085833,Damaged,09-02-2026
R05163,O085853,Late Delivery,06-04-2025
R05164,O085865,Damaged,25-04-2026
R05165,O085866,Size/Fit Issue,15-10-2025
R05166,O085943,Damaged,21-01-2025
R05167,O085958,Size/Fit Issue,04-06-2025
R05168,O085978,Late Delivery,25-06-2025
R05169,O086004,Changed Mind,30-08-2025
R05170,O086005,Changed Mind,22-01-2026
R05171,O086030,Quality Issue,19-03-2025
R05172,O086057,Quality Issue,31-03-2026
R05173,O086103,Late Delivery,23-04-2025
R05174,O086122,Damaged,11-01-2025
R05175,O086134,Size/Fit Issue,11-01-2026
R05176,O086148,Wrong Item,12-08-2025
R05177,O086207,Size/Fit Issue,29-12-2025
R05178,O086216,Late Delivery,07-05-2026
R05179,O086235,Changed Mind,16-06-2025
R05180,O086256,Size/Fit Issue,03-08-2025
R05181,O086260,Late Delivery,25-06-2026
R05182,O086276,Damaged,12-06-2026
R05183,O086306,Size/Fit Issue,14-01-2026
R05184,O086323,Changed Mind,04-11-2025
R05185,O086324,Late Delivery,20-05-2025
R05186,O086326,Wrong Item,01-12-2025
R05187,O086346,Changed Mind,27-05-2026
R05188,O086347,Changed Mind,09-10-2025
R05189,O086363,Damaged,18-06-2026
R05190,O086404,Size/Fit Issue,28-04-2026
R05191,O086462,Wrong Item,19-07-2025
R05192,O086470,Size/Fit Issue,07-06-2026
R05193,O086475,Quality Issue,05-02-2026
R05194,O086501,Size/Fit Issue,05-11-2025
R05195,O086533,Size/Fit Issue,21-04-2025
R05196,O086542,Late Delivery,10-03-2025
R05197,O086549,Wrong Item,29-07-2026
R05198,O086552,Late Delivery,17-11-2025
R05199,O086581,Size/Fit Issue,06-10-2025
R05200,O086586,Damaged,12-03-2026
R05201,O086593,Changed Mind,12-08-2026
R05202,O086617,Wrong Item,07-02-2025
R05203,O086674,Late Delivery,27-11-2025
R05204,O086682,Size/Fit Issue,06-04-2025
R05205,O086693,Changed Mind,06-08-2026
R05206,O086731,Changed Mind,20-05-2026
R05207,O086739,Wrong Item,06-05-2026
R05208,O086744,Wrong Item,25-01-2026
R05209,O086765,Damaged,23-08-2026
R05210,O086784,Quality Issue,08-10-2025
R05211,O086803,Size/Fit Issue,01-04-2025
R05212,O086806,Changed Mind,09-03-2025
R05213,O086823,Damaged,03-02-2025
R05214,O086859,Wrong Item,21-03-2025
R05215,O086885,Quality Issue,13-06-2025
R05216,O086895,Late Delivery,27-09-2025
R05217,O086900,Changed Mind,29-12-2025
R05218,O086906,Changed Mind,11-04-2025
R05219,O086916,Size/Fit Issue,23-01-2025
R05220,O086937,Size/Fit Issue,03-05-2025
R05221,O086958,Wrong Item,04-12-2025
R05222,O086969,Changed Mind,07-01-2026
R05223,O086978,Wrong Item,22-01-2025
R05224,O087007,Wrong Item,24-06-2026
R05225,O087008,Quality Issue,02-07-2026
R05226,O087026,Damaged,28-08-2026
R05227,O087038,Quality Issue,30-12-2025
R05228,O087048,Damaged,21-09-2025
R05229,O087054,Size/Fit Issue,14-06-2026
R05230,O087058,Size/Fit Issue,22-08-2026
R05231,O087062,Wrong Item,08-03-2025
R05232,O087077,Quality Issue,09-03-2026
R05233,O087124,Wrong Item,19-09-2025
R05234,O087166,Quality Issue,19-12-2025
R05235,O087174,Late Delivery,10-01-2026
R05236,O087175,Damaged,18-05-2026
R05237,O087177,Late Delivery,30-05-2025
R05238,O087195,Size/Fit Issue,03-03-2026
R05239,O087222,Size/Fit Issue,17-04-2025
R05240,O087235,Changed Mind,05-08-2025
R05241,O087248,Wrong Item,19-06-2026
R05242,O087260,Changed Mind,18-10-2025
R05243,O087270,Size/Fit Issue,13-09-2025
R05244,O087281,Damaged,30-06-2026
R05245,O087291,Quality Issue,23-04-2026
R05246,O087324,Changed Mind,28-09-2025
R05247,O087331,Size/Fit Issue,21-03-2025
R05248,O087334,Size/Fit Issue,31-01-2025
R05249,O087339,Size/Fit Issue,02-03-2026
R05250,O087368,Size/Fit Issue,22-06-2026
R05251,O087379,Damaged,06-03-2025
R05252,O087402,Late Delivery,16-03-2026
R05253,O087414,Late Delivery,04-09-2025
R05254,O087432,Late Delivery,12-11-2025
R05255,O087442,Changed Mind,10-06-2026
R05256,O087465,Wrong Item,19-08-2025
R05257,O087473,Quality Issue,24-08-2026
R05258,O087492,Changed Mind,18-07-2026
R05259,O087521,Wrong Item,20-08-2026
R05260,O087535,Quality Issue,09-03-2025
R05261,O087600,Wrong Item,27-03-2026
R05262,O087606,Late Delivery,21-03-2025
R05263,O087621,Damaged,25-04-2025
R05264,O087626,Quality Issue,19-12-2025
R05265,O087654,Wrong Item,03-07-2026
R05266,O087668,Size/Fit Issue,20-08-2025
R05267,O087683,Size/Fit Issue,08-08-2025
R05268,O087694,Damaged,02-03-2025
R05269,O087707,Late Delivery,23-05-2025
R05270,O087747,Size/Fit Issue,28-06-2026
R05271,O087786,Damaged,22-10-2025
R05272,O087788,Quality Issue,17-04-2026
R05273,O087816,Damaged,17-08-2025
R05274,O087820,Size/Fit Issue,29-03-2026
R05275,O087823,Damaged,07-04-2026
R05276,O087895,Quality Issue,25-08-2025
R05277,O087921,Size/Fit Issue,16-06-2026
R05278,O087925,Quality Issue,17-01-2025
R05279,O087934,Wrong Item,20-03-2025
R05280,O087969,Quality Issue,11-01-2025
R05281,O087992,Wrong Item,26-03-2026
R05282,O088012,Changed Mind,14-04-2026
R05283,O088014,Wrong Item,12-11-2025
R05284,O088020,Wrong Item,02-11-2025
R05285,O088025,Wrong Item,03-03-2025
R05286,O088052,Quality Issue,10-06-2025
R05287,O088092,Damaged,30-06-2025
R05288,O088098,Changed Mind,03-05-2025
R05289,O088123,Size/Fit Issue,26-04-2025
R05290,O088151,Wrong Item,26-04-2026
R05291,O088154,Wrong Item,12-01-2025
R05292,O088222,Quality Issue,17-10-2025
R05293,O088249,Wrong Item,05-04-2026
R05294,O088261,Quality Issue,21-06-2025
R05295,O088301,Size/Fit Issue,15-08-2025
R05296,O088306,Quality Issue,27-08-2025
R05297,O088319,Size/Fit Issue,27-08-2026
R05298,O088331,Late Delivery,31-05-2025
R05299,O088342,Changed Mind,14-03-2026
R05300,O088344,Quality Issue,03-06-2026
R05301,O088365,Quality Issue,27-06-2026
R05302,O088411,Wrong Item,25-03-2025
R05303,O088502,Size/Fit Issue,12-11-2025
R05304,O088504,Late Delivery,29-07-2025
R05305,O088522,Damaged,29-11-2025
R05306,O088523,Quality Issue,26-03-2026
R05307,O088530,Wrong Item,21-04-2025
R05308,O088547,Changed Mind,20-11-2025
R05309,O088555,Wrong Item,12-02-2026
R05310,O088561,Wrong Item,27-06-2026
R05311,O088564,Changed Mind,25-01-2025
R05312,O088626,Damaged,14-01-2025
R05313,O088631,Changed Mind,01-11-2025
R05314,O088643,Quality Issue,07-08-2026
R05315,O088644,Quality Issue,04-12-2025
R05316,O088667,Changed Mind,26-05-2025
R05317,O088668,Changed Mind,05-04-2026
R05318,O088675,Size/Fit Issue,25-03-2026
R05319,O088733,Quality Issue,30-05-2025
R05320,O088745,Quality Issue,29-01-2025
R05321,O088756,Size/Fit Issue,03-05-2025
R05322,O088790,Wrong Item,18-04-2026
R05323,O088812,Size/Fit Issue,11-01-2026
R05324,O088830,Quality Issue,26-03-2025
R05325,O088839,Wrong Item,27-07-2026
R05326,O088898,Quality Issue,25-08-2026
R05327,O088904,Wrong Item,10-02-2025
R05328,O088922,Damaged,14-02-2025
R05329,O088982,Late Delivery,04-11-2025
R05330,O088990,Changed Mind,24-02-2026
R05331,O089014,Size/Fit Issue,23-06-2026
R05332,O089032,Wrong Item,13-03-2025
R05333,O089048,Size/Fit Issue,28-10-2025
R05334,O089083,Damaged,05-03-2026
R05335,O089097,Changed Mind,18-07-2026
R05336,O089105,Wrong Item,16-04-2025
R05337,O089112,Wrong Item,27-06-2026
R05338,O089117,Damaged,24-07-2026
R05339,O089119,Size/Fit Issue,13-11-2025
R05340,O089132,Wrong Item,09-02-2025
R05341,O089142,Changed Mind,03-10-2025
R05342,O089150,Wrong Item,03-09-2025
R05343,O089154,Wrong Item,10-11-2025
R05344,O089204,Wrong Item,15-04-2025
R05345,O089231,Late Delivery,15-09-2025
R05346,O089249,Late Delivery,01-04-2025
R05347,O089262,Size/Fit Issue,09-07-2025
R05348,O089274,Quality Issue,07-08-2026
R05349,O089283,Changed Mind,08-01-2026
R05350,O089292,Size/Fit Issue,29-07-2026
R05351,O089308,Size/Fit Issue,01-09-2025
R05352,O089312,Size/Fit Issue,19-07-2025
R05353,O089316,Late Delivery,10-07-2026
R05354,O089344,Late Delivery,02-02-2025
R05355,O089357,Wrong Item,08-09-2025
R05356,O089377,Size/Fit Issue,26-05-2025
R05357,O089380,Damaged,11-07-2026
R05358,O089391,Damaged,15-06-2025
R05359,O089441,Damaged,16-05-2025
R05360,O089466,Late Delivery,07-05-2026
R05361,O089487,Quality Issue,15-04-2026
R05362,O089489,Late Delivery,14-12-2025
R05363,O089518,Wrong Item,05-06-2026
R05364,O089519,Size/Fit Issue,09-09-2026
R05365,O089529,Size/Fit Issue,19-06-2025
R05366,O089560,Size/Fit Issue,28-08-2026
R05367,O089564,Size/Fit Issue,01-03-2026
R05368,O089565,Wrong Item,06-06-2025
R05369,O089577,Size/Fit Issue,12-07-2026
R05370,O089580,Quality Issue,09-01-2026
R05371,O089584,Size/Fit Issue,09-05-2026
R05372,O089609,Wrong Item,02-05-2025
R05373,O089623,Quality Issue,13-08-2026
R05374,O089629,Size/Fit Issue,21-07-2025
R05375,O089635,Quality Issue,31-08-2025
R05376,O089636,Damaged,16-04-2026
R05377,O089664,Quality Issue,08-01-2025
R05378,O089679,Damaged,21-10-2025
R05379,O089759,Damaged,15-07-2025
R05380,O089767,Quality Issue,05-07-2026
R05381,O089790,Late Delivery,17-07-2026
R05382,O089827,Damaged,11-08-2026
R05383,O089836,Damaged,11-08-2026
R05384,O089854,Late Delivery,23-03-2026
R05385,O089898,Wrong Item,01-07-2025
R05386,O089915,Size/Fit Issue,29-01-2025
R05387,O089931,Late Delivery,17-04-2026
R05388,O089943,Size/Fit Issue,16-10-2025
R05389,O089949,Wrong Item,24-12-2025
R05390,O089966,Wrong Item,12-03-2025
R05391,O089973,Size/Fit Issue,05-08-2026
R05392,O090004,Size/Fit Issue,01-04-2026
R05393,O090034,Quality Issue,27-07-2026
R05394,O090041,Wrong Item,10-08-2026
R05395,O090058,Quality Issue,31-01-2025
R05396,O090059,Wrong Item,09-02-2026
R05397,O090073,Quality Issue,05-10-2025
R05398,O090078,Quality Issue,28-02-2026
R05399,O090139,Quality Issue,22-05-2025
R05400,O090155,Quality Issue,12-04-2026
R05401,O090161,Size/Fit Issue,26-09-2025
R05402,O090164,Size/Fit Issue,22-06-2025
R05403,O090180,Wrong Item,09-12-2025
R05404,O090214,Damaged,01-02-2026
R05405,O090226,Quality Issue,09-05-2026
R05406,O090258,Size/Fit Issue,11-04-2026
R05407,O090324,Wrong Item,08-10-2025
R05408,O090325,Wrong Item,15-08-2026
R05409,O090342,Quality Issue,30-03-2026
R05410,O090367,Size/Fit Issue,17-10-2025
R05411,O090373,Damaged,05-12-2025
R05412,O090378,Damaged,10-03-2025
R05413,O090391,Size/Fit Issue,16-07-2025
R05414,O090394,Late Delivery,18-04-2026
R05415,O090407,Size/Fit Issue,11-11-2025
R05416,O090429,Wrong Item,02-03-2025
R05417,O090431,Quality Issue,16-08-2026
R05418,O090479,Changed Mind,16-09-2025
R05419,O090490,Late Delivery,24-09-2025
R05420,O090501,Damaged,15-08-2026
R05421,O090502,Damaged,18-02-2026
R05422,O090534,Changed Mind,03-08-2025
R05423,O090535,Changed Mind,24-03-2026
R05424,O090536,Size/Fit Issue,05-01-2026
R05425,O090547,Damaged,28-01-2025
R05426,O090551,Changed Mind,03-02-2026
R05427,O090558,Late Delivery,15-03-2026
R05428,O090571,Late Delivery,16-08-2025
R05429,O090582,Size/Fit Issue,17-03-2025
R05430,O090594,Size/Fit Issue,26-07-2026
R05431,O090611,Changed Mind,21-01-2026
R05432,O090615,Size/Fit Issue,16-03-2026
R05433,O090628,Quality Issue,18-05-2025
R05434,O090633,Quality Issue,17-05-2025
R05435,O090672,Wrong Item,01-06-2026
R05436,O090675,Changed Mind,17-05-2025
R05437,O090678,Damaged,01-10-2025
R05438,O090685,Size/Fit Issue,10-05-2025
R05439,O090757,Size/Fit Issue,15-06-2025
R05440,O090769,Damaged,05-04-2025
R05441,O090771,Size/Fit Issue,20-07-2026
R05442,O090783,Quality Issue,29-05-2025
R05443,O090792,Size/Fit Issue,10-04-2025
R05444,O090795,Size/Fit Issue,28-04-2025
R05445,O090797,Damaged,28-08-2026
R05446,O090806,Late Delivery,01-02-2025
R05447,O090814,Quality Issue,08-03-2025
R05448,O090841,Size/Fit Issue,23-02-2025
R05449,O090850,Quality Issue,06-02-2026
R05450,O090863,Size/Fit Issue,16-08-2025
R05451,O090870,Size/Fit Issue,20-12-2025
R05452,O090882,Damaged,12-02-2025
R05453,O090888,Damaged,27-04-2026
R05454,O090901,Quality Issue,08-08-2026
R05455,O090918,Quality Issue,22-02-2025
R05456,O090958,Size/Fit Issue,12-03-2025
R05457,O090960,Damaged,21-02-2025
R05458,O090963,Damaged,06-04-2026
R05459,O091016,Changed Mind,23-08-2025
R05460,O091028,Changed Mind,04-03-2026
R05461,O091039,Damaged,24-03-2026
R05462,O091048,Size/Fit Issue,10-03-2026
R05463,O091050,Late Delivery,02-03-2026
R05464,O091067,Changed Mind,18-12-2025
R05465,O091068,Wrong Item,29-05-2026
R05466,O091077,Size/Fit Issue,16-06-2025
R05467,O091086,Changed Mind,14-02-2026
R05468,O091087,Quality Issue,29-06-2026
R05469,O091093,Wrong Item,13-08-2026
R05470,O091139,Late Delivery,27-12-2025
R05471,O091171,Late Delivery,26-06-2025
R05472,O091202,Quality Issue,18-08-2025
R05473,O091207,Wrong Item,11-01-2026
R05474,O091223,Late Delivery,25-12-2025
R05475,O091226,Wrong Item,16-07-2026
R05476,O091229,Damaged,12-04-2025
R05477,O091238,Size/Fit Issue,20-06-2026
R05478,O091264,Damaged,16-02-2025
R05479,O091268,Changed Mind,26-06-2026
R05480,O091271,Wrong Item,17-08-2025
R05481,O091292,Damaged,12-05-2026
R05482,O091320,Size/Fit Issue,23-04-2025
R05483,O091364,Size/Fit Issue,27-03-2026
R05484,O091375,Late Delivery,06-01-2025
R05485,O091376,Damaged,22-02-2025
R05486,O091434,Size/Fit Issue,06-08-2025
R05487,O091439,Late Delivery,09-09-2026
R05488,O091443,Size/Fit Issue,27-08-2026
R05489,O091450,Quality Issue,31-07-2025
R05490,O091474,Damaged,19-03-2026
R05491,O091488,Size/Fit Issue,20-02-2026
R05492,O091500,Size/Fit Issue,30-05-2025
R05493,O091501,Quality Issue,21-10-2025
R05494,O091508,Damaged,30-04-2026
R05495,O091525,Damaged,24-02-2026
R05496,O091566,Quality Issue,10-04-2025
R05497,O091579,Changed Mind,27-07-2026
R05498,O091580,Size/Fit Issue,06-05-2026
R05499,O091591,Late Delivery,15-07-2026
R05500,O091598,Late Delivery,08-02-2026
R05501,O091612,Quality Issue,30-11-2025
R05502,O091632,Quality Issue,16-01-2025
R05503,O091648,Size/Fit Issue,31-07-2026
R05504,O091684,Changed Mind,24-01-2026
R05505,O091708,Damaged,01-10-2025
R05506,O091709,Changed Mind,01-01-2026
R05507,O091710,Size/Fit Issue,10-03-2025
R05508,O091737,Wrong Item,27-02-2025
R05509,O091738,Changed Mind,04-04-2026
R05510,O091741,Wrong Item,02-03-2025
R05511,O091752,Damaged,23-10-2025
R05512,O091759,Damaged,04-05-2025
R05513,O091763,Size/Fit Issue,12-03-2025
R05514,O091852,Changed Mind,17-05-2026
R05515,O091859,Wrong Item,11-12-2025
R05516,O091894,Changed Mind,07-01-2026
R05517,O091921,Changed Mind,10-12-2025
R05518,O091930,Quality Issue,18-01-2025
R05519,O091933,Late Delivery,19-08-2025
R05520,O091945,Quality Issue,26-09-2025
R05521,O091961,Damaged,05-08-2026
R05522,O091972,Wrong Item,16-06-2026
R05523,O091989,Damaged,14-04-2025
R05524,O092001,Quality Issue,26-09-2025
R05525,O092022,Quality Issue,08-05-2026
R05526,O092024,Quality Issue,16-06-2025
R05527,O092029,Size/Fit Issue,06-12-2025
R05528,O092034,Quality Issue,28-04-2026
R05529,O092038,Size/Fit Issue,16-07-2025
R05530,O092041,Size/Fit Issue,26-02-2026
R05531,O092063,Size/Fit Issue,10-03-2026
R05532,O092083,Quality Issue,29-05-2026
R05533,O092105,Wrong Item,17-05-2025
R05534,O092129,Damaged,05-10-2025
R05535,O092174,Wrong Item,03-07-2026
R05536,O092195,Size/Fit Issue,24-06-2025
R05537,O092226,Wrong Item,07-05-2025
R05538,O092242,Quality Issue,20-08-2026
R05539,O092244,Quality Issue,02-09-2026
R05540,O092252,Late Delivery,14-01-2026
R05541,O092258,Damaged,21-05-2026
R05542,O092262,Size/Fit Issue,21-06-2025
R05543,O092267,Size/Fit Issue,01-04-2026
R05544,O092270,Changed Mind,19-09-2025
R05545,O092287,Wrong Item,01-09-2025
R05546,O092304,Size/Fit Issue,16-09-2025
R05547,O092354,Size/Fit Issue,01-08-2026
R05548,O092358,Quality Issue,07-10-2025
R05549,O092361,Size/Fit Issue,04-05-2026
R05550,O092385,Quality Issue,21-12-2025
R05551,O092387,Changed Mind,10-11-2025
R05552,O092394,Damaged,07-03-2026
R05553,O092407,Wrong Item,18-08-2025
R05554,O092424,Damaged,20-06-2026
R05555,O092441,Late Delivery,28-04-2026
R05556,O092459,Wrong Item,06-11-2025
R05557,O092461,Quality Issue,17-09-2025
R05558,O092487,Damaged,03-02-2025
R05559,O092489,Changed Mind,21-02-2026
R05560,O092498,Changed Mind,22-08-2026
R05561,O092502,Wrong Item,25-09-2025
R05562,O092558,Damaged,16-11-2025
R05563,O092562,Damaged,24-10-2025
R05564,O092565,Damaged,10-01-2026
R05565,O092641,Size/Fit Issue,09-07-2026
R05566,O092647,Changed Mind,24-02-2026
R05567,O092671,Wrong Item,26-03-2025
R05568,O092680,Damaged,23-08-2025
R05569,O092698,Late Delivery,24-04-2025
R05570,O092711,Changed Mind,14-07-2026
R05571,O092722,Size/Fit Issue,13-12-2025
R05572,O092737,Size/Fit Issue,19-01-2025
R05573,O092774,Late Delivery,24-02-2026
R05574,O092797,Wrong Item,05-07-2026
R05575,O092819,Size/Fit Issue,31-01-2025
R05576,O092821,Changed Mind,19-02-2025
R05577,O092826,Size/Fit Issue,10-06-2025
R05578,O092831,Damaged,02-09-2026
R05579,O092840,Size/Fit Issue,05-05-2025
R05580,O092909,Size/Fit Issue,04-07-2025
R05581,O092926,Late Delivery,15-03-2026
R05582,O092943,Wrong Item,20-06-2025
R05583,O092945,Size/Fit Issue,21-09-2025
R05584,O092949,Size/Fit Issue,28-05-2025
R05585,O092952,Size/Fit Issue,03-03-2026
R05586,O092964,Changed Mind,14-01-2026
R05587,O092971,Changed Mind,03-10-2025
R05588,O092980,Late Delivery,06-07-2026
R05589,O092997,Size/Fit Issue,17-02-2026
R05590,O093003,Size/Fit Issue,20-10-2025
R05591,O093010,Changed Mind,16-06-2026
R05592,O093017,Size/Fit Issue,18-04-2025
R05593,O093025,Wrong Item,12-10-2025
R05594,O093035,Damaged,08-03-2026
R05595,O093046,Size/Fit Issue,15-09-2025
R05596,O093063,Size/Fit Issue,25-12-2025
R05597,O093065,Size/Fit Issue,20-02-2026
R05598,O093082,Damaged,10-10-2025
R05599,O093090,Damaged,24-07-2026
R05600,O093093,Quality Issue,01-03-2025
R05601,O093098,Late Delivery,10-09-2025
R05602,O093118,Size/Fit Issue,20-03-2025
R05603,O093132,Size/Fit Issue,14-06-2025
R05604,O093150,Quality Issue,07-03-2026
R05605,O093159,Damaged,27-04-2026
R05606,O093163,Damaged,14-09-2025
R05607,O093192,Changed Mind,14-03-2026
R05608,O093198,Late Delivery,13-12-2025
R05609,O093204,Damaged,11-06-2025
R05610,O093259,Changed Mind,18-06-2026
R05611,O093273,Size/Fit Issue,21-07-2025
R05612,O093279,Size/Fit Issue,28-06-2025
R05613,O093289,Damaged,14-06-2025
R05614,O093302,Quality Issue,05-03-2026
R05615,O093306,Damaged,16-08-2025
R05616,O093324,Quality Issue,08-03-2025
R05617,O093325,Wrong Item,20-10-2025
R05618,O093342,Damaged,26-12-2025
R05619,O093348,Damaged,25-01-2026
R05620,O093355,Quality Issue,07-07-2025
R05621,O093365,Quality Issue,24-08-2025
R05622,O093381,Size/Fit Issue,02-04-2025
R05623,O093411,Damaged,05-12-2025
R05624,O093415,Damaged,06-08-2025
R05625,O093431,Size/Fit Issue,21-05-2026
R05626,O093468,Damaged,29-08-2026
R05627,O093470,Quality Issue,15-04-2026
R05628,O093480,Changed Mind,28-07-2026
R05629,O093514,Damaged,11-05-2025
R05630,O093558,Late Delivery,20-01-2025
R05631,O093561,Wrong Item,27-05-2025
R05632,O093585,Quality Issue,09-06-2026
R05633,O093591,Changed Mind,13-02-2026
R05634,O093594,Damaged,09-05-2025
R05635,O093611,Size/Fit Issue,26-08-2025
R05636,O093618,Late Delivery,30-07-2025
R05637,O093623,Quality Issue,25-10-2025
R05638,O093624,Damaged,07-07-2026
R05639,O093641,Size/Fit Issue,21-03-2025
R05640,O093643,Quality Issue,19-05-2025
R05641,O093645,Wrong Item,26-05-2026
R05642,O093703,Changed Mind,25-03-2025
R05643,O093748,Size/Fit Issue,28-06-2026
R05644,O093781,Late Delivery,18-04-2026
R05645,O093809,Size/Fit Issue,04-03-2025
R05646,O093812,Quality Issue,21-05-2026
R05647,O093833,Changed Mind,14-10-2025
R05648,O093836,Changed Mind,09-02-2025
R05649,O093852,Size/Fit Issue,09-06-2025
R05650,O093853,Damaged,26-06-2026
R05651,O093861,Size/Fit Issue,03-05-2026
R05652,O093863,Size/Fit Issue,30-08-2025
R05653,O093920,Changed Mind,30-07-2025
R05654,O093936,Wrong Item,31-12-2025
R05655,O093942,Wrong Item,22-01-2025
R05656,O093954,Late Delivery,14-03-2025
R05657,O093966,Wrong Item,05-10-2025
R05658,O094024,Damaged,06-10-2025
R05659,O094085,Changed Mind,03-04-2025
R05660,O094152,Quality Issue,17-02-2025
R05661,O094165,Quality Issue,06-06-2026
R05662,O094223,Changed Mind,23-01-2025
R05663,O094239,Damaged,05-05-2025
R05664,O094283,Quality Issue,03-04-2025
R05665,O094315,Size/Fit Issue,15-01-2025
R05666,O094337,Damaged,20-04-2026
R05667,O094341,Quality Issue,20-08-2026
R05668,O094363,Damaged,01-08-2026
R05669,O094367,Quality Issue,12-08-2025
R05670,O094390,Wrong Item,12-08-2026
R05671,O094412,Late Delivery,05-10-2025
R05672,O094448,Damaged,03-05-2025
R05673,O094457,Size/Fit Issue,03-08-2026
R05674,O094480,Late Delivery,27-03-2025
R05675,O094497,Changed Mind,09-04-2026
R05676,O094516,Changed Mind,25-08-2025
R05677,O094578,Late Delivery,19-05-2026
R05678,O094627,Late Delivery,17-12-2025
R05679,O094628,Quality Issue,03-03-2025
R05680,O094656,Late Delivery,19-03-2025
R05681,O094676,Quality Issue,13-04-2026
R05682,O094688,Quality Issue,15-12-2025
R05683,O094697,Late Delivery,12-02-2026
R05684,O094703,Size/Fit Issue,08-07-2025
R05685,O094707,Damaged,24-07-2026
R05686,O094726,Size/Fit Issue,22-06-2025
R05687,O094746,Size/Fit Issue,27-02-2026
R05688,O094773,Wrong Item,15-06-2025
R05689,O094781,Late Delivery,22-03-2025
R05690,O094827,Wrong Item,05-05-2026
R05691,O094833,Size/Fit Issue,14-03-2026
R05692,O094838,Size/Fit Issue,18-07-2025
R05693,O094857,Wrong Item,24-04-2026
R05694,O094866,Changed Mind,09-04-2025
R05695,O094875,Late Delivery,02-04-2026
R05696,O094896,Size/Fit Issue,19-03-2026
R05697,O094915,Wrong Item,04-11-2025
R05698,O094934,Quality Issue,05-09-2026
R05699,O094941,Wrong Item,11-05-2025
R05700,O094951,Size/Fit Issue,22-07-2025
R05701,O095016,Wrong Item,23-05-2025
R05702,O095055,Late Delivery,30-03-2026
R05703,O095073,Changed Mind,17-04-2026
R05704,O095084,Damaged,01-02-2026
R05705,O095086,Size/Fit Issue,20-12-2025
R05706,O095121,Damaged,02-03-2025
R05707,O095168,Quality Issue,15-06-2026
R05708,O095173,Wrong Item,10-08-2026
R05709,O095174,Late Delivery,29-01-2025
R05710,O095196,Wrong Item,14-09-2025
R05711,O095220,Wrong Item,09-05-2026
R05712,O095234,Late Delivery,17-03-2025
R05713,O095240,Quality Issue,14-03-2025
R05714,O095250,Quality Issue,03-07-2026
R05715,O095257,Damaged,30-01-2026
R05716,O095260,Size/Fit Issue,03-03-2026
R05717,O095278,Damaged,16-12-2025
R05718,O095343,Quality Issue,20-03-2026
R05719,O095350,Quality Issue,10-03-2025
R05720,O095354,Quality Issue,18-09-2025
R05721,O095359,Changed Mind,21-11-2025
R05722,O095369,Quality Issue,03-09-2026
R05723,O095373,Wrong Item,19-04-2026
R05724,O095397,Damaged,03-09-2026
R05725,O095399,Quality Issue,25-05-2026
R05726,O095406,Size/Fit Issue,07-05-2026
R05727,O095407,Size/Fit Issue,08-12-2025
R05728,O095417,Late Delivery,14-07-2026
R05729,O095443,Quality Issue,26-06-2026
R05730,O095495,Changed Mind,23-09-2025
R05731,O095530,Size/Fit Issue,08-03-2025
R05732,O095630,Late Delivery,03-01-2026
R05733,O095644,Quality Issue,27-05-2025
R05734,O095654,Quality Issue,29-06-2025
R05735,O095675,Damaged,09-03-2026
R05736,O095676,Quality Issue,03-02-2026
R05737,O095694,Damaged,30-01-2025
R05738,O095698,Late Delivery,11-11-2025
R05739,O095716,Quality Issue,06-05-2026
R05740,O095732,Changed Mind,13-10-2025
R05741,O095734,Late Delivery,15-05-2025
R05742,O095760,Changed Mind,30-06-2025
R05743,O095794,Quality Issue,01-07-2026
R05744,O095863,Size/Fit Issue,17-08-2026
R05745,O095903,Size/Fit Issue,19-05-2026
R05746,O095953,Changed Mind,11-02-2025
R05747,O095983,Size/Fit Issue,27-11-2025
R05748,O095995,Changed Mind,20-08-2025
R05749,O096074,Wrong Item,17-05-2026
R05750,O096084,Size/Fit Issue,28-06-2026
R05751,O096094,Wrong Item,27-04-2025
R05752,O096105,Quality Issue,10-06-2025
R05753,O096121,Size/Fit Issue,01-11-2025
R05754,O096123,Wrong Item,06-01-2026
R05755,O096142,Size/Fit Issue,01-04-2026
R05756,O096155,Size/Fit Issue,17-05-2026
R05757,O096169,Size/Fit Issue,06-03-2026
R05758,O096188,Quality Issue,29-10-2025
R05759,O096195,Changed Mind,20-07-2025
R05760,O096221,Size/Fit Issue,23-05-2026
R05761,O096222,Size/Fit Issue,03-12-2025
R05762,O096237,Damaged,14-09-2025
R05763,O096253,Late Delivery,31-10-2025
R05764,O096282,Wrong Item,27-04-2025
R05765,O096319,Quality Issue,28-05-2026
R05766,O096340,Quality Issue,28-03-2026
R05767,O096343,Changed Mind,10-03-2026
R05768,O096352,Damaged,20-11-2025
R05769,O096383,Damaged,21-02-2025
R05770,O096387,Size/Fit Issue,23-02-2026
R05771,O096398,Damaged,21-07-2025
R05772,O096401,Changed Mind,12-05-2026
R05773,O096411,Damaged,16-02-2026
R05774,O096412,Quality Issue,18-02-2026
R05775,O096416,Size/Fit Issue,28-04-2026
R05776,O096419,Quality Issue,25-03-2025
R05777,O096426,Quality Issue,28-05-2026
R05778,O096438,Quality Issue,16-10-2025
R05779,O096468,Changed Mind,17-04-2025
R05780,O096482,Damaged,27-04-2026
R05781,O096562,Late Delivery,04-09-2026
R05782,O096590,Wrong Item,23-08-2025
R05783,O096601,Wrong Item,06-08-2026
R05784,O096610,Late Delivery,17-02-2025
R05785,O096624,Wrong Item,12-04-2026
R05786,O096645,Damaged,20-07-2025
R05787,O096670,Late Delivery,13-01-2026
R05788,O096675,Size/Fit Issue,05-11-2025
R05789,O096685,Damaged,04-10-2025
R05790,O096689,Late Delivery,03-03-2025
R05791,O096707,Late Delivery,22-08-2026
R05792,O096754,Damaged,23-04-2026
R05793,O096782,Quality Issue,08-04-2026
R05794,O096784,Quality Issue,11-10-2025
R05795,O096798,Late Delivery,02-03-2025
R05796,O096832,Damaged,20-07-2026
R05797,O096837,Damaged,22-03-2025
R05798,O096839,Quality Issue,29-06-2026
R05799,O096911,Changed Mind,02-01-2026
R05800,O096916,Size/Fit Issue,08-11-2025
R05801,O096936,Damaged,03-08-2025
R05802,O096941,Wrong Item,11-10-2025
R05803,O096969,Late Delivery,07-12-2025
R05804,O096992,Changed Mind,06-01-2025
R05805,O097008,Quality Issue,17-08-2026
R05806,O097010,Size/Fit Issue,20-01-2025
R05807,O097019,Size/Fit Issue,22-08-2025
R05808,O097023,Wrong Item,12-08-2025
R05809,O097043,Size/Fit Issue,19-04-2025
R05810,O097069,Late Delivery,28-01-2025
R05811,O097075,Damaged,27-05-2026
R05812,O097091,Late Delivery,29-01-2026
R05813,O097101,Damaged,03-07-2025
R05814,O097125,Late Delivery,26-04-2026
R05815,O097140,Size/Fit Issue,28-09-2025
R05816,O097161,Changed Mind,05-09-2025
R05817,O097192,Wrong Item,29-11-2025
R05818,O097239,Size/Fit Issue,22-03-2025
R05819,O097249,Late Delivery,28-01-2026
R05820,O097269,Quality Issue,22-02-2026
R05821,O097273,Quality Issue,04-03-2025
R05822,O097313,Damaged,14-05-2025
R05823,O097321,Quality Issue,05-05-2026
R05824,O097335,Size/Fit Issue,15-04-2025
R05825,O097339,Quality Issue,21-07-2026
R05826,O097370,Quality Issue,24-02-2025
R05827,O097379,Quality Issue,19-04-2026
R05828,O097399,Quality Issue,17-11-2025
R05829,O097405,Late Delivery,22-09-2025
R05830,O097408,Damaged,21-07-2026
R05831,O097436,Wrong Item,26-07-2025
R05832,O097446,Quality Issue,10-02-2026
R05833,O097461,Size/Fit Issue,23-03-2026
R05834,O097482,Size/Fit Issue,04-04-2025
R05835,O097485,Changed Mind,31-08-2026
R05836,O097486,Quality Issue,16-11-2025
R05837,O097494,Quality Issue,01-07-2026
R05838,O097526,Late Delivery,22-12-2025
R05839,O097532,Quality Issue,26-08-2026
R05840,O097538,Quality Issue,26-10-2025
R05841,O097546,Wrong Item,03-03-2026
R05842,O097552,Changed Mind,18-02-2025
R05843,O097579,Late Delivery,11-03-2025
R05844,O097584,Wrong Item,15-06-2025
R05845,O097588,Size/Fit Issue,06-05-2026
R05846,O097600,Size/Fit Issue,23-01-2026
R05847,O097605,Size/Fit Issue,05-10-2025
R05848,O097616,Quality Issue,28-12-2025
R05849,O097651,Wrong Item,16-05-2025
R05850,O097671,Size/Fit Issue,21-03-2025
R05851,O097673,Quality Issue,23-04-2026
R05852,O097678,Wrong Item,07-04-2025
R05853,O097707,Size/Fit Issue,25-09-2025
R05854,O097715,Changed Mind,03-09-2025
R05855,O097753,Wrong Item,03-11-2025
R05856,O097780,Size/Fit Issue,26-12-2025
R05857,O097785,Damaged,02-02-2025
R05858,O097818,Wrong Item,24-08-2025
R05859,O097849,Damaged,06-11-2025
R05860,O097859,Late Delivery,29-10-2025
R05861,O097875,Size/Fit Issue,02-12-2025
R05862,O097894,Changed Mind,04-05-2026
R05863,O097918,Damaged,14-08-2026
R05864,O097931,Damaged,07-09-2026
R05865,O097945,Damaged,23-12-2025
R05866,O097947,Late Delivery,05-03-2026
R05867,O097961,Wrong Item,04-01-2026
R05868,O097967,Wrong Item,14-10-2025
R05869,O098001,Quality Issue,18-03-2026
R05870,O098020,Late Delivery,02-02-2026
R05871,O098039,Damaged,30-08-2026
R05872,O098077,Quality Issue,02-03-2025
R05873,O098094,Quality Issue,27-02-2026
R05874,O098101,Changed Mind,06-09-2026
R05875,O098107,Late Delivery,01-12-2025
R05876,O098115,Late Delivery,20-05-2025
R05877,O098121,Late Delivery,15-10-2025
R05878,O098144,Changed Mind,28-05-2026
R05879,O098154,Size/Fit Issue,25-08-2025
R05880,O098188,Quality Issue,19-06-2025
R05881,O098206,Quality Issue,16-03-2026
R05882,O098213,Changed Mind,12-02-2025
R05883,O098224,Wrong Item,31-07-2025
R05884,O098243,Damaged,25-12-2025
R05885,O098254,Late Delivery,10-06-2025
R05886,O098263,Changed Mind,03-06-2025
R05887,O098280,Size/Fit Issue,19-06-2026
R05888,O098287,Quality Issue,10-06-2025
R05889,O098292,Late Delivery,25-01-2026
R05890,O098317,Quality Issue,25-06-2025
R05891,O098343,Size/Fit Issue,29-10-2025
R05892,O098344,Damaged,09-08-2026
R05893,O098367,Damaged,24-05-2025
R05894,O098389,Size/Fit Issue,16-07-2025
R05895,O098403,Quality Issue,06-04-2025
R05896,O098404,Size/Fit Issue,20-02-2025
R05897,O098412,Quality Issue,06-06-2026
R05898,O098434,Size/Fit Issue,04-10-2025
R05899,O098446,Quality Issue,23-03-2026
R05900,O098487,Changed Mind,29-07-2025
R05901,O098494,Wrong Item,26-03-2026
R05902,O098504,Quality Issue,25-06-2025
R05903,O098508,Late Delivery,05-12-2025
R05904,O098553,Size/Fit Issue,07-06-2026
R05905,O098585,Wrong Item,30-04-2026
R05906,O098595,Quality Issue,01-03-2026
R05907,O098690,Wrong Item,01-02-2025
R05908,O098698,Damaged,21-05-2025
R05909,O098708,Size/Fit Issue,25-10-2025
R05910,O098741,Size/Fit Issue,17-12-2025
R05911,O098754,Quality Issue,16-06-2025
R05912,O098769,Damaged,12-02-2025
R05913,O098779,Size/Fit Issue,19-04-2026
R05914,O098789,Changed Mind,29-07-2026
R05915,O098811,Size/Fit Issue,31-01-2025
R05916,O098826,Changed Mind,13-11-2025
R05917,O098850,Quality Issue,16-03-2025
R05918,O098863,Quality Issue,03-01-2026
R05919,O098876,Wrong Item,16-05-2026
R05920,O098880,Quality Issue,09-07-2026
R05921,O098899,Damaged,21-07-2025
R05922,O098901,Changed Mind,02-04-2026
R05923,O098905,Damaged,25-01-2025
R05924,O098908,Late Delivery,19-08-2026
R05925,O098922,Size/Fit Issue,22-05-2025
R05926,O098940,Size/Fit Issue,29-05-2025
R05927,O098948,Damaged,30-03-2026
R05928,O098980,Quality Issue,09-04-2026
R05929,O098981,Wrong Item,12-08-2026
R05930,O098996,Wrong Item,05-07-2025
R05931,O099002,Quality Issue,10-01-2025
R05932,O099028,Damaged,03-01-2026
R05933,O099053,Size/Fit Issue,27-12-2025
R05934,O099057,Quality Issue,19-01-2026
R05935,O099065,Size/Fit Issue,23-08-2025
R05936,O099079,Size/Fit Issue,07-06-2026
R05937,O099082,Damaged,08-04-2025
R05938,O099086,Size/Fit Issue,23-07-2026
R05939,O099095,Changed Mind,07-01-2026
R05940,O099096,Wrong Item,22-04-2026
R05941,O099107,Quality Issue,27-07-2025
R05942,O099108,Size/Fit Issue,03-07-2025
R05943,O099137,Size/Fit Issue,28-07-2026
R05944,O099140,Changed Mind,08-02-2026
R05945,O099144,Damaged,07-05-2025
R05946,O099173,Quality Issue,25-04-2025
R05947,O099189,Size/Fit Issue,14-09-2025
R05948,O099200,Changed Mind,30-12-2025
R05949,O099233,Quality Issue,14-04-2025
R05950,O099242,Changed Mind,06-06-2026
R05951,O099253,Size/Fit Issue,13-10-2025
R05952,O099255,Damaged,30-03-2025
R05953,O099257,Quality Issue,20-02-2026
R05954,O099261,Size/Fit Issue,13-12-2025
R05955,O099291,Damaged,23-08-2025
R05956,O099319,Wrong Item,31-01-2025
R05957,O099327,Size/Fit Issue,03-05-2026
R05958,O099385,Size/Fit Issue,13-01-2026
R05959,O099403,Changed Mind,24-08-2025
R05960,O099404,Quality Issue,13-01-2026
R05961,O099427,Size/Fit Issue,02-06-2025
R05962,O099435,Damaged,18-07-2026
R05963,O099440,Size/Fit Issue,07-03-2026
R05964,O099469,Damaged,31-10-2025
R05965,O099476,Size/Fit Issue,16-01-2025
R05966,O099480,Damaged,17-02-2025
R05967,O099481,Damaged,06-03-2026
R05968,O099526,Late Delivery,19-11-2025
R05969,O099574,Changed Mind,11-07-2026
R05970,O099578,Size/Fit Issue,15-10-2025
R05971,O099585,Size/Fit Issue,08-01-2026
R05972,O099595,Late Delivery,11-04-2026
R05973,O099596,Wrong Item,20-04-2026
R05974,O099600,Quality Issue,13-06-2026
R05975,O099622,Quality Issue,19-04-2026
R05976,O099669,Damaged,15-11-2025
R05977,O099705,Late Delivery,11-10-2025
R05978,O099708,Wrong Item,16-12-2025
R05979,O099747,Late Delivery,02-06-2026
R05980,O099768,Size/Fit Issue,10-04-2025
R05981,O099795,Late Delivery,08-02-2026
R05982,O099800,Damaged,18-07-2025
R05983,O099820,Size/Fit Issue,07-01-2026
R05984,O099821,Late Delivery,11-06-2026
R05985,O099903,Size/Fit Issue,16-02-2026
R05986,O099912,Damaged,02-03-2025
R05987,O099915,Late Delivery,17-07-2026
R05988,O099953,Size/Fit Issue,24-02-2025
R05989,O099966,Size/Fit Issue,15-10-2025
R05990,O099995,Changed Mind,23-03-2025
